{
"type": "FeatureCollection",
"name": "Unconsolidated_Aquifer_Systems_IDNR_Morgan_Full",
"crs": { "type": "name", "properties": { "name": "urn:ogc:def:crs:OGC:1.3:CRS84" } },
"features": [
{ "type": "Feature", "properties": { "fid_1": 79, "aq_system": "Outwash Subsystem", "aq_type": "outwash sand and gravel or valley-train sand and gravel", "aq_thk_ft": "generally less than 20", "yield_gpm": "generally 20 domestic; commonly 300 to large-diameter high-capacity wells", "more_info": "http://www.in.gov/dnr/water/4302.htm", "shape_Leng": 17814.520105, "Shape_Le_1": 9940.0468436400006, "Shape_Area": 1896030.8078600001 }, "geometry": { "type": "Polygon", "coordinates": [ [ [ -86.251517376888657, 39.365455974920991 ], [ -86.251932951685802, 39.36545923374247 ], [ -86.252637631312822, 39.365464761761928 ], [ -86.254718687844388, 39.365690881177365 ], [ -86.255750576152806, 39.365557423026033 ], [ -86.257314267325285, 39.365509849699059 ], [ -86.261197442626468, 39.364603452296464 ], [ -86.263345841495081, 39.363556398434412 ], [ -86.26575002742463, 39.361898982992813 ], [ -86.268568511293381, 39.360972341967589 ], [ -86.270543449054117, 39.360528404467416 ], [ -86.271931700437079, 39.360304236667531 ], [ -86.273112755730367, 39.360431042444283 ], [ -86.274886881205248, 39.360342234507669 ], [ -86.275876860104191, 39.360182888345165 ], [ -86.277224670929343, 39.359721565945726 ], [ -86.27855530389283, 39.35957257584483 ], [ -86.280404621018121, 39.359694026059458 ], [ -86.282763253307749, 39.359990294154265 ], [ -86.283994895471253, 39.35998499147081 ], [ -86.28612902614185, 39.360472592071879 ], [ -86.28796766324318, 39.360481353161589 ], [ -86.290720164142783, 39.359896426213055 ], [ -86.292757933577462, 39.359195712598343 ], [ -86.293612422158347, 39.358761592877549 ], [ -86.293726858447471, 39.358964850797769 ], [ -86.293419688587761, 39.35939325803767 ], [ -86.292548922530543, 39.359976707451764 ], [ -86.291939342039072, 39.360556622539981 ], [ -86.291669679186455, 39.360959022256971 ], [ -86.291353661819201, 39.361893267177287 ], [ -86.291361901489722, 39.362393223317888 ], [ -86.291453342580368, 39.362705106469889 ], [ -86.292301022852058, 39.363884021728715 ], [ -86.292943398893385, 39.36443593843255 ], [ -86.296010187731738, 39.365816146277595 ], [ -86.297298376154245, 39.366654630804618 ], [ -86.296987883515612, 39.366694905494668 ], [ -86.295693505862332, 39.366329225910732 ], [ -86.294655763778081, 39.366123644646578 ], [ -86.29309203791756, 39.366015519049832 ], [ -86.2920777393431, 39.36609704294235 ], [ -86.288130148710607, 39.366630463632831 ], [ -86.285408395684868, 39.366765701377361 ], [ -86.283073063972736, 39.366789121558504 ], [ -86.281747829274849, 39.366719247231963 ], [ -86.281154401965026, 39.366489740057268 ], [ -86.27892240489372, 39.364885362126195 ], [ -86.278101060651764, 39.364480826799053 ], [ -86.275327890147167, 39.363598210327787 ], [ -86.274317362938149, 39.363561073260769 ], [ -86.272210548544251, 39.363874845974692 ], [ -86.270289867104097, 39.36448198380576 ], [ -86.268539383394128, 39.364763110192271 ], [ -86.266432227914805, 39.365300770596797 ], [ -86.264677485999201, 39.366139826596616 ], [ -86.264500703046608, 39.366224356444235 ], [ -86.262669996050164, 39.367112477375819 ], [ -86.261532287487029, 39.36770506798365 ], [ -86.260701720293696, 39.367956854229547 ], [ -86.259924530314535, 39.368380346412685 ], [ -86.258594966229722, 39.368843159084996 ], [ -86.257174879467712, 39.370033707316992 ], [ -86.256619095850837, 39.370394323750851 ], [ -86.255203905670527, 39.370598938121532 ], [ -86.25351721621719, 39.370842783246005 ], [ -86.251543987180582, 39.371047978007482 ], [ -86.251517391277318, 39.365459085485895 ], [ -86.251517376888657, 39.365455974920991 ] ] ] } },
{ "type": "Feature", "properties": { "fid_1": 85, "aq_system": "Outwash Subsystem", "aq_type": "outwash sand and gravel or valley-train sand and gravel", "aq_thk_ft": "generally less than 20", "yield_gpm": "generally 20 domestic; commonly 300 to large-diameter high-capacity wells", "more_info": "http://www.in.gov/dnr/water/4302.htm", "shape_Leng": 53962.811096600002, "Shape_Le_1": 53962.811096600002, "Shape_Area": 16157246.385500001 }, "geometry": { "type": "Polygon", "coordinates": [ [ [ -86.306870876336006, 39.468931572700299 ], [ -86.305757549572178, 39.469118042709084 ], [ -86.302040530956134, 39.469526755781132 ], [ -86.300808616771135, 39.46980195606038 ], [ -86.296505663128073, 39.470148782194144 ], [ -86.295083241882168, 39.470524316408749 ], [ -86.293091169004754, 39.471210961277677 ], [ -86.291379163345454, 39.471773702315751 ], [ -86.289070328657658, 39.472318858531708 ], [ -86.282005765032679, 39.473632804868096 ], [ -86.275902984636588, 39.474096868708727 ], [ -86.273157569628836, 39.474388618110595 ], [ -86.268972127070711, 39.474223787421153 ], [ -86.267022392165543, 39.474369960423772 ], [ -86.264434106648608, 39.474997987399988 ], [ -86.263024994772735, 39.475447183986866 ], [ -86.262282747726744, 39.475577884110599 ], [ -86.261423164150827, 39.475515212860408 ], [ -86.25956528047746, 39.474969092630154 ], [ -86.259305661920479, 39.474759057572122 ], [ -86.258851942592429, 39.474075030565579 ], [ -86.258889002574662, 39.473563100508528 ], [ -86.25991375090733, 39.472930601278314 ], [ -86.260654947876262, 39.472575694532395 ], [ -86.262310042244806, 39.472253722868466 ], [ -86.265393035994578, 39.47206649085517 ], [ -86.271281766317813, 39.472029773749178 ], [ -86.27192045807378, 39.471880814279842 ], [ -86.273204826590771, 39.471324545570376 ], [ -86.275350062075645, 39.470881802123401 ], [ -86.276767381135528, 39.470813626543624 ], [ -86.2785114668239, 39.470519197029354 ], [ -86.282132437122044, 39.470295650870113 ], [ -86.283460571570544, 39.470339943627479 ], [ -86.284166978105588, 39.470172759720015 ], [ -86.287051197123716, 39.469807899274819 ], [ -86.288580997635506, 39.469366804894712 ], [ -86.289116576986572, 39.469134345845767 ], [ -86.290894442257851, 39.468687031304739 ], [ -86.296235560903796, 39.466837520638258 ], [ -86.298009271924982, 39.466447974978905 ], [ -86.300472727236226, 39.466042847307058 ], [ -86.305771876833589, 39.465446857960707 ], [ -86.308621056685055, 39.464627697339004 ], [ -86.311271048990534, 39.463996324016421 ], [ -86.313347379615337, 39.463007641651906 ], [ -86.314985548096061, 39.461621627120088 ], [ -86.316228250502434, 39.460134285736565 ], [ -86.31643890505174, 39.460284768936276 ], [ -86.316840164521892, 39.461289591024311 ], [ -86.317623809445763, 39.462387544111962 ], [ -86.318056276329386, 39.463764974609447 ], [ -86.318008922910792, 39.464102573147564 ], [ -86.317862579728384, 39.464433567512643 ], [ -86.317600357261455, 39.465408740626089 ], [ -86.317102493530442, 39.466310643593815 ], [ -86.316900730287387, 39.466828570233616 ], [ -86.316910092231581, 39.467194740197428 ], [ -86.317077937608303, 39.467570943371165 ], [ -86.317891678369648, 39.467620242923736 ], [ -86.319676738138298, 39.467475944202405 ], [ -86.320791818721773, 39.46758749695848 ], [ -86.321399864377412, 39.467783710361552 ], [ -86.322296214497086, 39.468370060346835 ], [ -86.324653148840724, 39.470717685384294 ], [ -86.325322904184347, 39.471258697437861 ], [ -86.325751507650182, 39.471394230649643 ], [ -86.326808379319772, 39.470739743133436 ], [ -86.327093272651609, 39.470357719271604 ], [ -86.327161275311013, 39.469727470952179 ], [ -86.327034936911787, 39.469531619146693 ], [ -86.327376102834052, 39.468671456693393 ], [ -86.328224936195994, 39.467875017179821 ], [ -86.32928044326006, 39.46726688031913 ], [ -86.329930652960684, 39.467009261641834 ], [ -86.331053344114764, 39.466413284974493 ], [ -86.333934776542208, 39.465094056752463 ], [ -86.33514654352922, 39.464469324722693 ], [ -86.336521003938756, 39.463942021742113 ], [ -86.33824417488546, 39.463111463930389 ], [ -86.338674613887378, 39.462407511864846 ], [ -86.338815486929704, 39.461976064551266 ], [ -86.338834273444888, 39.46163005460275 ], [ -86.338683043718447, 39.461005974566874 ], [ -86.338054657400718, 39.459819249882109 ], [ -86.3378998186963, 39.459097387500357 ], [ -86.337969128985407, 39.458642663898424 ], [ -86.338170386261325, 39.458230414439285 ], [ -86.338411506369411, 39.457898847296775 ], [ -86.338587738425758, 39.457767565212897 ], [ -86.339255817696525, 39.457540014748623 ], [ -86.340981579028366, 39.457233069536571 ], [ -86.34260585568596, 39.456765916964478 ], [ -86.345022442376603, 39.455831292323836 ], [ -86.346321201915273, 39.455140406347837 ], [ -86.346817593067243, 39.454990681170933 ], [ -86.347571475655826, 39.455123555353225 ], [ -86.348395608372229, 39.45554063848239 ], [ -86.349136365913509, 39.456054667508781 ], [ -86.349751104282376, 39.456345341428239 ], [ -86.350046330443291, 39.456420903347734 ], [ -86.350770345240903, 39.456517983857324 ], [ -86.351836703677577, 39.456505835985055 ], [ -86.352219343178703, 39.456380967091441 ], [ -86.352575690324073, 39.45614557689052 ], [ -86.35292636254195, 39.455690900580727 ], [ -86.352992222218958, 39.455282065994872 ], [ -86.352766653026933, 39.454393763790144 ], [ -86.352460644906813, 39.452482361683806 ], [ -86.352093250433597, 39.450746538134631 ], [ -86.351977941790537, 39.449581597939641 ], [ -86.352068778011969, 39.449192187888073 ], [ -86.35218104217995, 39.449041176543247 ], [ -86.352576092590297, 39.448767650820109 ], [ -86.353003759553886, 39.448709104062466 ], [ -86.353952638491307, 39.448962617576079 ], [ -86.354703095117017, 39.449332681454592 ], [ -86.355308750746104, 39.44978787783085 ], [ -86.356047926877579, 39.450498680942282 ], [ -86.356697444093484, 39.450982981784016 ], [ -86.357673349862239, 39.452401301401004 ], [ -86.358072321554104, 39.453217482563822 ], [ -86.358365698324874, 39.454091686119064 ], [ -86.358468688004976, 39.454787556365282 ], [ -86.35845616143078, 39.455252325774879 ], [ -86.358208275740807, 39.456010006915832 ], [ -86.357805572745136, 39.45685278505276 ], [ -86.35700635032974, 39.457801783000896 ], [ -86.356735511653326, 39.458443928565593 ], [ -86.356444163879814, 39.460043926525529 ], [ -86.356541374554141, 39.462223930833282 ], [ -86.356884065348794, 39.463385341842198 ], [ -86.357234725591923, 39.464269255255196 ], [ -86.358175616214652, 39.466024649178671 ], [ -86.359253898897379, 39.467389504849329 ], [ -86.360671716565165, 39.468775566679732 ], [ -86.361579189645269, 39.46823990106904 ], [ -86.361965574279068, 39.467137199964689 ], [ -86.362859202164259, 39.466290226427972 ], [ -86.363554792093439, 39.465800914507568 ], [ -86.364497029299869, 39.465302884423245 ], [ -86.36578784794122, 39.46449863223102 ], [ -86.367373043001095, 39.463698207298336 ], [ -86.368037643006957, 39.463255509321748 ], [ -86.368536957738229, 39.462764287660413 ], [ -86.369494969822995, 39.461634302487049 ], [ -86.370074228358959, 39.46063968599514 ], [ -86.370192119036929, 39.460108238769458 ], [ -86.370217334516411, 39.458938163183902 ], [ -86.370346600387165, 39.458268961023045 ], [ -86.370730028197713, 39.45743033662194 ], [ -86.370985284876994, 39.457172102150018 ], [ -86.372148082241395, 39.457507373891971 ], [ -86.373750230644418, 39.45814726923728 ], [ -86.376701124933646, 39.458622811960531 ], [ -86.376320566372385, 39.460564897621929 ], [ -86.375965377418922, 39.46081234178174 ], [ -86.375206748448321, 39.461652493742264 ], [ -86.374468745445938, 39.462323512052002 ], [ -86.373878078154746, 39.462487602309281 ], [ -86.373338646485109, 39.462732657693728 ], [ -86.372054395617752, 39.463811105799259 ], [ -86.371246781560188, 39.465363790729548 ], [ -86.370612757115083, 39.466084227292129 ], [ -86.370024788107543, 39.467061136726471 ], [ -86.369525689206299, 39.468386645557928 ], [ -86.368363305338022, 39.470473369547292 ], [ -86.368384987508577, 39.470956402563196 ], [ -86.368605479419585, 39.471681446542348 ], [ -86.369244784669561, 39.472638452306214 ], [ -86.369698351157865, 39.473121926412276 ], [ -86.370913544259849, 39.473866027484583 ], [ -86.37277720818058, 39.474596162021548 ], [ -86.373603373548036, 39.474807132724806 ], [ -86.374141887316696, 39.474802293184652 ], [ -86.374804149730977, 39.474575145900047 ], [ -86.375112080412777, 39.474372910173798 ], [ -86.375564841844636, 39.473663091516201 ], [ -86.375900828743369, 39.472401391516819 ], [ -86.376709288681155, 39.471470505783103 ], [ -86.377529359511229, 39.470789603075865 ], [ -86.378909019358247, 39.470027573099586 ], [ -86.37992610892762, 39.469137216710678 ], [ -86.382692527554909, 39.46825272462614 ], [ -86.383524407334718, 39.467642578872002 ], [ -86.384543982106678, 39.46523653286922 ], [ -86.385173805838889, 39.46408313059144 ], [ -86.385509172719807, 39.462757795141165 ], [ -86.386032875575438, 39.46176943607226 ], [ -86.386343258005979, 39.460954475995244 ], [ -86.386950294397536, 39.458913479019181 ], [ -86.387218423465598, 39.45689438879679 ], [ -86.387393432955648, 39.456255091490746 ], [ -86.387689246609952, 39.455701867968116 ], [ -86.388317624759253, 39.455136477335536 ], [ -86.390232063659397, 39.454215116986845 ], [ -86.391336480690057, 39.453461655807075 ], [ -86.39322357374941, 39.4511621414388 ], [ -86.393872540137139, 39.45053680460245 ], [ -86.394149441822364, 39.450461090842687 ], [ -86.394603168588858, 39.450660136018257 ], [ -86.394861253461954, 39.451068680757643 ], [ -86.395100290874666, 39.452141380603628 ], [ -86.394819593943822, 39.452664604197558 ], [ -86.394793034123381, 39.453467428210736 ], [ -86.394465554988798, 39.455352806706259 ], [ -86.394131614445442, 39.456549836730971 ], [ -86.393634362768012, 39.457640461879812 ], [ -86.392972781062539, 39.45856887967421 ], [ -86.391670987925863, 39.459396828977866 ], [ -86.391147451058472, 39.460516385947393 ], [ -86.390960663175775, 39.461085610392885 ], [ -86.390762308187462, 39.462582261324414 ], [ -86.390773698859732, 39.462927312957262 ], [ -86.391050496693182, 39.463999841873957 ], [ -86.391792066659022, 39.465218240372444 ], [ -86.392004836754381, 39.465914790660996 ], [ -86.392376926938937, 39.466420161248408 ], [ -86.393455174538374, 39.467190005993729 ], [ -86.395038933868364, 39.468777315675027 ], [ -86.396834021623874, 39.469950517112878 ], [ -86.397909531503927, 39.470771849084805 ], [ -86.399456440003505, 39.472261134934932 ], [ -86.400081589258733, 39.473332885076715 ], [ -86.400225381929488, 39.473986153824704 ], [ -86.400260412003064, 39.474805046152902 ], [ -86.399913517438236, 39.4764881820509 ], [ -86.39944476403187, 39.477623880101731 ], [ -86.398837257601585, 39.478432815843973 ], [ -86.397730274470646, 39.479284927662633 ], [ -86.396610516232755, 39.479899107375289 ], [ -86.396027971054878, 39.480415232897563 ], [ -86.395199123646961, 39.480588612180533 ], [ -86.393079014180415, 39.48083850114687 ], [ -86.391830921545534, 39.481315915772043 ], [ -86.389941175049728, 39.481651585053541 ], [ -86.389358799698357, 39.481890081039616 ], [ -86.387707009487229, 39.483057114974116 ], [ -86.387327545599263, 39.48342035892388 ], [ -86.386753898694508, 39.484168842737972 ], [ -86.386096105821622, 39.485482232638354 ], [ -86.385588019327642, 39.485954677333282 ], [ -86.385480996644915, 39.485625930322435 ], [ -86.38556003391966, 39.485318436570608 ], [ -86.385345845569816, 39.484106663034687 ], [ -86.385207358563036, 39.483757133313183 ], [ -86.384943948880263, 39.48348062611246 ], [ -86.384428108342505, 39.483262942674443 ], [ -86.382269198699973, 39.482881417552839 ], [ -86.380759951563704, 39.48214373796435 ], [ -86.380066937372945, 39.481638849322202 ], [ -86.376927453736045, 39.47861544422755 ], [ -86.37621217134631, 39.478043120839814 ], [ -86.373234757850994, 39.476392170262159 ], [ -86.372608565093259, 39.476265553014862 ], [ -86.372120061357634, 39.476298582650656 ], [ -86.371757343876496, 39.476461237533513 ], [ -86.371307959462655, 39.476810234087353 ], [ -86.370651813601938, 39.477063732117287 ], [ -86.369409032004924, 39.47708021485483 ], [ -86.368036881200013, 39.476948772074991 ], [ -86.367259705835025, 39.477005786597843 ], [ -86.366275074206612, 39.477182283791784 ], [ -86.365584751762697, 39.477487990034263 ], [ -86.365208658571248, 39.477796436065347 ], [ -86.364445279369136, 39.478970217985349 ], [ -86.362913620383225, 39.480862016633537 ], [ -86.362589234099502, 39.48148858539588 ], [ -86.362170368871233, 39.482054662866787 ], [ -86.360799091535952, 39.483308589292101 ], [ -86.360328389028169, 39.483967572291775 ], [ -86.358182542775168, 39.486338637916987 ], [ -86.357587845193962, 39.487180327118537 ], [ -86.355982331608132, 39.488912443486285 ], [ -86.355280362810149, 39.489360583335504 ], [ -86.352109234480366, 39.490966862273218 ], [ -86.350894995951478, 39.49169949017741 ], [ -86.349845159225225, 39.492174660814811 ], [ -86.347904603914316, 39.493219943446356 ], [ -86.345575426011735, 39.494191984239443 ], [ -86.3422425826178, 39.495394993326499 ], [ -86.342841269123525, 39.494366332435447 ], [ -86.343061134974704, 39.492507607917887 ], [ -86.343009185026517, 39.491421252480308 ], [ -86.342482813793282, 39.489407169094875 ], [ -86.342660812827575, 39.488617290238224 ], [ -86.343488986636132, 39.487214074582987 ], [ -86.345038330035152, 39.485880971164029 ], [ -86.346776441882795, 39.483891839620767 ], [ -86.347149419237908, 39.482746320879947 ], [ -86.347166988683426, 39.481583000526804 ], [ -86.3466156567399, 39.480541516112005 ], [ -86.345579620152336, 39.47977880897799 ], [ -86.344520957725052, 39.478045172815733 ], [ -86.343480249732622, 39.477091386120918 ], [ -86.341258773355008, 39.475851421920332 ], [ -86.339137986496027, 39.474285627022276 ], [ -86.33752712741024, 39.473559460091209 ], [ -86.336304868287442, 39.473107002089314 ], [ -86.335737303705201, 39.472980814800032 ], [ -86.335224198128245, 39.473286037414731 ], [ -86.334795680820534, 39.47369594092806 ], [ -86.332837189372256, 39.47733724194341 ], [ -86.331253966922716, 39.479071195569141 ], [ -86.330112301973614, 39.48050149774933 ], [ -86.329293649775195, 39.482523222599781 ], [ -86.329066513424294, 39.484544663908729 ], [ -86.328849841028045, 39.485429946082071 ], [ -86.3283040713807, 39.486887142492613 ], [ -86.328101078852626, 39.487800943478042 ], [ -86.327885246517141, 39.488036642866369 ], [ -86.326481428992196, 39.490826195417043 ], [ -86.326297469354628, 39.491454383366715 ], [ -86.326340346531893, 39.492195631525725 ], [ -86.326700836777121, 39.493189667204049 ], [ -86.327498429812835, 39.494771215597517 ], [ -86.328435735637242, 39.496240860534009 ], [ -86.329840677744329, 39.497693673781235 ], [ -86.33093080972678, 39.498519037764119 ], [ -86.331746840816805, 39.499397554928755 ], [ -86.332665764633745, 39.500123271807674 ], [ -86.331857466676013, 39.500399919054118 ], [ -86.331289076042282, 39.500498017155834 ], [ -86.330678563534974, 39.500679996163562 ], [ -86.329789994505674, 39.501170729323313 ], [ -86.328597550235187, 39.502362347569481 ], [ -86.327603277662519, 39.503675758537156 ], [ -86.327158122954614, 39.504160926298461 ], [ -86.326996405875008, 39.504259479213218 ], [ -86.326504753719163, 39.503195446467956 ], [ -86.32510348628665, 39.50133674299191 ], [ -86.324132276810857, 39.500227750623552 ], [ -86.323574360226118, 39.499280729644489 ], [ -86.322734723463981, 39.496500526205914 ], [ -86.322084656686201, 39.495003972877157 ], [ -86.320189546361348, 39.48933890395741 ], [ -86.320394368581432, 39.487527263682168 ], [ -86.32181813885154, 39.485040944090976 ], [ -86.322587743320625, 39.483021357451783 ], [ -86.322888348713818, 39.481929862379431 ], [ -86.322901572029224, 39.480973048049989 ], [ -86.32260530378953, 39.478869150719376 ], [ -86.32274988830163, 39.476973441678609 ], [ -86.323023933780703, 39.475923136828058 ], [ -86.323032867435614, 39.475259599048691 ], [ -86.322594932955184, 39.473678130874731 ], [ -86.321871920237939, 39.472429500854084 ], [ -86.320364823021862, 39.471307244873877 ], [ -86.319341305942302, 39.47084081993885 ], [ -86.318590500041566, 39.470345629737992 ], [ -86.316464146173942, 39.469262657581304 ], [ -86.315188725272094, 39.468130614763368 ], [ -86.314475151946681, 39.46780196734202 ], [ -86.314048292424019, 39.467729152056251 ], [ -86.306870876336006, 39.468931572700299 ] ], [ [ -86.349290212238017, 39.472619968186791 ], [ -86.350308794421878, 39.473992705684942 ], [ -86.350467549550473, 39.474358932656351 ], [ -86.350735740800786, 39.47548871540026 ], [ -86.350970495756414, 39.477850747717419 ], [ -86.351362065919176, 39.479413853523653 ], [ -86.351470792514533, 39.480555183943757 ], [ -86.352045803795733, 39.482161486109064 ], [ -86.352449448467468, 39.482581673990836 ], [ -86.353568824867054, 39.483332003617242 ], [ -86.35427576840523, 39.483716779171218 ], [ -86.354900822841245, 39.483915800698725 ], [ -86.355387371137638, 39.48358103431238 ], [ -86.355751189180182, 39.483035038536116 ], [ -86.355985444823773, 39.482503268851772 ], [ -86.356036515851031, 39.481777060405108 ], [ -86.35593481306438, 39.481124937061026 ], [ -86.355707001960724, 39.480681490993099 ], [ -86.355003994418539, 39.479979148181108 ], [ -86.354039358553308, 39.479329234385155 ], [ -86.353792207792722, 39.478926568505983 ], [ -86.353983152687817, 39.477618125714095 ], [ -86.354860249925949, 39.47549948540555 ], [ -86.354773636895786, 39.474604813615066 ], [ -86.35462990473718, 39.474276279417069 ], [ -86.354239667577431, 39.473935475467478 ], [ -86.353102316891096, 39.472584644129334 ], [ -86.35237411118878, 39.471062574333985 ], [ -86.351526237467056, 39.469892853629993 ], [ -86.35078571321921, 39.468772757575195 ], [ -86.349735318921603, 39.467607977513318 ], [ -86.349371365576701, 39.467067426318764 ], [ -86.348400072793055, 39.466462085622517 ], [ -86.346785117502336, 39.465887553187699 ], [ -86.344713556935872, 39.465365777960457 ], [ -86.342740093806285, 39.465330260370408 ], [ -86.342857986485356, 39.466158515800771 ], [ -86.34479893128217, 39.469028032564637 ], [ -86.34686769140886, 39.470868512577837 ], [ -86.348297053299831, 39.471819345058684 ], [ -86.349290212238017, 39.472619968186791 ] ] ] } },
{ "type": "Feature", "properties": { "fid_1": 91, "aq_system": "Outwash Subsystem", "aq_type": "outwash sand and gravel or valley-train sand and gravel", "aq_thk_ft": "generally less than 20", "yield_gpm": "generally 20 domestic; commonly 300 to large-diameter high-capacity wells", "more_info": "http://www.in.gov/dnr/water/4302.htm", "shape_Leng": 8593.2920886499996, "Shape_Le_1": 8593.2920886499996, "Shape_Area": 2443043.5109700002 }, "geometry": { "type": "Polygon", "coordinates": [ [ [ -86.368037465852055, 39.591641437717378 ], [ -86.368389262304888, 39.592397569588655 ], [ -86.368910701576141, 39.595190344875377 ], [ -86.370078830305658, 39.599205266332461 ], [ -86.370266326346936, 39.600226699984496 ], [ -86.371986590367825, 39.604933619324235 ], [ -86.372000149012422, 39.605697861036234 ], [ -86.372179629746242, 39.606310196156699 ], [ -86.372610925226994, 39.607388264499725 ], [ -86.373863965413861, 39.609796610755581 ], [ -86.374465344001848, 39.610833076676023 ], [ -86.375432216886026, 39.612158978587601 ], [ -86.374959545553125, 39.612226048408111 ], [ -86.371522474730384, 39.61197880846094 ], [ -86.370112256394449, 39.612222097405038 ], [ -86.369572677303779, 39.61244057549672 ], [ -86.369469545700753, 39.612630685550123 ], [ -86.369297545279267, 39.612742625799626 ], [ -86.368852347815249, 39.613416954759522 ], [ -86.368596731265981, 39.614341795005281 ], [ -86.368577974276022, 39.614850041556153 ], [ -86.36809257472774, 39.615775570354231 ], [ -86.368017348550651, 39.616238799522932 ], [ -86.367636420962015, 39.616997776867684 ], [ -86.36622048101033, 39.6177807585211 ], [ -86.365567179666627, 39.617854300054766 ], [ -86.36415980593307, 39.618181510305 ], [ -86.362902010697468, 39.618611738387003 ], [ -86.36003809784853, 39.620104328878135 ], [ -86.358314486538632, 39.621116176008158 ], [ -86.356842659082702, 39.621782069340199 ], [ -86.355882120096325, 39.622277185947929 ], [ -86.355254096608022, 39.62269106025407 ], [ -86.354970819041242, 39.622785230987098 ], [ -86.354984718049465, 39.622349335708691 ], [ -86.355367519960893, 39.621732460310177 ], [ -86.355650631579479, 39.621075999021883 ], [ -86.355720187798795, 39.620697732942638 ], [ -86.355909766904787, 39.62029555583635 ], [ -86.356067732989473, 39.619644612934295 ], [ -86.356501532080287, 39.61844063084326 ], [ -86.356970164214275, 39.61760399461491 ], [ -86.35849728696617, 39.615686222166886 ], [ -86.360102940581911, 39.613293526673445 ], [ -86.36077048861344, 39.61220867261553 ], [ -86.361673589049403, 39.61047244308272 ], [ -86.362077202896288, 39.609427794096788 ], [ -86.362137652003412, 39.609017828202646 ], [ -86.36207998122606, 39.608153014976381 ], [ -86.361808445478715, 39.606551171296402 ], [ -86.361690651500595, 39.604529040129158 ], [ -86.361446163491081, 39.603417303464362 ], [ -86.361188808759067, 39.602826352870508 ], [ -86.361056032803077, 39.60215959914747 ], [ -86.360843324827826, 39.601560711830295 ], [ -86.360778099407341, 39.600827047393764 ], [ -86.360927383747295, 39.59920900071252 ], [ -86.361382345176992, 39.59712719569135 ], [ -86.36138287231438, 39.596004838267376 ], [ -86.361607123515029, 39.595730323078065 ], [ -86.362099020389905, 39.595370450928279 ], [ -86.362785655078923, 39.594735664754282 ], [ -86.364997738096164, 39.593748546623125 ], [ -86.365387630450087, 39.593555856285242 ], [ -86.3656560519116, 39.593345540486183 ], [ -86.367011783543845, 39.59269491667947 ], [ -86.367467196287947, 39.592359242534883 ], [ -86.36782252320107, 39.59178658189942 ], [ -86.368037465852055, 39.591641437717378 ] ] ] } },
{ "type": "Feature", "properties": { "fid_1": 93, "aq_system": "Outwash Subsystem", "aq_type": "outwash sand and gravel or valley-train sand and gravel", "aq_thk_ft": "generally less than 20", "yield_gpm": "generally 20 domestic; commonly 300 to large-diameter high-capacity wells", "more_info": "http://www.in.gov/dnr/water/4302.htm", "shape_Leng": 28680.8216937, "Shape_Le_1": 28680.8216937, "Shape_Area": 7881336.3438900001 }, "geometry": { "type": "Polygon", "coordinates": [ [ [ -86.399579575522893, 39.627944518373113 ], [ -86.398957241191724, 39.626614558365816 ], [ -86.398640717073704, 39.626202242017307 ], [ -86.394691196149651, 39.623210305612574 ], [ -86.393657980631687, 39.622269557803847 ], [ -86.393001839174914, 39.621795619056549 ], [ -86.392222769201737, 39.620907122097101 ], [ -86.391869010651703, 39.62023377745264 ], [ -86.391690848056967, 39.619474400967071 ], [ -86.39109827093651, 39.618221188606135 ], [ -86.39080016195652, 39.616827707045452 ], [ -86.390630858793855, 39.613818378988782 ], [ -86.390485762996946, 39.612965256174959 ], [ -86.389186874051958, 39.609290988055868 ], [ -86.388452501844256, 39.607866263887992 ], [ -86.387766494733128, 39.606913687063901 ], [ -86.386495830085096, 39.605749144883205 ], [ -86.386011586400599, 39.60505116679132 ], [ -86.385111513570337, 39.603339590687213 ], [ -86.384222064401555, 39.601220931087916 ], [ -86.384033074286265, 39.600233617580606 ], [ -86.383821144990506, 39.599889483320894 ], [ -86.383471767820467, 39.599567240735055 ], [ -86.382864181491954, 39.599310986212785 ], [ -86.382428208427825, 39.599286128594407 ], [ -86.381156554909566, 39.599518814644306 ], [ -86.380604709868749, 39.599513690900807 ], [ -86.378890323253515, 39.599137749294243 ], [ -86.377913002207336, 39.598759986073219 ], [ -86.376286792653488, 39.597823202326047 ], [ -86.374097344287406, 39.596208372261678 ], [ -86.373236494080047, 39.59539494746803 ], [ -86.372224906389206, 39.594282120239164 ], [ -86.371740693398252, 39.593394122573415 ], [ -86.371869710963963, 39.592944246652905 ], [ -86.372618893779602, 39.592149124388165 ], [ -86.372990826610604, 39.591595929522313 ], [ -86.373568089112467, 39.591049586446893 ], [ -86.374093891033453, 39.590763054764672 ], [ -86.374473214121139, 39.590419455443254 ], [ -86.375291095627688, 39.589234369032212 ], [ -86.374470416657488, 39.587757598295383 ], [ -86.372796048500916, 39.585647558588768 ], [ -86.371813977931254, 39.584709861155126 ], [ -86.371703847996599, 39.584294881677899 ], [ -86.37292134874221, 39.584674776854541 ], [ -86.375550735709069, 39.585916465839077 ], [ -86.377678528525976, 39.586177806419052 ], [ -86.378684204483491, 39.587235208169297 ], [ -86.378566475656186, 39.58752024528259 ], [ -86.378433187747405, 39.587644456294186 ], [ -86.377816150294493, 39.588687185469603 ], [ -86.376393533902899, 39.58989450826558 ], [ -86.375971817289923, 39.590341873678675 ], [ -86.37592726064662, 39.59079229369258 ], [ -86.376132921382293, 39.591265718226964 ], [ -86.376895686535192, 39.591668087874432 ], [ -86.37746451544028, 39.591639215953045 ], [ -86.378419393372269, 39.591315817338753 ], [ -86.380180659735586, 39.590372661685727 ], [ -86.380615085683417, 39.590068971718573 ], [ -86.381062134820198, 39.589548586443897 ], [ -86.382751629433642, 39.586974568972643 ], [ -86.382931097601386, 39.58643392551987 ], [ -86.382937320219668, 39.58587457453244 ], [ -86.384333806464255, 39.585616877727411 ], [ -86.385214067033459, 39.58568128235261 ], [ -86.386069668976489, 39.585828664200868 ], [ -86.387371551028082, 39.585830572403708 ], [ -86.387182247877249, 39.584507191671207 ], [ -86.386811945782441, 39.583325319874021 ], [ -86.386599100034971, 39.583027611696522 ], [ -86.386530086253913, 39.582661445905181 ], [ -86.386036805778318, 39.581588283406504 ], [ -86.385615784078226, 39.580844351731741 ], [ -86.385217719813141, 39.580316228966346 ], [ -86.384781892540246, 39.579454465746203 ], [ -86.384110346854527, 39.577591323286995 ], [ -86.383737792344988, 39.576947562592544 ], [ -86.382882161610596, 39.571809027873748 ], [ -86.382645498066111, 39.569916523624478 ], [ -86.382178032631316, 39.567925675900163 ], [ -86.381314660726261, 39.565163344936941 ], [ -86.380225585183226, 39.563066916445912 ], [ -86.379702394301972, 39.562375900361147 ], [ -86.378863888738181, 39.561967340428929 ], [ -86.37758795293972, 39.562186317863308 ], [ -86.376971424746856, 39.562385902045499 ], [ -86.376064422076425, 39.562870462981699 ], [ -86.374362593390444, 39.563598656732026 ], [ -86.371833691928074, 39.564399959720348 ], [ -86.370775639873074, 39.5645872553375 ], [ -86.369660920602911, 39.564562313500119 ], [ -86.368747958724583, 39.564376782049038 ], [ -86.36851448410647, 39.564279262992947 ], [ -86.368177458320844, 39.564014202937365 ], [ -86.367117235420849, 39.563479151875534 ], [ -86.366728634682488, 39.56339197253633 ], [ -86.365891281378126, 39.563355042337633 ], [ -86.366313847304482, 39.562865786036838 ], [ -86.368135501320538, 39.561804765063741 ], [ -86.370184064557407, 39.560906877897843 ], [ -86.373053004147522, 39.5593991349036 ], [ -86.373443786982008, 39.559280128324318 ], [ -86.373840553619743, 39.559076116239318 ], [ -86.375105401592805, 39.558281869908541 ], [ -86.376190724041606, 39.557243189939022 ], [ -86.376282382486835, 39.557086291977861 ], [ -86.376271161287818, 39.556915142458521 ], [ -86.376292397637556, 39.556877697513158 ], [ -86.376608019119899, 39.556321152083001 ], [ -86.376886750056684, 39.55558074911167 ], [ -86.377598182047123, 39.556302211050763 ], [ -86.379333161035703, 39.557738940000462 ], [ -86.38121488178335, 39.558871339691443 ], [ -86.381893433341418, 39.559198671263651 ], [ -86.384185983963391, 39.560807645393609 ], [ -86.38572095328793, 39.562323445176943 ], [ -86.386310749271857, 39.563053130643141 ], [ -86.386699478038125, 39.563676555018482 ], [ -86.386968794334464, 39.564263891454054 ], [ -86.387181426873639, 39.565086930959083 ], [ -86.386840715305794, 39.567050330197553 ], [ -86.386464728102382, 39.570490168867465 ], [ -86.386117519683367, 39.571808776469339 ], [ -86.386101258908468, 39.572383855869461 ], [ -86.386220109818254, 39.572632872533141 ], [ -86.386535238457697, 39.572840624394352 ], [ -86.387604026544523, 39.573181945606024 ], [ -86.389228060228021, 39.573094004112249 ], [ -86.389968399054013, 39.573115569373527 ], [ -86.391787166969166, 39.573396841904803 ], [ -86.393676248561405, 39.574002198188992 ], [ -86.394998493600312, 39.574573730703484 ], [ -86.395908792635808, 39.575246241933598 ], [ -86.397150028837814, 39.576452137158554 ], [ -86.397828348462014, 39.577313421246942 ], [ -86.398543559505995, 39.578027416884723 ], [ -86.399983361919837, 39.580100413147285 ], [ -86.400267704139424, 39.580744641502889 ], [ -86.400324694314193, 39.58133420064258 ], [ -86.399728608570911, 39.584019815812447 ], [ -86.399159564504458, 39.585014358168863 ], [ -86.398104545614217, 39.586211486635605 ], [ -86.397955278115617, 39.58630424892511 ], [ -86.397653461882541, 39.586328876972267 ], [ -86.396582648737493, 39.586096249523628 ], [ -86.394082488040837, 39.586336740239055 ], [ -86.392500891626355, 39.586256934679128 ], [ -86.391770982836391, 39.586284061506376 ], [ -86.390604477084707, 39.586667405886168 ], [ -86.388364634905699, 39.587808845940565 ], [ -86.387551136612529, 39.588407954220806 ], [ -86.386957039420182, 39.589088566007135 ], [ -86.386582014660931, 39.589645721020077 ], [ -86.386459397021753, 39.590018705554002 ], [ -86.386455146509022, 39.591241245999846 ], [ -86.386308036419351, 39.592412352194806 ], [ -86.386499618051602, 39.592999032333985 ], [ -86.38688532188398, 39.595001858639947 ], [ -86.386989517715563, 39.595219019576398 ], [ -86.387189702851828, 39.595369960674205 ], [ -86.389101242837697, 39.596358152569401 ], [ -86.390775147917012, 39.596877536327689 ], [ -86.391708346243846, 39.597328069538086 ], [ -86.39261959051457, 39.5976671235777 ], [ -86.394249428918769, 39.598090083078439 ], [ -86.395130036006961, 39.598137491447012 ], [ -86.395997030778304, 39.598306979078821 ], [ -86.397967357545994, 39.599070110212566 ], [ -86.398991605516429, 39.599555367119791 ], [ -86.400091857820669, 39.60017678413714 ], [ -86.401501031774288, 39.601077409645399 ], [ -86.402000998694106, 39.601564980335169 ], [ -86.402116645835932, 39.601781646819092 ], [ -86.402166072066265, 39.602254063151378 ], [ -86.402096345381054, 39.602417003958621 ], [ -86.401870632688599, 39.602546498287353 ], [ -86.401314738027466, 39.602671563858088 ], [ -86.398575726188852, 39.602843812870091 ], [ -86.39765948883894, 39.603111606336881 ], [ -86.397376234428762, 39.603318105770846 ], [ -86.397438683461687, 39.6039532521621 ], [ -86.397856414268531, 39.604620175287927 ], [ -86.398266420324603, 39.604997426299121 ], [ -86.398487607732264, 39.605325470692456 ], [ -86.399215553715834, 39.606787547945459 ], [ -86.399266552839904, 39.607332410774546 ], [ -86.398109569966536, 39.607622879398313 ], [ -86.397336534768101, 39.608008598129238 ], [ -86.396932555055869, 39.60837061518194 ], [ -86.395388746298508, 39.611155500119047 ], [ -86.393787396827534, 39.612700326058807 ], [ -86.39314928065825, 39.613515469590602 ], [ -86.3930245566129, 39.614123722084614 ], [ -86.393469103821758, 39.615122516233548 ], [ -86.394068547549637, 39.615851519024574 ], [ -86.394519244200481, 39.616146953332546 ], [ -86.396350235812264, 39.616555785870247 ], [ -86.39734218364174, 39.616576523615244 ], [ -86.399118480134263, 39.616317612903117 ], [ -86.399824613682384, 39.61629903365862 ], [ -86.400603442425677, 39.616186677403888 ], [ -86.402519718404108, 39.616400687703269 ], [ -86.403924926743315, 39.616742292058454 ], [ -86.404698602533841, 39.617236581964413 ], [ -86.40543931147721, 39.618099791671597 ], [ -86.405636416460339, 39.618992011356667 ], [ -86.405566189136778, 39.619531626062461 ], [ -86.405624086561971, 39.620167164001032 ], [ -86.40577822950516, 39.620504692777025 ], [ -86.406004476700971, 39.620656957979733 ], [ -86.407005591524523, 39.621503446269656 ], [ -86.407972065736018, 39.622012823567601 ], [ -86.40875410800966, 39.622314193101744 ], [ -86.411316641316589, 39.622964452025236 ], [ -86.41267273621466, 39.623397852749555 ], [ -86.416637162969181, 39.625053188521811 ], [ -86.417724802255563, 39.625601508440461 ], [ -86.418942377572534, 39.62650562704895 ], [ -86.419703292622231, 39.627454948537881 ], [ -86.419775862809487, 39.62797114504238 ], [ -86.419395644735189, 39.628940091941502 ], [ -86.418784772911863, 39.629221092989837 ], [ -86.416767315368034, 39.629445845641776 ], [ -86.413672712493167, 39.629190172953898 ], [ -86.408737400623949, 39.628362430471753 ], [ -86.407438004741564, 39.6280702833918 ], [ -86.40547026485828, 39.627492402683927 ], [ -86.403799965167991, 39.627281775743803 ], [ -86.402410152309258, 39.627308071794793 ], [ -86.401539905523933, 39.627424848710753 ], [ -86.399579575522893, 39.627944518373113 ] ] ] } },
{ "type": "Feature", "properties": { "fid_1": 189, "aq_system": "Outwash", "aq_type": "outwash sand and gravel or valley-train sand and gravel", "aq_thk_ft": "generally greater than 20", "yield_gpm": "generally 50 domestic; commonly 1000 for large-diameter high-capacity wells", "more_info": "http://www.in.gov/dnr/water/4302.htm", "shape_Leng": 2884812.5043299999, "Shape_Le_1": 205866.49886, "Shape_Area": 186183056.90400001 }, "geometry": { "type": "Polygon", "coordinates": [ [ [ -86.250563801946598, 39.566167805451414 ], [ -86.250564033908759, 39.566167778114234 ], [ -86.25189566306284, 39.565857090373235 ], [ -86.253613111968434, 39.565296253108471 ], [ -86.258546118275021, 39.563189764481912 ], [ -86.258964006891489, 39.563011302234294 ], [ -86.259247584512082, 39.562890198258046 ], [ -86.259853185906323, 39.562631564845489 ], [ -86.262123136305405, 39.561771036701018 ], [ -86.263089015789603, 39.561263635146126 ], [ -86.263675354171468, 39.560803064735687 ], [ -86.26396265776188, 39.560117299820476 ], [ -86.264414705661622, 39.559638915691721 ], [ -86.264640193194666, 39.559226316318352 ], [ -86.264837467594859, 39.559083401532106 ], [ -86.266716388938278, 39.558103381112097 ], [ -86.267544742228083, 39.557782032625518 ], [ -86.267879113279989, 39.557724545016356 ], [ -86.268788714008892, 39.557784007419492 ], [ -86.269617294973543, 39.55757607865764 ], [ -86.269828744471525, 39.556932092188369 ], [ -86.269562933813333, 39.555995495874434 ], [ -86.270280898315733, 39.555715140948692 ], [ -86.27170962023078, 39.555719183097395 ], [ -86.272522969829907, 39.555485398113341 ], [ -86.272838097106373, 39.555307262192045 ], [ -86.273331485891987, 39.554688027994118 ], [ -86.276872208041567, 39.551301029301172 ], [ -86.277824099872973, 39.549988864785881 ], [ -86.277893435509043, 39.549422643512166 ], [ -86.278007383208205, 39.549236557477641 ], [ -86.278261364258256, 39.549044183150791 ], [ -86.278859023226602, 39.54888445568276 ], [ -86.280250222722955, 39.548588053027487 ], [ -86.281062277853437, 39.548524998424199 ], [ -86.282004904853167, 39.546860581786284 ], [ -86.282513517383975, 39.545658129159897 ], [ -86.283248621355767, 39.544514131852331 ], [ -86.2835106953288, 39.543950090598116 ], [ -86.285324523930385, 39.541370008217186 ], [ -86.285935864362258, 39.54071017155001 ], [ -86.287744982535571, 39.539268926323402 ], [ -86.288572470459499, 39.538421114902327 ], [ -86.290703125928616, 39.536813460857331 ], [ -86.291293613924466, 39.536284086243022 ], [ -86.291722077101213, 39.535721991278429 ], [ -86.291934228553501, 39.535258359190749 ], [ -86.292034642679496, 39.534725500483866 ], [ -86.292205698645745, 39.532346975585249 ], [ -86.29205577363814, 39.531779568848883 ], [ -86.291256450567019, 39.530406359533814 ], [ -86.291127959600928, 39.529734245198398 ], [ -86.292872844994719, 39.528828701373676 ], [ -86.293614822139034, 39.528296227622164 ], [ -86.294420384110836, 39.527307785828022 ], [ -86.296688444977747, 39.524079246819063 ], [ -86.297576010111527, 39.521991008268124 ], [ -86.298430062379836, 39.520557565067435 ], [ -86.299114466158386, 39.519701199264432 ], [ -86.301191367307894, 39.517671719162465 ], [ -86.303655287116868, 39.516093194967972 ], [ -86.30468476256334, 39.515696793512241 ], [ -86.307419726899994, 39.515071640771311 ], [ -86.308523010547603, 39.514983075372385 ], [ -86.310697832959818, 39.515136387959139 ], [ -86.311960967488133, 39.514966098437853 ], [ -86.314961549279374, 39.513435057247897 ], [ -86.31671399694865, 39.512045876494206 ], [ -86.317596508424913, 39.511512239387471 ], [ -86.319554509619252, 39.510520912506969 ], [ -86.32019870594057, 39.510300137352218 ], [ -86.322065285582568, 39.510045248797795 ], [ -86.322931731133721, 39.509797756092567 ], [ -86.323775319909601, 39.509131762645545 ], [ -86.32517046722765, 39.507428849222514 ], [ -86.32606002706251, 39.506507303425934 ], [ -86.326804055751879, 39.505192127051373 ], [ -86.326996405875008, 39.504259479213218 ], [ -86.327158122954614, 39.504160926298461 ], [ -86.327603277662519, 39.503675758537156 ], [ -86.328597550235187, 39.502362347569481 ], [ -86.329789994505674, 39.501170729323313 ], [ -86.330678563534974, 39.500679996163562 ], [ -86.331289076042282, 39.500498017155834 ], [ -86.331857466676013, 39.500399919054118 ], [ -86.332665764633745, 39.500123271807674 ], [ -86.33393210939829, 39.499927088917701 ], [ -86.33496157606244, 39.499571745338478 ], [ -86.337202142461209, 39.498551386264658 ], [ -86.338536936841408, 39.498063074255967 ], [ -86.339123145256238, 39.497723047711276 ], [ -86.33946797635015, 39.497422509597314 ], [ -86.340437195734395, 39.496806020895555 ], [ -86.3422425826178, 39.495394993326499 ], [ -86.345575426011735, 39.494191984239443 ], [ -86.347904603914316, 39.493219943446356 ], [ -86.349845159225225, 39.492174660814811 ], [ -86.350894995951478, 39.49169949017741 ], [ -86.352109234480366, 39.490966862273218 ], [ -86.355280362810149, 39.489360583335504 ], [ -86.355982331608132, 39.488912443486285 ], [ -86.357587845193962, 39.487180327118537 ], [ -86.358182542775168, 39.486338637916987 ], [ -86.360328389028169, 39.483967572291775 ], [ -86.360799091535952, 39.483308589292101 ], [ -86.362170368871233, 39.482054662866787 ], [ -86.362589234099502, 39.48148858539588 ], [ -86.362913620383225, 39.480862016633537 ], [ -86.364445279369136, 39.478970217985349 ], [ -86.365208658571248, 39.477796436065347 ], [ -86.365584751762697, 39.477487990034263 ], [ -86.366275074206612, 39.477182283791784 ], [ -86.367259705835025, 39.477005786597843 ], [ -86.368036881200013, 39.476948772074991 ], [ -86.369409032004924, 39.47708021485483 ], [ -86.370651813601938, 39.477063732117287 ], [ -86.371307959462655, 39.476810234087353 ], [ -86.371757343876496, 39.476461237533513 ], [ -86.372120061357634, 39.476298582650656 ], [ -86.372608565093259, 39.476265553014862 ], [ -86.373234757850994, 39.476392170262159 ], [ -86.37621217134631, 39.478043120839814 ], [ -86.376927453736045, 39.47861544422755 ], [ -86.380066937372945, 39.481638849322202 ], [ -86.380759951563704, 39.48214373796435 ], [ -86.382269198699973, 39.482881417552839 ], [ -86.384428108342505, 39.483262942674443 ], [ -86.384943948880263, 39.48348062611246 ], [ -86.385207358563036, 39.483757133313183 ], [ -86.385345845569816, 39.484106663034687 ], [ -86.38556003391966, 39.485318436570608 ], [ -86.385480996644915, 39.485625930322435 ], [ -86.385299376267099, 39.485739025269943 ], [ -86.385176308241782, 39.486227787263815 ], [ -86.385154723811169, 39.487434213511335 ], [ -86.384996497569205, 39.488402755117583 ], [ -86.385059270546378, 39.489192959122832 ], [ -86.385454576544603, 39.490912867852138 ], [ -86.385885768333267, 39.491517361599115 ], [ -86.386373923039415, 39.491974772397022 ], [ -86.386947230986365, 39.492295909413741 ], [ -86.388882226207627, 39.49306207890006 ], [ -86.390722808650352, 39.493364462314013 ], [ -86.393015758186877, 39.493329783492236 ], [ -86.393754890134389, 39.493243558225672 ], [ -86.394881180573478, 39.493387676967906 ], [ -86.397793554315896, 39.494365122092169 ], [ -86.400698777174256, 39.495604909677638 ], [ -86.401879208734499, 39.495948236487664 ], [ -86.403295482086563, 39.496070475773983 ], [ -86.40510018955095, 39.496048745667679 ], [ -86.407129408215482, 39.495916070858016 ], [ -86.408667260982355, 39.495689496182905 ], [ -86.410335295752986, 39.495178924352743 ], [ -86.412057100572966, 39.494465973218112 ], [ -86.413199903447747, 39.493676737456767 ], [ -86.413994637907876, 39.492552981434557 ], [ -86.414124307012045, 39.492115956955615 ], [ -86.414113265314143, 39.490780835729986 ], [ -86.414193352034886, 39.490380974601706 ], [ -86.414903989074148, 39.489011142523204 ], [ -86.41625557592441, 39.486928187885077 ], [ -86.416908468624811, 39.485304682419191 ], [ -86.417409837803987, 39.483621209183838 ], [ -86.417454660261754, 39.483250716754881 ], [ -86.417247703274455, 39.480516051288582 ], [ -86.416183248743707, 39.478863555892282 ], [ -86.415975880638655, 39.477908938906801 ], [ -86.41625771042618, 39.475291742598117 ], [ -86.416737045614838, 39.474255259859177 ], [ -86.417444570694755, 39.473239539638705 ], [ -86.418574049830852, 39.472171893713615 ], [ -86.422056227597622, 39.469854147929993 ], [ -86.427439040584119, 39.466564656538019 ], [ -86.427586900918342, 39.465837617905052 ], [ -86.42749918167182, 39.465249820945949 ], [ -86.426474687052703, 39.463540669969859 ], [ -86.425906954699599, 39.461934446504209 ], [ -86.425736864227659, 39.461167280808823 ], [ -86.424605468259074, 39.459289367330797 ], [ -86.424450598585679, 39.45874279283229 ], [ -86.424983775361582, 39.455835440348054 ], [ -86.425022002353884, 39.454451322169625 ], [ -86.42519949486578, 39.453594203665055 ], [ -86.425621482133209, 39.45250010896379 ], [ -86.426072919945966, 39.451737022303924 ], [ -86.426444697169032, 39.450862537938242 ], [ -86.428075594223927, 39.448347956876937 ], [ -86.429225339096931, 39.444030081920815 ], [ -86.429196016603399, 39.440714847865124 ], [ -86.428995904628039, 39.439830914628487 ], [ -86.428985274969676, 39.439054602078642 ], [ -86.429295983636209, 39.437875255893694 ], [ -86.430377928596243, 39.435283534499206 ], [ -86.430602250785057, 39.4343129806389 ], [ -86.430543959156353, 39.433810190504445 ], [ -86.429747507788477, 39.432616765313519 ], [ -86.429012448091328, 39.432109302875105 ], [ -86.42830344711092, 39.431869119124308 ], [ -86.4237411178662, 39.431578158906085 ], [ -86.422469387337003, 39.431365858562771 ], [ -86.420602195938571, 39.430916464634635 ], [ -86.419525183448897, 39.43074199846815 ], [ -86.418367432824866, 39.430657140836914 ], [ -86.416425058829731, 39.430699920553401 ], [ -86.415127021751474, 39.431014317095403 ], [ -86.413595627515349, 39.431079570227958 ], [ -86.411462108966546, 39.430601228770342 ], [ -86.41102783914225, 39.430411722033995 ], [ -86.410144959413003, 39.429802997718397 ], [ -86.40882498665907, 39.428679270056634 ], [ -86.407951696661613, 39.427542571038501 ], [ -86.407598030162745, 39.42697925055468 ], [ -86.407132659405576, 39.425942112067915 ], [ -86.406592044074216, 39.424454206229761 ], [ -86.406113343309258, 39.422640874837676 ], [ -86.405151833048407, 39.420272337068766 ], [ -86.40433293694052, 39.4188400495783 ], [ -86.401652946699926, 39.414808314102423 ], [ -86.400654603212459, 39.412952017209349 ], [ -86.398341458407913, 39.408153296205498 ], [ -86.397641777166299, 39.406918350831035 ], [ -86.397350534647856, 39.406193286327245 ], [ -86.397184095381178, 39.405258996657956 ], [ -86.397207247346287, 39.404263317498305 ], [ -86.397703355789687, 39.401632045152581 ], [ -86.397655030413901, 39.400552599056319 ], [ -86.397524309025371, 39.399892342558665 ], [ -86.397522790539526, 39.39822485804109 ], [ -86.397349759174517, 39.397229071649484 ], [ -86.397304409706308, 39.396260843101501 ], [ -86.397214604253591, 39.396058746664281 ], [ -86.397650968208168, 39.395414372065609 ], [ -86.3981833460914, 39.394887042432373 ], [ -86.398683133671895, 39.394000492765457 ], [ -86.398982099275685, 39.393180097803516 ], [ -86.399129345830701, 39.392462972607383 ], [ -86.399027009462273, 39.392093059624401 ], [ -86.398759918437307, 39.391596966118705 ], [ -86.397449012472592, 39.389897747915867 ], [ -86.396516171680346, 39.389042819274664 ], [ -86.395751529991614, 39.387877356521003 ], [ -86.395592160570558, 39.387408754018963 ], [ -86.395589336871112, 39.386669870791209 ], [ -86.395821439405594, 39.386140615122997 ], [ -86.396342666622019, 39.385353487420133 ], [ -86.397613333591877, 39.383947533386113 ], [ -86.398090972143592, 39.383023817005935 ], [ -86.398201473578681, 39.382668218592492 ], [ -86.398196794726843, 39.382103566230768 ], [ -86.397812199166339, 39.380926557513654 ], [ -86.397163520240966, 39.380019020364983 ], [ -86.396285558486753, 39.379167106918096 ], [ -86.396155184108551, 39.37885726349846 ], [ -86.395265416038413, 39.377862011299975 ], [ -86.393066324335805, 39.375681174621846 ], [ -86.392595810626062, 39.37515455505396 ], [ -86.390980715011992, 39.373672115303812 ], [ -86.389268120984369, 39.372362907700932 ], [ -86.388431853925667, 39.37153154616265 ], [ -86.388189770905328, 39.371088130384962 ], [ -86.388152470053498, 39.370526465241277 ], [ -86.387761323125957, 39.369063826870843 ], [ -86.387358219574537, 39.368007646374416 ], [ -86.386810471253114, 39.367079769497408 ], [ -86.385685674198385, 39.365924541214468 ], [ -86.384955374616624, 39.365483749172306 ], [ -86.383888088934313, 39.364594051332951 ], [ -86.383675872025364, 39.364477387132204 ], [ -86.38333546272645, 39.36407539654396 ], [ -86.382433592653967, 39.363474515411284 ], [ -86.380057165160409, 39.362498047856818 ], [ -86.379247674172035, 39.362491729650685 ], [ -86.378184831410408, 39.363012391442936 ], [ -86.377009245464421, 39.363318946092392 ], [ -86.375157396033146, 39.362826989976192 ], [ -86.374551297777444, 39.3625736370022 ], [ -86.373993056107324, 39.362203856201987 ], [ -86.373569286176334, 39.361708633474592 ], [ -86.372089160947013, 39.358360423878139 ], [ -86.371222842255577, 39.357494623163213 ], [ -86.370527653690786, 39.35704121961718 ], [ -86.369862882723112, 39.356991930614036 ], [ -86.369058341355554, 39.357134692792933 ], [ -86.367672906540605, 39.357980853751904 ], [ -86.366195990658554, 39.35916114788305 ], [ -86.365113927145387, 39.359513706710366 ], [ -86.364464042908693, 39.359625918883985 ], [ -86.363901502340099, 39.359624792650706 ], [ -86.362902922165645, 39.359520960509684 ], [ -86.361075075370991, 39.358780951228617 ], [ -86.360840248031153, 39.358771104295293 ], [ -86.360358196703132, 39.358894632461372 ], [ -86.358231498359501, 39.360134232763627 ], [ -86.356267021101047, 39.360915143570459 ], [ -86.352562005866332, 39.36290302959663 ], [ -86.351510610082713, 39.363277519815661 ], [ -86.348797523467653, 39.364016791120292 ], [ -86.348235313875662, 39.36402503589936 ], [ -86.346527615559609, 39.363702153284535 ], [ -86.345841731155105, 39.363503360968053 ], [ -86.345321532274028, 39.363258329541068 ], [ -86.344461097155133, 39.363088803941565 ], [ -86.343299467825418, 39.363101823934969 ], [ -86.34282414587561, 39.36343351877106 ], [ -86.342244421107765, 39.364133586203053 ], [ -86.340828854605462, 39.366523056109294 ], [ -86.339701900022575, 39.367801029860431 ], [ -86.33937575570927, 39.368578398817732 ], [ -86.339220087482119, 39.36937043200809 ], [ -86.339307484524298, 39.371030852172979 ], [ -86.339113809063562, 39.371317131258124 ], [ -86.338572266572427, 39.371795201207469 ], [ -86.337627852051796, 39.372233796256545 ], [ -86.33651368212513, 39.372507629020888 ], [ -86.331965389263331, 39.372979234748378 ], [ -86.330376700038954, 39.373320572006278 ], [ -86.327919768410084, 39.373565016921582 ], [ -86.325199583277822, 39.373529923805052 ], [ -86.324397541637509, 39.373244087072372 ], [ -86.3236794723868, 39.37269061095153 ], [ -86.323312786079057, 39.372106006957637 ], [ -86.323073072430276, 39.37056094299831 ], [ -86.323065680592379, 39.369659281752455 ], [ -86.322793697279465, 39.368493887747611 ], [ -86.322391115659471, 39.367337191901122 ], [ -86.3215118860725, 39.366039286431416 ], [ -86.319929124044577, 39.364921888838388 ], [ -86.318541263115577, 39.364448332957785 ], [ -86.317496496118068, 39.364188978943858 ], [ -86.316320177286016, 39.363762884321105 ], [ -86.315160615801432, 39.363533156677228 ], [ -86.311938763287131, 39.363431259844354 ], [ -86.310902751861349, 39.363704216090873 ], [ -86.310225557552869, 39.364074732321697 ], [ -86.30962065941354, 39.364345603776549 ], [ -86.306902323922785, 39.365821468294484 ], [ -86.305929532933988, 39.366189235071921 ], [ -86.305027626245632, 39.366678722092928 ], [ -86.303201750705881, 39.367417713417275 ], [ -86.301093444033611, 39.368035022003795 ], [ -86.300683001017887, 39.368021458628988 ], [ -86.298719073082495, 39.36735724048544 ], [ -86.297664977136847, 39.366747335278127 ], [ -86.297298376154245, 39.366654630804618 ], [ -86.296010187731738, 39.365816146277595 ], [ -86.292943398893385, 39.36443593843255 ], [ -86.292301022852058, 39.363884021728715 ], [ -86.291453342580368, 39.362705106469889 ], [ -86.291361901489722, 39.362393223317888 ], [ -86.291353661819201, 39.361893267177287 ], [ -86.291669679186455, 39.360959022256971 ], [ -86.291939342039072, 39.360556622539981 ], [ -86.292548922530543, 39.359976707451764 ], [ -86.293419688587761, 39.35939325803767 ], [ -86.293726858447471, 39.358964850797769 ], [ -86.293612422158347, 39.358761592877549 ], [ -86.294624327545932, 39.358188299793355 ], [ -86.299586293375356, 39.355830672603219 ], [ -86.300937922102975, 39.354992601771826 ], [ -86.301635374392163, 39.35469468557379 ], [ -86.303193135520402, 39.354397941157949 ], [ -86.304852031814789, 39.354183987079566 ], [ -86.306218414295287, 39.354150159024009 ], [ -86.308294244304591, 39.353824430234887 ], [ -86.309555150091256, 39.353888770547989 ], [ -86.311747406684333, 39.354221398989004 ], [ -86.313666262351703, 39.354727448923029 ], [ -86.314928485836546, 39.355258596530739 ], [ -86.316730559752969, 39.355752109001244 ], [ -86.320022237171244, 39.356338324965137 ], [ -86.325279009913089, 39.355910678203507 ], [ -86.326682138069359, 39.355959956421835 ], [ -86.32847722056168, 39.356241321824037 ], [ -86.331492021191679, 39.356277165130287 ], [ -86.333018275997333, 39.356162796808647 ], [ -86.33433650433048, 39.355926701750782 ], [ -86.338107767271254, 39.355615165915303 ], [ -86.345891892086669, 39.35551729490755 ], [ -86.348203055576249, 39.355205786056949 ], [ -86.350015710479809, 39.355164266608796 ], [ -86.35064285781398, 39.354961115478176 ], [ -86.352202299755163, 39.354599140557646 ], [ -86.355068297859916, 39.353441007868433 ], [ -86.358732428486277, 39.351561493676286 ], [ -86.359368617433816, 39.351149154429066 ], [ -86.360198733833698, 39.350827739841527 ], [ -86.362488208904708, 39.350598297656937 ], [ -86.363755758382652, 39.350611425300301 ], [ -86.366460381365727, 39.35030431724099 ], [ -86.369084050494266, 39.349264750595118 ], [ -86.370491978841997, 39.348880859196591 ], [ -86.372096376265688, 39.348608803810563 ], [ -86.374084183845554, 39.348079939990988 ], [ -86.374728223528152, 39.348182937765266 ], [ -86.375376605437694, 39.348476789521051 ], [ -86.377247891734541, 39.350189527179431 ], [ -86.378477297246278, 39.351542406989033 ], [ -86.37918759088717, 39.352160145254842 ], [ -86.380026876176345, 39.352674281875082 ], [ -86.380594925197684, 39.352845670675549 ], [ -86.381473465580598, 39.352916955687974 ], [ -86.383149038466726, 39.353422947770227 ], [ -86.385061499394695, 39.353754958107579 ], [ -86.385931694755044, 39.353829278597203 ], [ -86.388132045902765, 39.354340196004514 ], [ -86.392115959865123, 39.355661661468851 ], [ -86.393930815493235, 39.356568785938947 ], [ -86.395003892596236, 39.357345508977481 ], [ -86.396530702565258, 39.358682346369584 ], [ -86.397721783687246, 39.360162534875641 ], [ -86.398025169189793, 39.360677256738022 ], [ -86.398303315559687, 39.361978191984548 ], [ -86.398214103339939, 39.363275918851727 ], [ -86.397777095555639, 39.365358484920449 ], [ -86.397789987985206, 39.36605870670482 ], [ -86.397914819791168, 39.366455875290804 ], [ -86.398914737628473, 39.367330509359128 ], [ -86.400047634115879, 39.367762998234859 ], [ -86.40191196882283, 39.36825397039528 ], [ -86.402541755936426, 39.368597202256026 ], [ -86.403805715295377, 39.369464480360868 ], [ -86.404362367016276, 39.370056562333808 ], [ -86.406123728948913, 39.372777358429744 ], [ -86.406643057622148, 39.374044603833092 ], [ -86.407007775391079, 39.37552777925417 ], [ -86.407082338291275, 39.376307161233939 ], [ -86.407401036185263, 39.377198460274911 ], [ -86.407591730346127, 39.378199149593527 ], [ -86.408246882053646, 39.379035231778822 ], [ -86.409230538276319, 39.379886860348748 ], [ -86.409636493260052, 39.380743219913647 ], [ -86.409736118675184, 39.381635783632277 ], [ -86.409548505485901, 39.384058570182063 ], [ -86.409654817371532, 39.385795422584792 ], [ -86.410480899607194, 39.388927333476715 ], [ -86.410724025611685, 39.390164051676884 ], [ -86.411387680846659, 39.391391300609229 ], [ -86.412716518990692, 39.393135500615209 ], [ -86.413579911931762, 39.393893595762933 ], [ -86.415434336521486, 39.394562238047968 ], [ -86.416800569892033, 39.394657525806771 ], [ -86.417433906390272, 39.394775917025477 ], [ -86.419699275701731, 39.394592910513026 ], [ -86.420749915209257, 39.394811626377312 ], [ -86.422211449632059, 39.39480634444007 ], [ -86.423297365576502, 39.394705919037193 ], [ -86.423981613348246, 39.394851368818635 ], [ -86.425009464352755, 39.395162453928748 ], [ -86.425996290042079, 39.395699873451143 ], [ -86.426574014258748, 39.396094637942504 ], [ -86.427123831215553, 39.396641436765634 ], [ -86.427570076008053, 39.396924024866799 ], [ -86.428462413842794, 39.397172540111406 ], [ -86.430405091980646, 39.397887787712584 ], [ -86.431512712513793, 39.398946636743339 ], [ -86.432622790010029, 39.399332328436934 ], [ -86.433392041176148, 39.399802445150399 ], [ -86.434724172560664, 39.400225583012237 ], [ -86.436922368084439, 39.400361620316566 ], [ -86.438049963673649, 39.400341423330119 ], [ -86.438821123182493, 39.400701369001787 ], [ -86.440312496859804, 39.400942728119922 ], [ -86.440748795911347, 39.400907960904036 ], [ -86.441648602545783, 39.400656465796082 ], [ -86.442502195821774, 39.400204115584152 ], [ -86.44491435617276, 39.398043741603821 ], [ -86.446030449846475, 39.3968115959321 ], [ -86.449256748389573, 39.392511894502128 ], [ -86.451130695975266, 39.389610574772341 ], [ -86.451723729786664, 39.388475184066401 ], [ -86.452392680629018, 39.387690815833736 ], [ -86.454847382685742, 39.383869907413633 ], [ -86.455467040397281, 39.381826595442746 ], [ -86.455426288978387, 39.380173344820804 ], [ -86.454978798903468, 39.378201970876965 ], [ -86.454472413307514, 39.376870242579436 ], [ -86.453498753138859, 39.374748649255523 ], [ -86.453408245384452, 39.373580915528159 ], [ -86.453675970320518, 39.372681813961016 ], [ -86.453948522377345, 39.372391839526074 ], [ -86.454728683090778, 39.371877301513706 ], [ -86.457504015624778, 39.369159227272704 ], [ -86.459482766743363, 39.366387030621631 ], [ -86.460156316815414, 39.365675677198688 ], [ -86.461186026949036, 39.364383002365805 ], [ -86.461827782837972, 39.363853034196126 ], [ -86.463459011570919, 39.362837805166208 ], [ -86.464073535952735, 39.362593484552576 ], [ -86.465177592624443, 39.361831012747942 ], [ -86.466375976849307, 39.361301853039308 ], [ -86.467112619189493, 39.361165102778962 ], [ -86.468480641968227, 39.361035820602964 ], [ -86.469028262601711, 39.36091056014012 ], [ -86.470302885538928, 39.360895408868089 ], [ -86.471149669686085, 39.361144006527567 ], [ -86.472175349360924, 39.361189681650771 ], [ -86.473637087802459, 39.361535626174302 ], [ -86.474230096552034, 39.36177521671133 ], [ -86.475567720135572, 39.362660764382277 ], [ -86.476090067582305, 39.363227477430684 ], [ -86.476477935523107, 39.365529599703251 ], [ -86.476648977108908, 39.367611272780245 ], [ -86.476425095726242, 39.370237469963001 ], [ -86.476612947142954, 39.370907665555237 ], [ -86.477179227398139, 39.371597010847175 ], [ -86.477796303048052, 39.371413139257285 ], [ -86.478703951658673, 39.370920307933503 ], [ -86.479300601770305, 39.370262330271899 ], [ -86.479546397909118, 39.370322039104266 ], [ -86.479813573495079, 39.370311542335408 ], [ -86.482050034356988, 39.369704503485025 ], [ -86.483109948200493, 39.369544058929556 ], [ -86.483706957246952, 39.369517124332724 ], [ -86.484857738090838, 39.369578990879873 ], [ -86.485471355754413, 39.369661360318574 ], [ -86.48580209269565, 39.369651703892984 ], [ -86.486390822267381, 39.370506749579462 ], [ -86.487091921585247, 39.371221251900785 ], [ -86.487906571413518, 39.372631353787838 ], [ -86.490216668076869, 39.375286416842684 ], [ -86.49089084042356, 39.375883145872521 ], [ -86.492453602679845, 39.376842313953503 ], [ -86.493661722423766, 39.377698066766847 ], [ -86.494653027691044, 39.378180683968168 ], [ -86.49552183789045, 39.378378847129426 ], [ -86.497862888493501, 39.378743144941325 ], [ -86.49995270009137, 39.378875760364927 ], [ -86.501659899382304, 39.378769862090103 ], [ -86.506673392225437, 39.378887260406977 ], [ -86.508447869317067, 39.378858045902142 ], [ -86.512827704386495, 39.37853988217622 ], [ -86.514378484227123, 39.3782604844898 ], [ -86.515059576305845, 39.377992227898538 ], [ -86.515593412923792, 39.377615409705399 ], [ -86.516041578007119, 39.377046151467937 ], [ -86.51717493387747, 39.375995341417052 ], [ -86.518338315446115, 39.374491465854717 ], [ -86.518654053544182, 39.373956704231553 ], [ -86.518929301345949, 39.373042374523322 ], [ -86.5190907288261, 39.371018910227207 ], [ -86.519491701290875, 39.369897821885871 ], [ -86.52016036691299, 39.36854877714763 ], [ -86.521094181933265, 39.367427638559505 ], [ -86.522489031952134, 39.366325544914304 ], [ -86.523739741830397, 39.365627173871708 ], [ -86.525493299540244, 39.364874656072992 ], [ -86.527199477069161, 39.364284843132573 ], [ -86.529627856036058, 39.363626223450957 ], [ -86.531351195792865, 39.363346798898085 ], [ -86.532662405703533, 39.363366443068621 ], [ -86.534235899076336, 39.363236249453436 ], [ -86.537522750672196, 39.36312355094347 ], [ -86.538799017819727, 39.362985153234284 ], [ -86.539258164449933, 39.36296921089167 ], [ -86.54269771627439, 39.362386948002253 ], [ -86.543496981034878, 39.362318930902354 ], [ -86.545415022181473, 39.362781454220865 ], [ -86.546705331699613, 39.363354200737263 ], [ -86.549163130409738, 39.365142905656548 ], [ -86.550420234935373, 39.365871012941305 ], [ -86.553332245548205, 39.367393400454631 ], [ -86.554926826536345, 39.367988695705399 ], [ -86.556685825043402, 39.368287317979309 ], [ -86.557510432974524, 39.36821332902705 ], [ -86.559542088331852, 39.367569768547277 ], [ -86.560958954663477, 39.36688951562958 ], [ -86.562241731298016, 39.366340847420119 ], [ -86.564084701546705, 39.36513416593462 ], [ -86.565209497047022, 39.364090664366032 ], [ -86.566243970586342, 39.362623906633331 ], [ -86.567031520398302, 39.361743568301485 ], [ -86.570627242772503, 39.358842831452463 ], [ -86.572952372012466, 39.357186055450889 ], [ -86.574430207587724, 39.356317205808047 ], [ -86.575221564836028, 39.356048568566266 ], [ -86.580306361481007, 39.355274574403452 ], [ -86.581918029994583, 39.355228345300503 ], [ -86.582752691785302, 39.355352592169659 ], [ -86.584041200761334, 39.356000656521672 ], [ -86.588608324895603, 39.359919037886193 ], [ -86.590380967636463, 39.361275725767428 ], [ -86.593089360078579, 39.362786482209856 ], [ -86.593497269396195, 39.362885855510505 ], [ -86.594695606003242, 39.362916873677804 ], [ -86.595474825221459, 39.362689798134348 ], [ -86.596292064486761, 39.362035033205999 ], [ -86.597178086501387, 39.360827668310506 ], [ -86.599081763774592, 39.358929091699565 ], [ -86.599524433930043, 39.358376472271516 ], [ -86.600704198353171, 39.35729381496607 ], [ -86.601443856685435, 39.357107420848187 ], [ -86.602807159679628, 39.356969773790482 ], [ -86.603846259021992, 39.356665430383366 ], [ -86.605104779181815, 39.356437733562352 ], [ -86.60661766203232, 39.35585479493124 ], [ -86.608873335798236, 39.354705804596783 ], [ -86.610417031946909, 39.354114601998425 ], [ -86.611570266182639, 39.353712042214113 ], [ -86.614372336323186, 39.353023406097464 ], [ -86.617770773575003, 39.351907804709036 ], [ -86.618850102038621, 39.351389504468209 ], [ -86.621061725500354, 39.349535086758074 ], [ -86.623038195777525, 39.348445526046127 ], [ -86.624949316109905, 39.347658672335655 ], [ -86.627847721403782, 39.346687806774312 ], [ -86.629196412556766, 39.34643908681884 ], [ -86.630815350006117, 39.346154070795897 ], [ -86.630798833382102, 39.347863400686904 ], [ -86.630798667432217, 39.34789493789264 ], [ -86.63078414576546, 39.355202630302649 ], [ -86.630772850859941, 39.369335968955362 ], [ -86.630762449590719, 39.369795484053931 ], [ -86.630789111939066, 39.375247369725649 ], [ -86.630788845292088, 39.375247517556787 ], [ -86.630040366455745, 39.375312909205043 ], [ -86.628984053696684, 39.375751291199649 ], [ -86.626890472727439, 39.377069623254435 ], [ -86.623735827469929, 39.379097601269962 ], [ -86.622476138187238, 39.379778728654038 ], [ -86.621133801815716, 39.380318088563399 ], [ -86.61915608181657, 39.380846909314037 ], [ -86.617618504784673, 39.381335857321091 ], [ -86.616488128519563, 39.381636115866172 ], [ -86.615361081526842, 39.381786040370613 ], [ -86.61321511557297, 39.382353454311939 ], [ -86.611889256138056, 39.383037202889 ], [ -86.610629597480326, 39.383410834847055 ], [ -86.60987533036095, 39.383521689423524 ], [ -86.609086354767143, 39.383891011265426 ], [ -86.608489516898601, 39.384328145673059 ], [ -86.606468143792256, 39.387344344856118 ], [ -86.605070969550368, 39.38897902467432 ], [ -86.604259455087288, 39.389712341591469 ], [ -86.603325588986834, 39.390395721823232 ], [ -86.602815979794642, 39.39071471501844 ], [ -86.601706129422382, 39.391258345078498 ], [ -86.598464951126289, 39.392157059150186 ], [ -86.596476858943305, 39.392421134001133 ], [ -86.593592009166272, 39.392926336976345 ], [ -86.592278092353823, 39.392988328335598 ], [ -86.590563514484586, 39.392892075169343 ], [ -86.589455069430684, 39.392728407764842 ], [ -86.588747512010841, 39.392492829169065 ], [ -86.587752292424128, 39.392280117484738 ], [ -86.586648974040358, 39.391828396375828 ], [ -86.586035170320883, 39.391449748784531 ], [ -86.585462720499848, 39.391306089460116 ], [ -86.585077645682333, 39.391532411066926 ], [ -86.584760959325209, 39.391852717417756 ], [ -86.5844235518571, 39.392494034430072 ], [ -86.584211919175885, 39.393425446178419 ], [ -86.584297683499685, 39.395323927527862 ], [ -86.584059570775935, 39.396399100575124 ], [ -86.580719033858045, 39.40001830578754 ], [ -86.579545476054236, 39.401691959848506 ], [ -86.579196610785871, 39.402433884619747 ], [ -86.57816570981376, 39.4055817367503 ], [ -86.578028938423699, 39.407337137313831 ], [ -86.578144205301101, 39.412256438818822 ], [ -86.57782553710706, 39.413873444817668 ], [ -86.577670692924968, 39.414302668175267 ], [ -86.577392163045943, 39.414720439120337 ], [ -86.575914330327848, 39.415945423304933 ], [ -86.574849602485799, 39.416433305684045 ], [ -86.571420501379734, 39.417485981521416 ], [ -86.570725989300826, 39.417477147572328 ], [ -86.569612479441588, 39.417628887987284 ], [ -86.568524287242099, 39.417684384987275 ], [ -86.567260681110781, 39.417905817488553 ], [ -86.565708011740782, 39.418072883748536 ], [ -86.564048621855818, 39.418079719062831 ], [ -86.563021276187087, 39.417857880534036 ], [ -86.561620734023805, 39.418052695570452 ], [ -86.560109922727932, 39.417769386752845 ], [ -86.559291738805911, 39.417311441073402 ], [ -86.558819103811359, 39.416873628371242 ], [ -86.558422784469514, 39.416003799038691 ], [ -86.557963814694062, 39.414397525842496 ], [ -86.557162835170899, 39.413260455283925 ], [ -86.556521528836996, 39.41263170363645 ], [ -86.556021300407494, 39.411874739806841 ], [ -86.554205620729689, 39.409898022377043 ], [ -86.553375372569576, 39.409438688241252 ], [ -86.552097326605207, 39.40896401349206 ], [ -86.551285000302286, 39.40885755696776 ], [ -86.549593158097167, 39.409104732663245 ], [ -86.547119710737078, 39.408490437060344 ], [ -86.545796731708549, 39.408475303779333 ], [ -86.545131077424742, 39.40864843631968 ], [ -86.544039998987472, 39.409560178792191 ], [ -86.54363234160796, 39.410161520022122 ], [ -86.54346155010181, 39.411355903640114 ], [ -86.543758812356685, 39.412908246237059 ], [ -86.544485181519974, 39.414211766058244 ], [ -86.544702217244037, 39.414460981865844 ], [ -86.544643944544291, 39.414998630607371 ], [ -86.544463494902402, 39.415327339364808 ], [ -86.543574383457326, 39.415836061567909 ], [ -86.540985523690537, 39.416039088362879 ], [ -86.539545838872414, 39.416382818561779 ], [ -86.539313140943335, 39.41654963241978 ], [ -86.539178300811344, 39.416797963608929 ], [ -86.539083826704356, 39.41724464298116 ], [ -86.539126321408787, 39.417722191204284 ], [ -86.538980225919175, 39.418147430494642 ], [ -86.538808475762252, 39.418385438269453 ], [ -86.538431070933598, 39.418651802861348 ], [ -86.537980600996093, 39.41883273441583 ], [ -86.53700235225331, 39.419048799550971 ], [ -86.535801572272689, 39.419185064224571 ], [ -86.535183501048195, 39.4190891855703 ], [ -86.533927288064845, 39.419167637645586 ], [ -86.533095192847895, 39.419371872911277 ], [ -86.532333599983076, 39.419920391450212 ], [ -86.530645776341203, 39.42203819941605 ], [ -86.529388931592806, 39.422993849773917 ], [ -86.528763012786669, 39.423353498606936 ], [ -86.525884574033, 39.424527301695598 ], [ -86.523099467854607, 39.425200225297026 ], [ -86.521634010320369, 39.425416040065549 ], [ -86.520275979212855, 39.42549918873371 ], [ -86.519128037574077, 39.425444510228637 ], [ -86.517106030948312, 39.425100467095127 ], [ -86.513590679253653, 39.423738422802565 ], [ -86.512429146069451, 39.423409679139603 ], [ -86.511460184790948, 39.422749865618364 ], [ -86.510706958185949, 39.422023743054261 ], [ -86.510139230415831, 39.420788357696473 ], [ -86.509921214045363, 39.419919958023335 ], [ -86.509722030940779, 39.419626818922474 ], [ -86.50962243474757, 39.418479015445044 ], [ -86.509460781524425, 39.417930249781243 ], [ -86.509079863947321, 39.41707539253143 ], [ -86.508436341700175, 39.416070889481936 ], [ -86.508376061029367, 39.415454060486461 ], [ -86.508623563783743, 39.414635212852851 ], [ -86.509500529029779, 39.413264938217473 ], [ -86.509791419508943, 39.412045900327463 ], [ -86.510391220538693, 39.410628866934175 ], [ -86.510475157625194, 39.409717036264006 ], [ -86.510315843834334, 39.409132731088228 ], [ -86.510040146268452, 39.408694581316318 ], [ -86.509614545527612, 39.408231461306492 ], [ -86.509176734536879, 39.407953413105083 ], [ -86.508423923476428, 39.408123327589777 ], [ -86.507741991777763, 39.408422930176592 ], [ -86.506918605569282, 39.408606423471596 ], [ -86.505902830413433, 39.409430406770923 ], [ -86.505146874249959, 39.409871654209411 ], [ -86.502950290243092, 39.4108133366896 ], [ -86.500246774292634, 39.411659200010156 ], [ -86.497785826675511, 39.41202000508968 ], [ -86.494760883221645, 39.412195137912576 ], [ -86.492863002327439, 39.412544358576234 ], [ -86.491938378412527, 39.412829722782959 ], [ -86.490587572015727, 39.412974885455789 ], [ -86.488570193095342, 39.413523886849596 ], [ -86.486945610882984, 39.414107114534353 ], [ -86.486403566009173, 39.414396611738269 ], [ -86.486059942099601, 39.414737688740679 ], [ -86.484988132313774, 39.415537761249269 ], [ -86.484564125019702, 39.415976612735129 ], [ -86.48406216119831, 39.416951329245506 ], [ -86.483845511448195, 39.417852233042723 ], [ -86.483315046026249, 39.418646092276305 ], [ -86.483018121422219, 39.419354757100805 ], [ -86.481682749891377, 39.421413006721934 ], [ -86.48073877136197, 39.422443219005324 ], [ -86.478793086468741, 39.424082170321533 ], [ -86.47787978614133, 39.425097710681243 ], [ -86.476483490521332, 39.426862511745462 ], [ -86.476098996029791, 39.427165145951335 ], [ -86.475635860187836, 39.42738142792907 ], [ -86.474428806880297, 39.427547876084112 ], [ -86.47340910407523, 39.427371312933758 ], [ -86.472493721384481, 39.427055876447142 ], [ -86.472097185082831, 39.426993810918496 ], [ -86.471442655747012, 39.42689135962592 ], [ -86.466756247726892, 39.428608766811188 ], [ -86.465901474125062, 39.428779743070542 ], [ -86.464045477701546, 39.42922918256086 ], [ -86.461919646625446, 39.429639395357988 ], [ -86.459610549087941, 39.430269294131023 ], [ -86.458116111640564, 39.43104159745193 ], [ -86.455952262582571, 39.432408665636345 ], [ -86.454978840414057, 39.432872339424186 ], [ -86.454189077719022, 39.433522320514157 ], [ -86.451614881126673, 39.436102962257522 ], [ -86.450125965211271, 39.437889409752941 ], [ -86.448559381872656, 39.43950551415616 ], [ -86.447840879461992, 39.440840266841747 ], [ -86.446856404739833, 39.441991674055522 ], [ -86.44670670405516, 39.442725024975793 ], [ -86.44673392419682, 39.443363919543984 ], [ -86.446585233724662, 39.443598771433095 ], [ -86.446457616198501, 39.444478364173335 ], [ -86.445968164214719, 39.446109027323594 ], [ -86.445116372658518, 39.447442141542751 ], [ -86.444339752483089, 39.448993592214428 ], [ -86.443589473776981, 39.450232212421795 ], [ -86.442478558559344, 39.45337907115406 ], [ -86.442444583506457, 39.453706364128116 ], [ -86.442037787036568, 39.454544556921363 ], [ -86.441916721918716, 39.455448435244222 ], [ -86.441966918470044, 39.456123127853715 ], [ -86.441823364155795, 39.458164324848347 ], [ -86.442163873977805, 39.460234139345431 ], [ -86.441977351471891, 39.461721383372073 ], [ -86.44128278340601, 39.463111609506257 ], [ -86.440402400560515, 39.464396371450867 ], [ -86.439698422322394, 39.465232051667542 ], [ -86.439265327901467, 39.465970513460775 ], [ -86.438770462780482, 39.467583441106171 ], [ -86.438608086800571, 39.469148957057214 ], [ -86.43874914955552, 39.470133777747776 ], [ -86.438415566050139, 39.473106530807826 ], [ -86.438762343866216, 39.475215133602205 ], [ -86.439266875596203, 39.479700133710814 ], [ -86.439194055554637, 39.481036729576154 ], [ -86.438979561917563, 39.482369387930454 ], [ -86.438963482801, 39.482469283928886 ], [ -86.43887420384506, 39.482714851271183 ], [ -86.438532177805797, 39.483177175577246 ], [ -86.438052815860473, 39.483530550339125 ], [ -86.43782740566138, 39.483784586512051 ], [ -86.436832469165495, 39.484524048334777 ], [ -86.43606259532568, 39.48499595271344 ], [ -86.435196196227267, 39.485721497768573 ], [ -86.434148019599917, 39.486599239556512 ], [ -86.432713017763206, 39.48760271183874 ], [ -86.431730369438753, 39.488547062165679 ], [ -86.431199080502907, 39.489266848902297 ], [ -86.43089992000958, 39.489304828573538 ], [ -86.430580085108659, 39.489623839597989 ], [ -86.43021901551063, 39.490544809255702 ], [ -86.429796060268771, 39.49185846475735 ], [ -86.429345467729277, 39.493530417045548 ], [ -86.429326069730323, 39.494278006289733 ], [ -86.429570911867771, 39.494851585575624 ], [ -86.429690441314818, 39.495440837984276 ], [ -86.429606026775176, 39.495993001924425 ], [ -86.429467490952803, 39.496265827861556 ], [ -86.427638246835542, 39.498403485933672 ], [ -86.42697106915837, 39.499308050359708 ], [ -86.425567140779023, 39.500718876864127 ], [ -86.423354869880427, 39.50238844525181 ], [ -86.422398859846652, 39.503500527224787 ], [ -86.421609598669576, 39.504593482413284 ], [ -86.420803205025138, 39.50542805390063 ], [ -86.42014137306775, 39.506003517150198 ], [ -86.41876378205167, 39.50696742028687 ], [ -86.417074764012597, 39.507879859254516 ], [ -86.416129553944359, 39.508896168196713 ], [ -86.415442551191333, 39.509449037177674 ], [ -86.415338965217188, 39.509643761595534 ], [ -86.415136969514919, 39.510685778359282 ], [ -86.415118167918891, 39.510782768026836 ], [ -86.415128341497677, 39.512006824413056 ], [ -86.415054988608503, 39.51225857107115 ], [ -86.414660729802407, 39.512768228276293 ], [ -86.414336296185027, 39.513060076164969 ], [ -86.413429566489455, 39.513597080856428 ], [ -86.412734220697772, 39.513913742972093 ], [ -86.410414939653947, 39.514611807072527 ], [ -86.409708238731568, 39.514931848900666 ], [ -86.408903106579771, 39.515149767736943 ], [ -86.408093403829056, 39.515550625103472 ], [ -86.406865137916697, 39.515822206144477 ], [ -86.405636668983632, 39.516386494235469 ], [ -86.405222966643649, 39.516816904882049 ], [ -86.405089677975056, 39.517169960068273 ], [ -86.405148879403029, 39.518099873119667 ], [ -86.406102446970181, 39.520394530360583 ], [ -86.406879045304464, 39.521659658118971 ], [ -86.4068854214173, 39.522244711521537 ], [ -86.406688988539031, 39.523238839789222 ], [ -86.406733208359228, 39.52493042625067 ], [ -86.406638901260067, 39.525404825328906 ], [ -86.406405604269295, 39.525741192701346 ], [ -86.405812626299223, 39.52627493361603 ], [ -86.405138545855465, 39.5271216415547 ], [ -86.404395490780786, 39.527521032529009 ], [ -86.403365850614605, 39.527710334720993 ], [ -86.401616664051232, 39.52769565449627 ], [ -86.399680191881856, 39.527519085016792 ], [ -86.397632955411098, 39.527144337385721 ], [ -86.395485403532092, 39.527070562067912 ], [ -86.394456231592727, 39.527150264012342 ], [ -86.394075631356799, 39.527118067841208 ], [ -86.392448473901041, 39.526510091239821 ], [ -86.391502726274865, 39.525878803340269 ], [ -86.390699955812195, 39.525488945100868 ], [ -86.388939981668898, 39.524940306596321 ], [ -86.387478424132325, 39.524679322885696 ], [ -86.386122137867972, 39.524647065368825 ], [ -86.384063472836189, 39.524419513243096 ], [ -86.382587840656626, 39.524126663235627 ], [ -86.381132400482585, 39.523732564256989 ], [ -86.379116983076642, 39.523794629721088 ], [ -86.378473303644569, 39.52388217023622 ], [ -86.37772554228647, 39.524184867255997 ], [ -86.37581520414993, 39.525281211069107 ], [ -86.374934862076344, 39.526268613754603 ], [ -86.374234933280974, 39.527440428846901 ], [ -86.373420053492268, 39.529836419665841 ], [ -86.37235662147981, 39.533421790617901 ], [ -86.372262545993578, 39.534381636220118 ], [ -86.37238190729957, 39.538546422484423 ], [ -86.373183666897361, 39.544831870060626 ], [ -86.372777527122878, 39.546037388135119 ], [ -86.372434507076306, 39.546665155776893 ], [ -86.372087420401471, 39.547024829108054 ], [ -86.371637854355725, 39.547173512100983 ], [ -86.370877481582923, 39.547622561777814 ], [ -86.36961522733796, 39.54885537007204 ], [ -86.369336096683369, 39.549447810596689 ], [ -86.369562247721703, 39.550318319393575 ], [ -86.370390333300719, 39.552098826027894 ], [ -86.370989473487683, 39.552984260860924 ], [ -86.372549380972487, 39.554613532882136 ], [ -86.374682298660346, 39.556044660677451 ], [ -86.376292397637556, 39.556877697513158 ], [ -86.376271161287818, 39.556915142458521 ], [ -86.376282382486835, 39.557086291977861 ], [ -86.376190724041606, 39.557243189939022 ], [ -86.375105401592805, 39.558281869908541 ], [ -86.373840553619743, 39.559076116239318 ], [ -86.373443786982008, 39.559280128324318 ], [ -86.373053004147522, 39.5593991349036 ], [ -86.370184064557407, 39.560906877897843 ], [ -86.368135501320538, 39.561804765063741 ], [ -86.366313847304482, 39.562865786036838 ], [ -86.365891281378126, 39.563355042337633 ], [ -86.365751196087885, 39.56393800707361 ], [ -86.365851621910991, 39.564306224412299 ], [ -86.366353310155787, 39.564901266031654 ], [ -86.366999741598022, 39.565290934751324 ], [ -86.366930123190244, 39.565805821906231 ], [ -86.366684475954628, 39.56647232066971 ], [ -86.365904827100792, 39.567626608496596 ], [ -86.364715923735176, 39.569825225651918 ], [ -86.363421820586694, 39.571076617343699 ], [ -86.361696013298271, 39.572953525293755 ], [ -86.36157318673537, 39.573685741606596 ], [ -86.36167110728725, 39.574117713576236 ], [ -86.362499298556202, 39.574754879005596 ], [ -86.364551922233957, 39.575302016953323 ], [ -86.365885818050586, 39.575524959096711 ], [ -86.369186041771883, 39.576683671891338 ], [ -86.370246936321934, 39.576867016577772 ], [ -86.37191115996086, 39.576887390132448 ], [ -86.372787772898263, 39.577016748963892 ], [ -86.371647172591011, 39.578760769635139 ], [ -86.371127797230997, 39.580254453780491 ], [ -86.371020804637297, 39.581537339917297 ], [ -86.371081559008402, 39.58334488184132 ], [ -86.371296531159331, 39.58388788963908 ], [ -86.371703847996599, 39.584294881677899 ], [ -86.371813977931254, 39.584709861155126 ], [ -86.372796048500916, 39.585647558588768 ], [ -86.374470416657488, 39.587757598295383 ], [ -86.375291095627688, 39.589234369032212 ], [ -86.374473214121139, 39.590419455443254 ], [ -86.374093891033453, 39.590763054764672 ], [ -86.373568089112467, 39.591049586446893 ], [ -86.372990826610604, 39.591595929522313 ], [ -86.372618893779602, 39.592149124388165 ], [ -86.371869710963963, 39.592944246652905 ], [ -86.371740693398252, 39.593394122573415 ], [ -86.372224906389206, 39.594282120239164 ], [ -86.373236494080047, 39.59539494746803 ], [ -86.374097344287406, 39.596208372261678 ], [ -86.376286792653488, 39.597823202326047 ], [ -86.377913002207336, 39.598759986073219 ], [ -86.378890323253515, 39.599137749294243 ], [ -86.380604709868749, 39.599513690900807 ], [ -86.381156554909566, 39.599518814644306 ], [ -86.382428208427825, 39.599286128594407 ], [ -86.382864181491954, 39.599310986212785 ], [ -86.383471767820467, 39.599567240735055 ], [ -86.383821144990506, 39.599889483320894 ], [ -86.384033074286265, 39.600233617580606 ], [ -86.384222064401555, 39.601220931087916 ], [ -86.385111513570337, 39.603339590687213 ], [ -86.386011586400599, 39.60505116679132 ], [ -86.386495830085096, 39.605749144883205 ], [ -86.387766494733128, 39.606913687063901 ], [ -86.388452501844256, 39.607866263887992 ], [ -86.389186874051958, 39.609290988055868 ], [ -86.390485762996946, 39.612965256174959 ], [ -86.390630858793855, 39.613818378988782 ], [ -86.39080016195652, 39.616827707045452 ], [ -86.39109827093651, 39.618221188606135 ], [ -86.391690848056967, 39.619474400967071 ], [ -86.391869010651703, 39.62023377745264 ], [ -86.392222769201737, 39.620907122097101 ], [ -86.393001839174914, 39.621795619056549 ], [ -86.393657980631687, 39.622269557803847 ], [ -86.394691196149651, 39.623210305612574 ], [ -86.398640717073704, 39.626202242017307 ], [ -86.398957241191724, 39.626614558365816 ], [ -86.399579575522893, 39.627944518373113 ], [ -86.399749389818169, 39.628797512440933 ], [ -86.399815249078458, 39.629535964645228 ], [ -86.399984193277675, 39.630132442540649 ], [ -86.400231012792617, 39.630676686855587 ], [ -86.400231094224551, 39.630677242309581 ], [ -86.398824095371666, 39.630695655891941 ], [ -86.385212385650817, 39.630685373597728 ], [ -86.385212635516979, 39.63068479015292 ], [ -86.385204349990559, 39.630663138749433 ], [ -86.384913833621539, 39.629943701320883 ], [ -86.384581095387333, 39.628093229952171 ], [ -86.384534378236481, 39.62654042109358 ], [ -86.384228404102089, 39.625799408269529 ], [ -86.383794214102323, 39.623965162881817 ], [ -86.383499618840986, 39.621840861642383 ], [ -86.383607637591339, 39.619862210916253 ], [ -86.385419436223074, 39.616078959207186 ], [ -86.385520837795923, 39.615570411647568 ], [ -86.385457230103583, 39.615180874218112 ], [ -86.384816698069557, 39.614270816901815 ], [ -86.384029031425513, 39.613881897932885 ], [ -86.383155724568155, 39.613583424825428 ], [ -86.381414099175515, 39.613149346769283 ], [ -86.379752370032406, 39.61295402873241 ], [ -86.377676053538963, 39.612526415775157 ], [ -86.376025022204232, 39.61250040991029 ], [ -86.375432216886026, 39.612158978587601 ], [ -86.374465344001848, 39.610833076676023 ], [ -86.373863965413861, 39.609796610755581 ], [ -86.372610925226994, 39.607388264499725 ], [ -86.372179629746242, 39.606310196156699 ], [ -86.372000149012422, 39.605697861036234 ], [ -86.371986590367825, 39.604933619324235 ], [ -86.370266326346936, 39.600226699984496 ], [ -86.370078830305658, 39.599205266332461 ], [ -86.368910701576141, 39.595190344875377 ], [ -86.368389262304888, 39.592397569588655 ], [ -86.368037465852055, 39.591641437717378 ], [ -86.367922045162331, 39.591310968573829 ], [ -86.367181808134589, 39.59016639132853 ], [ -86.366287717239771, 39.590168466413928 ], [ -86.363364038628177, 39.590758617712744 ], [ -86.362861977620298, 39.590738302881249 ], [ -86.362035259823713, 39.590504551967285 ], [ -86.361208082168687, 39.59006444066371 ], [ -86.360556485280711, 39.589563224851389 ], [ -86.359475282104526, 39.588468339167989 ], [ -86.357257535310822, 39.587114080652455 ], [ -86.355935283949904, 39.585897134718834 ], [ -86.355273387612613, 39.585056971151992 ], [ -86.355397516457842, 39.584426205188628 ], [ -86.356097237018929, 39.583309368341865 ], [ -86.356221971523823, 39.582282260289759 ], [ -86.356194699023206, 39.581151964911129 ], [ -86.355361054593487, 39.57816712524739 ], [ -86.355338611316057, 39.576402478165996 ], [ -86.355097996317426, 39.575061869165452 ], [ -86.354538100029117, 39.573691713792748 ], [ -86.354276877724118, 39.572819507845338 ], [ -86.354022714837186, 39.572429021669272 ], [ -86.352640221930486, 39.571364945799253 ], [ -86.351796962110043, 39.570832906687727 ], [ -86.350244080612754, 39.569278659253591 ], [ -86.349972205821118, 39.568187258739428 ], [ -86.348687128157351, 39.564764018158129 ], [ -86.34822396123819, 39.564026675354803 ], [ -86.347351195505681, 39.562241199028136 ], [ -86.34691736595326, 39.559087546268607 ], [ -86.346883678486108, 39.557926613866229 ], [ -86.346257273060317, 39.554188888712019 ], [ -86.346023515862257, 39.553734017853841 ], [ -86.344722593477528, 39.552102507897906 ], [ -86.344094594543861, 39.550561405780819 ], [ -86.343857288369335, 39.549687732594634 ], [ -86.343833351578709, 39.548664699036287 ], [ -86.343357006117643, 39.545920569254314 ], [ -86.343250596411849, 39.544567824517564 ], [ -86.34299943749464, 39.54366858998641 ], [ -86.340970462561316, 39.539255282923456 ], [ -86.340697815062953, 39.538333623742851 ], [ -86.34021405417252, 39.537685099248449 ], [ -86.339869202845804, 39.536474357951342 ], [ -86.339303369197779, 39.535618580758587 ], [ -86.338715450287154, 39.534474146359315 ], [ -86.337331874014779, 39.532554464351279 ], [ -86.336408905867998, 39.531014824228713 ], [ -86.335317304557449, 39.529915501205402 ], [ -86.335002654764523, 39.529381803942343 ], [ -86.334563371857257, 39.527122182377738 ], [ -86.334700856715827, 39.526707326635282 ], [ -86.335099044973674, 39.526248910057362 ], [ -86.335429281195999, 39.525482558875808 ], [ -86.335536501752827, 39.524742805837754 ], [ -86.336041840043123, 39.523852851838022 ], [ -86.336365082780517, 39.522787395220277 ], [ -86.336403891635882, 39.521384143957725 ], [ -86.336273972469883, 39.520609784541264 ], [ -86.335787948772889, 39.519730930409636 ], [ -86.335424605795254, 39.51939320792637 ], [ -86.333538929758078, 39.518784821665299 ], [ -86.332617197355802, 39.518572382022704 ], [ -86.331731184655595, 39.518671220269248 ], [ -86.329741868547444, 39.519095230098308 ], [ -86.325920230709883, 39.520224442542649 ], [ -86.32425161948602, 39.520521538444932 ], [ -86.32189185622326, 39.521224572272708 ], [ -86.319824735376812, 39.521979939851576 ], [ -86.317980012667078, 39.522843724720211 ], [ -86.316696254252378, 39.52355180524107 ], [ -86.314641021630592, 39.52516198813445 ], [ -86.311685609262753, 39.527294971576246 ], [ -86.310063129962003, 39.52867331061362 ], [ -86.308413012069437, 39.530283749490316 ], [ -86.307322456820401, 39.532236182302739 ], [ -86.306970016219424, 39.534019195626954 ], [ -86.306490638925055, 39.535025663608835 ], [ -86.306054763750154, 39.536624511038575 ], [ -86.305649673869667, 39.537622773930472 ], [ -86.305021179601439, 39.538846712933584 ], [ -86.304435252629219, 39.539618936285962 ], [ -86.304381940254672, 39.539896038207914 ], [ -86.303941279291152, 39.540398100118189 ], [ -86.303093212256698, 39.542151399488461 ], [ -86.302987103336065, 39.542405188647379 ], [ -86.303009334168465, 39.543217620064652 ], [ -86.303293026284365, 39.543833393138193 ], [ -86.303745883348839, 39.544495342598481 ], [ -86.304180194729483, 39.545863272504057 ], [ -86.304335352193604, 39.546927942649752 ], [ -86.304022658491206, 39.547899486365857 ], [ -86.303260988399373, 39.549249997324473 ], [ -86.302817227515305, 39.549846808340313 ], [ -86.302175000180839, 39.551004860932117 ], [ -86.302054038856738, 39.551380715070735 ], [ -86.301535039050108, 39.552192555716211 ], [ -86.301083231359456, 39.552633743695424 ], [ -86.300454212440656, 39.553443995858728 ], [ -86.299541569562081, 39.555498715188186 ], [ -86.297642030889307, 39.557604120045646 ], [ -86.297317399157379, 39.558654391340539 ], [ -86.297232777201586, 39.559326473318187 ], [ -86.297361633855317, 39.560154863827897 ], [ -86.29710342054392, 39.563081478017025 ], [ -86.29692326816884, 39.563361068897116 ], [ -86.29626836518166, 39.563953576855745 ], [ -86.295840410742898, 39.564196190524349 ], [ -86.295401724746, 39.564332626232172 ], [ -86.29441940007068, 39.564607515349572 ], [ -86.293910305386291, 39.564896355062515 ], [ -86.293249468620076, 39.565465303487066 ], [ -86.292633398861398, 39.566248998371023 ], [ -86.28979763854548, 39.568789236981928 ], [ -86.288804365395237, 39.570158943371617 ], [ -86.288351352847272, 39.570950645924313 ], [ -86.288103474553822, 39.572052361532698 ], [ -86.288084685802659, 39.572428887505033 ], [ -86.288294714413354, 39.57360484691069 ], [ -86.288507652370868, 39.574120720215014 ], [ -86.289000506307517, 39.574727737234625 ], [ -86.29037385892542, 39.576096144249696 ], [ -86.291546901526161, 39.577659075851543 ], [ -86.292486254607894, 39.579287559114583 ], [ -86.292861675998935, 39.580149488045095 ], [ -86.292901201243239, 39.580790126648864 ], [ -86.292512860156947, 39.582004425164818 ], [ -86.292173269468051, 39.582674183840275 ], [ -86.291705213843969, 39.583211577121524 ], [ -86.288860396231755, 39.585777691473339 ], [ -86.28570775451999, 39.588051833084073 ], [ -86.283431103556936, 39.589904410069941 ], [ -86.283026266614314, 39.590114791168581 ], [ -86.280195593367608, 39.592312364440744 ], [ -86.279331465545866, 39.593322997929008 ], [ -86.279064086636311, 39.593727734418209 ], [ -86.278830970175363, 39.594410793013608 ], [ -86.277660578468371, 39.595943871881126 ], [ -86.27655162885803, 39.59679898010684 ], [ -86.276082310387963, 39.597285786263711 ], [ -86.275022567682299, 39.598026066160401 ], [ -86.27458085155763, 39.598480893207025 ], [ -86.27307526481566, 39.599689882629924 ], [ -86.27222055768982, 39.6004835237853 ], [ -86.270868036775397, 39.601947709270398 ], [ -86.26864374288391, 39.60393851877663 ], [ -86.26788538437809, 39.604886435468018 ], [ -86.267692073697305, 39.605757574289299 ], [ -86.26747077391731, 39.606834761569665 ], [ -86.267056733458645, 39.607986678233168 ], [ -86.265866814519256, 39.609858195390672 ], [ -86.264120224627959, 39.61298176358455 ], [ -86.261441922212811, 39.617058629569812 ], [ -86.259875605966187, 39.619108798646728 ], [ -86.257306053979136, 39.621635296279237 ], [ -86.256169266668451, 39.623054936331023 ], [ -86.255493195300048, 39.62415395057991 ], [ -86.254433612735482, 39.62626664340025 ], [ -86.253444369824749, 39.627775354702891 ], [ -86.251722127150146, 39.629646580484341 ], [ -86.250903501558994, 39.630128676036399 ], [ -86.249801745887424, 39.630650186439425 ], [ -86.249801731236658, 39.630650140392603 ], [ -86.249688930380287, 39.61902033301763 ], [ -86.249789685591409, 39.612722815390647 ], [ -86.24986880516083, 39.604312242605282 ], [ -86.250695997841675, 39.604227477666086 ], [ -86.250623121044512, 39.590657520512352 ], [ -86.250646800745969, 39.59001343717366 ], [ -86.250593211831415, 39.576204798355711 ], [ -86.25058559597943, 39.575290202088858 ], [ -86.250563801946598, 39.566167805451414 ] ], [ [ -86.351409473863598, 39.539709754121375 ], [ -86.351368302197073, 39.54004021177925 ], [ -86.351550161050639, 39.540734923373961 ], [ -86.351809007581849, 39.543330138527459 ], [ -86.351989005762206, 39.544165938902417 ], [ -86.35198512892272, 39.546049820007632 ], [ -86.352210450427464, 39.546941772871094 ], [ -86.352657986353961, 39.547706945115436 ], [ -86.353413003120437, 39.548468840168972 ], [ -86.354963852384969, 39.549496046598918 ], [ -86.35548023372786, 39.549757073508246 ], [ -86.356084100597201, 39.549958441159468 ], [ -86.357040295287035, 39.550140797098138 ], [ -86.357768384704997, 39.550195381715156 ], [ -86.358567048896347, 39.550166988009401 ], [ -86.359226181351687, 39.550164236313542 ], [ -86.359987583107568, 39.550072308647863 ], [ -86.362190363196774, 39.549463635494597 ], [ -86.362799923987879, 39.549148741593008 ], [ -86.362994316876154, 39.548917318158793 ], [ -86.363451184951018, 39.548022452996697 ], [ -86.363809878542725, 39.54699086623171 ], [ -86.364424771370551, 39.546029400849825 ], [ -86.36474907739192, 39.545095435181359 ], [ -86.365086804950451, 39.543223424983843 ], [ -86.36538775265295, 39.542530827330729 ], [ -86.365136171571862, 39.541448058280686 ], [ -86.364959779655592, 39.541219964759264 ], [ -86.364022393697624, 39.540536857467778 ], [ -86.362823496331615, 39.539843043908384 ], [ -86.36187517280392, 39.539016549557516 ], [ -86.36041601708952, 39.536404734178255 ], [ -86.360374672949533, 39.535332748106676 ], [ -86.360443555279019, 39.534776825651484 ], [ -86.360733998092186, 39.533850665406838 ], [ -86.360758141774113, 39.533544058213138 ], [ -86.360959346592026, 39.533056104962895 ], [ -86.361848969836245, 39.532100509170277 ], [ -86.362619620942326, 39.531063413412866 ], [ -86.36322771523065, 39.530492041332451 ], [ -86.36453704523224, 39.528419679642575 ], [ -86.365483447973162, 39.526499766959816 ], [ -86.365929519307088, 39.525143147120801 ], [ -86.366197463227806, 39.52315766352654 ], [ -86.366141571518725, 39.52201579907868 ], [ -86.366247240567446, 39.521653473371366 ], [ -86.366773981856241, 39.521127485826682 ], [ -86.367688576207868, 39.51997443112208 ], [ -86.368718293663889, 39.519413767814882 ], [ -86.369633241242283, 39.519062270452416 ], [ -86.369897938360808, 39.518803678384266 ], [ -86.370140015449223, 39.518161359534353 ], [ -86.370192835126062, 39.517692915855243 ], [ -86.369933002960593, 39.515933988914739 ], [ -86.369754732889007, 39.515403178274589 ], [ -86.369188579589093, 39.51424859601417 ], [ -86.368381195680939, 39.513013226429038 ], [ -86.367640034539477, 39.512418595258112 ], [ -86.365823502584902, 39.511520511595002 ], [ -86.364392099039861, 39.511020604589973 ], [ -86.363449336312414, 39.510603228794764 ], [ -86.36164391453876, 39.510153570412157 ], [ -86.357023389673586, 39.508703093097431 ], [ -86.355931770623584, 39.508253521665338 ], [ -86.353903437906368, 39.507663291946812 ], [ -86.350658384683427, 39.506965685285138 ], [ -86.349525192118165, 39.506873696238614 ], [ -86.346736186220511, 39.507171012127614 ], [ -86.346074753090349, 39.507398519976398 ], [ -86.345294312996884, 39.50785438258923 ], [ -86.344775132577297, 39.508312925445317 ], [ -86.343866380939488, 39.509313974164137 ], [ -86.343234919514472, 39.510163709235933 ], [ -86.342414729074818, 39.512245427154831 ], [ -86.342331143495358, 39.51298385156457 ], [ -86.342544872039909, 39.513995090924389 ], [ -86.343005724535814, 39.514874739651042 ], [ -86.343683050372945, 39.515771311276488 ], [ -86.344918611382397, 39.517007891151962 ], [ -86.345292317185184, 39.517620008672743 ], [ -86.345874868738434, 39.518292121331271 ], [ -86.346464175947474, 39.519141082648048 ], [ -86.346779782460359, 39.519733076263435 ], [ -86.346891985669089, 39.520320094258572 ], [ -86.34702308511298, 39.523268841398604 ], [ -86.346991259880099, 39.524460040833702 ], [ -86.3467229528666, 39.526393789704976 ], [ -86.346694490072508, 39.527425056022693 ], [ -86.346963593842233, 39.528349935801316 ], [ -86.347168062201717, 39.528774025518508 ], [ -86.348215319449437, 39.530548885387212 ], [ -86.348653384239356, 39.531473634082772 ], [ -86.349875578726454, 39.533609904070715 ], [ -86.350216411663425, 39.534378219729668 ], [ -86.350314773081536, 39.535265435927741 ], [ -86.351067330678063, 39.536859000269992 ], [ -86.351168976075755, 39.537582223519934 ], [ -86.351121966543062, 39.538505300307079 ], [ -86.351231117845884, 39.539275445469151 ], [ -86.351409473863598, 39.539709754121375 ] ], [ [ -86.540842383493114, 39.407310731512688 ], [ -86.540931677403805, 39.40789064286362 ], [ -86.541165237293896, 39.408211872749916 ], [ -86.541889478980849, 39.408231751618544 ], [ -86.543521949239448, 39.407685976599168 ], [ -86.544430646631824, 39.407510605514688 ], [ -86.545195707817953, 39.407234865517864 ], [ -86.545725620128309, 39.407226943950128 ], [ -86.54664876680323, 39.40706308881424 ], [ -86.547503874149129, 39.407112953442116 ], [ -86.548404857483732, 39.406945763321517 ], [ -86.549073140642179, 39.40693292378684 ], [ -86.549543396407529, 39.406668363033916 ], [ -86.549804120939669, 39.40631209007843 ], [ -86.54997389946179, 39.405720154628774 ], [ -86.549771069770301, 39.404695849211159 ], [ -86.549724595556441, 39.403680013930334 ], [ -86.549412237998709, 39.402555667850166 ], [ -86.549055321239607, 39.401981123854085 ], [ -86.548601034793975, 39.401461385083877 ], [ -86.547511233762819, 39.400588817719871 ], [ -86.547088495614886, 39.400394608288472 ], [ -86.546396366036177, 39.400257138240278 ], [ -86.545891408013034, 39.400011307867757 ], [ -86.545511910207068, 39.399716648198009 ], [ -86.544529360549319, 39.39924278438049 ], [ -86.543642165632804, 39.399269407100199 ], [ -86.542976077317491, 39.399402087901876 ], [ -86.542365199489225, 39.399709272956585 ], [ -86.541760922039899, 39.400114308825678 ], [ -86.541306798741942, 39.400749016595661 ], [ -86.540956553037418, 39.40182335788159 ], [ -86.540803651771256, 39.402886343187028 ], [ -86.540839757360743, 39.403448267934287 ], [ -86.541031665013023, 39.404301412391703 ], [ -86.540842383493114, 39.407310731512688 ] ], [ [ -86.423085638167564, 39.405339512431311 ], [ -86.423803148136159, 39.405325947141321 ], [ -86.424581192708089, 39.40523629635927 ], [ -86.425196771492651, 39.405010798027675 ], [ -86.425506059052253, 39.404682429055981 ], [ -86.425831008167449, 39.404108205493145 ], [ -86.425823404787664, 39.403612789909069 ], [ -86.425654262207857, 39.402890223258503 ], [ -86.425312859749553, 39.402081067427368 ], [ -86.425081182350254, 39.401141607379344 ], [ -86.424779180376547, 39.400729492272319 ], [ -86.424335481150464, 39.400400876225625 ], [ -86.423990383439872, 39.400300423210183 ], [ -86.423029967337953, 39.399870895200216 ], [ -86.421514019477044, 39.39954572056029 ], [ -86.419851140442432, 39.399805822642698 ], [ -86.419403974806073, 39.399932028845896 ], [ -86.41838939659381, 39.400047080451714 ], [ -86.418181641817881, 39.400119338782311 ], [ -86.417851259933101, 39.400537095598764 ], [ -86.417695039773619, 39.4014814501489 ], [ -86.417891411030524, 39.40286969506105 ], [ -86.418134193465193, 39.40335536304395 ], [ -86.418409141763433, 39.403669678268074 ], [ -86.419550276733204, 39.404475807653235 ], [ -86.420608229038166, 39.405044988616901 ], [ -86.421324685833568, 39.405214052874669 ], [ -86.422376628804642, 39.405216658389122 ], [ -86.423085638167564, 39.405339512431311 ] ], [ [ -86.472697234051054, 39.38146061766588 ], [ -86.471272946217951, 39.382538228746839 ], [ -86.469387098054924, 39.383218470761371 ], [ -86.468067697461976, 39.384000895097273 ], [ -86.4668779708648, 39.38594581432303 ], [ -86.465939078385489, 39.387889517685934 ], [ -86.465079623892763, 39.388667385604123 ], [ -86.46397492417924, 39.389362446507619 ], [ -86.463551633003604, 39.389775399432779 ], [ -86.463438769939273, 39.390104029050207 ], [ -86.463493987196856, 39.392044236486221 ], [ -86.46336522955167, 39.392583527861291 ], [ -86.463552195735161, 39.393736107707028 ], [ -86.463541204725658, 39.394538160579494 ], [ -86.465039220414639, 39.395029075867534 ], [ -86.466518276482788, 39.395141381953664 ], [ -86.468921257386654, 39.39520067878189 ], [ -86.47251788435895, 39.395123393190985 ], [ -86.473957953797367, 39.395002544506369 ], [ -86.474676127932653, 39.394759409679629 ], [ -86.477141773738865, 39.393204575713384 ], [ -86.47847506760634, 39.392825757029549 ], [ -86.48053901891754, 39.39198000492491 ], [ -86.48182753642314, 39.391266864250191 ], [ -86.483532616556985, 39.390133157211977 ], [ -86.483916131369128, 39.388635701425088 ], [ -86.481396839985763, 39.386896083306539 ], [ -86.477875537325417, 39.384698491651051 ], [ -86.476903989013493, 39.383971341142505 ], [ -86.475384931947204, 39.383028215998081 ], [ -86.474231632683825, 39.381708703236022 ], [ -86.473519183016478, 39.381372764816881 ], [ -86.472697234051054, 39.38146061766588 ] ] ] } },
{ "type": "Feature", "properties": { "fid_1": 306, "aq_system": "Till Subsystem (over buried valley with some potential)", "aq_type": "locally discontinuous intertill or basal sand and/or gravel overlying a known bedrock valley with some deep aquifer potential", "aq_thk_ft": "individual units are commonly 5 to 10 but are absent in many areas (generally about 80 percent of the wells started in this system are completed in bedrock)", "yield_gpm": "generally less than 10, domestic only; extremely limited high-capacity potential", "more_info": "http://www.in.gov/dnr/water/4302.htm", "shape_Leng": 150177.49310299999, "Shape_Le_1": 108984.286177, "Shape_Area": 65172372.981799997 }, "geometry": { "type": "MultiPolygon", "coordinates": [ [ [ [ -86.490425437834347, 39.592239734687219 ], [ -86.491217363240438, 39.591234823680018 ], [ -86.493218075640769, 39.589184759429642 ], [ -86.494071517580423, 39.587660789743964 ], [ -86.494465836891777, 39.586443207880421 ], [ -86.494942478428712, 39.58381276667032 ], [ -86.494805312347594, 39.583262887442785 ], [ -86.494616720431594, 39.582974334236638 ], [ -86.493925743759561, 39.5824074976193 ], [ -86.492678853897004, 39.581609706148917 ], [ -86.491753114167835, 39.580826064123329 ], [ -86.48999603398687, 39.578738417473971 ], [ -86.48975167154147, 39.578580216156546 ], [ -86.489221392389425, 39.578503977916817 ], [ -86.487366073554796, 39.578614448861273 ], [ -86.484894390610279, 39.579346486812611 ], [ -86.483700821976555, 39.579529253860777 ], [ -86.483115054159242, 39.579506027750405 ], [ -86.482704883955648, 39.579096265363013 ], [ -86.482214301463301, 39.578203642295627 ], [ -86.481778352647439, 39.577685638826196 ], [ -86.481878807845519, 39.576710898429546 ], [ -86.48340887465578, 39.576881356131473 ], [ -86.48531669062308, 39.576573828843671 ], [ -86.487411694748943, 39.576236088541648 ], [ -86.489159353654358, 39.575704006620953 ], [ -86.490809885387307, 39.574824472472756 ], [ -86.493206529291797, 39.574102393761336 ], [ -86.495456740580082, 39.572955518295196 ], [ -86.499001564765067, 39.571891296520398 ], [ -86.500535038572622, 39.570784277948043 ], [ -86.502230730454897, 39.570025808494265 ], [ -86.503598429167496, 39.569414016769009 ], [ -86.505720883478716, 39.568464559365047 ], [ -86.507400695138102, 39.567713067329272 ], [ -86.509449605160071, 39.566796396921006 ], [ -86.512261720211697, 39.565951156789978 ], [ -86.512930896139693, 39.565534541877582 ], [ -86.514646638198926, 39.564466317502784 ], [ -86.516808235505323, 39.563120417866024 ], [ -86.518334934793117, 39.56159500938719 ], [ -86.520189650203662, 39.559741742601894 ], [ -86.521452457932398, 39.55847984760657 ], [ -86.52276245218485, 39.557170736518621 ], [ -86.524436207898574, 39.556173985414929 ], [ -86.525068370135287, 39.555797508574997 ], [ -86.526357231283569, 39.555029917804013 ], [ -86.527707469523747, 39.554225740854861 ], [ -86.529154420813001, 39.553846051374926 ], [ -86.53105348813115, 39.552889831939005 ], [ -86.532074893977921, 39.552137842731916 ], [ -86.532380606477872, 39.552160419756611 ], [ -86.533691774770134, 39.551509378618952 ], [ -86.535507826871537, 39.55025923379425 ], [ -86.537005959756442, 39.549369355590876 ], [ -86.537806546772785, 39.549185888693714 ], [ -86.538819752689776, 39.549117934286627 ], [ -86.541255109589045, 39.549259467758318 ], [ -86.543822384382182, 39.549113357997498 ], [ -86.544462036326806, 39.548963230613275 ], [ -86.546605415143887, 39.548134134034775 ], [ -86.548934695355129, 39.547490264221302 ], [ -86.550080748436272, 39.547240302269365 ], [ -86.551091848844024, 39.547112337431678 ], [ -86.551998390210073, 39.546745226093563 ], [ -86.552545250655641, 39.546237330875847 ], [ -86.555959018621564, 39.546077676860243 ], [ -86.557315773552503, 39.545647874071697 ], [ -86.558614502258635, 39.545236432636237 ], [ -86.560772686842625, 39.544552669645874 ], [ -86.562608328485894, 39.543670732164351 ], [ -86.563958150594857, 39.543022174783289 ], [ -86.564453889372487, 39.542332245970748 ], [ -86.565230399592991, 39.541251530003066 ], [ -86.565865831189598, 39.540367132592188 ], [ -86.566418375613736, 39.539598075385037 ], [ -86.566573264635693, 39.538512292061917 ], [ -86.566248264391788, 39.537191427495543 ], [ -86.565899113494197, 39.535772353776927 ], [ -86.565748858752457, 39.535161649028311 ], [ -86.565500270915905, 39.534151242020897 ], [ -86.564912743600189, 39.533500618806656 ], [ -86.563748197252863, 39.532210965897491 ], [ -86.561989148612554, 39.531253401881735 ], [ -86.559885276680703, 39.53010806031854 ], [ -86.558931987910995, 39.529378396768514 ], [ -86.557404681737751, 39.528710633715626 ], [ -86.555269738991541, 39.527777147372127 ], [ -86.554190457830387, 39.526991891510477 ], [ -86.552460698095175, 39.526537978795623 ], [ -86.550319247543086, 39.525975987812792 ], [ -86.549159474255688, 39.525671604107771 ], [ -86.546922915332502, 39.525084574032611 ], [ -86.545267147307101, 39.524506548372052 ], [ -86.544539808654378, 39.524072812152909 ], [ -86.542990472087624, 39.523148862718436 ], [ -86.54216157804764, 39.522328458663289 ], [ -86.540479896404733, 39.520663920735792 ], [ -86.539452181347215, 39.519205194202392 ], [ -86.539248605478704, 39.518654139076304 ], [ -86.538906260193173, 39.517727439741357 ], [ -86.538193668816504, 39.516889109178358 ], [ -86.537273010721023, 39.51629438301579 ], [ -86.535787374744942, 39.515334654700787 ], [ -86.535032187025791, 39.514480373266203 ], [ -86.534649683837046, 39.514047671367727 ], [ -86.534205041745452, 39.513544663478854 ], [ -86.534522413443739, 39.512768823742654 ], [ -86.535207752727359, 39.512469105608155 ], [ -86.535906657963523, 39.512163447377844 ], [ -86.537247773017342, 39.512592906064747 ], [ -86.53813862868779, 39.513367566720653 ], [ -86.53970720151105, 39.514004365313447 ], [ -86.541524618345761, 39.515249510617586 ], [ -86.542852536237135, 39.516159242926285 ], [ -86.543989022229866, 39.516937799380159 ], [ -86.545699510509053, 39.518109525911591 ], [ -86.546617015309508, 39.51852886658466 ], [ -86.548999465136433, 39.519617694932357 ], [ -86.550404216996327, 39.519734738401318 ], [ -86.552528443122625, 39.520479555034242 ], [ -86.555419319227866, 39.521493094931358 ], [ -86.556255133324257, 39.521890269570854 ], [ -86.556896267364181, 39.521930924109888 ], [ -86.558054584035517, 39.522004365523628 ], [ -86.559348435807962, 39.522086385336245 ], [ -86.560333089353875, 39.522393005854617 ], [ -86.561371117511797, 39.522399487003433 ], [ -86.562582355855326, 39.522407038753542 ], [ -86.564064939387663, 39.522416264316107 ], [ -86.565223235079358, 39.522031379291633 ], [ -86.566430563714448, 39.521630183558095 ], [ -86.567518002587249, 39.521268812513895 ], [ -86.568665368224728, 39.520887512449953 ], [ -86.569266554991401, 39.520272843912473 ], [ -86.570464624323989, 39.519737489182312 ], [ -86.572150465355165, 39.519396696122243 ], [ -86.574399419937592, 39.519404945888979 ], [ -86.575942616925857, 39.519410581683516 ], [ -86.577482167987384, 39.519949268564247 ], [ -86.578587589621961, 39.520718390687662 ], [ -86.58011002925636, 39.521777616480072 ], [ -86.58294636251749, 39.523750836946597 ], [ -86.584718665715215, 39.525341315515732 ], [ -86.586338767144369, 39.526795119037899 ], [ -86.587345174012739, 39.527394131039657 ], [ -86.589319790784401, 39.528569365817333 ], [ -86.590805715282812, 39.529885507201591 ], [ -86.593531673729387, 39.531621451973557 ], [ -86.594920886336851, 39.532868723287095 ], [ -86.597249003752751, 39.534958830790444 ], [ -86.599135106262949, 39.536006357788651 ], [ -86.602314399752828, 39.538573372777648 ], [ -86.605049740399764, 39.539595669746419 ], [ -86.607176953796696, 39.540390621003915 ], [ -86.609087977812152, 39.541104733930375 ], [ -86.610852367325947, 39.542099438830185 ], [ -86.613055006520526, 39.543341139084767 ], [ -86.615772277830942, 39.543927927290468 ], [ -86.619629536162833, 39.544760765383231 ], [ -86.621451535454838, 39.545002314905538 ], [ -86.623722761425469, 39.545303379730868 ], [ -86.626260084059581, 39.545639660802969 ], [ -86.62760545961568, 39.545624323543777 ], [ -86.630245040710477, 39.545594190107508 ], [ -86.632027346938159, 39.544971534971936 ], [ -86.633785265174097, 39.544757160101753 ], [ -86.635898209674124, 39.544499453230983 ], [ -86.637673592549859, 39.54399821842194 ], [ -86.64091526005619, 39.543082928028433 ], [ -86.643410081508875, 39.542126702314476 ], [ -86.644905566744413, 39.54182283011145 ], [ -86.646683116956552, 39.540921668679189 ], [ -86.648847681451898, 39.540215444510942 ], [ -86.653835420160931, 39.538587906900403 ], [ -86.655941616110638, 39.537159032193692 ], [ -86.657930124720508, 39.536248101287221 ], [ -86.661024228697116, 39.53483058221925 ], [ -86.663523691475774, 39.532794365661793 ], [ -86.665022225537129, 39.531796231191066 ], [ -86.666369502913739, 39.531183205316822 ], [ -86.667514572276417, 39.530209975391195 ], [ -86.668578459423472, 39.529750968240357 ], [ -86.670455811883173, 39.52894095822959 ], [ -86.67252776957649, 39.528046925898146 ], [ -86.674054924583643, 39.527387931739248 ], [ -86.675797882305133, 39.526635775887208 ], [ -86.6769923099572, 39.525655308710128 ], [ -86.677500198755922, 39.525238386763526 ], [ -86.678609748463671, 39.524327541020618 ], [ -86.67926633529224, 39.523399117621608 ], [ -86.679651945000273, 39.522853847016329 ], [ -86.680376109724037, 39.521829816040118 ], [ -86.680858270884272, 39.520339441620436 ], [ -86.681111470144586, 39.51955676963081 ], [ -86.680917507227477, 39.518666642723595 ], [ -86.680693218836026, 39.517637317648216 ], [ -86.680500615478692, 39.516753381029488 ], [ -86.680281919806816, 39.515749666420241 ], [ -86.680038154849967, 39.514630864609295 ], [ -86.679247207205776, 39.513433442465718 ], [ -86.678781521886464, 39.512099382466999 ], [ -86.677247153207531, 39.510757180978857 ], [ -86.676404420156203, 39.510019964179399 ], [ -86.675136731338867, 39.508910955567714 ], [ -86.673500877465486, 39.507479795487434 ], [ -86.67225165337203, 39.505928759560575 ], [ -86.67129019040172, 39.505071268047857 ], [ -86.670479495387568, 39.504348218756789 ], [ -86.668744853375927, 39.502801041575637 ], [ -86.666578333977085, 39.501936267839582 ], [ -86.665602894099436, 39.501301121425598 ], [ -86.663329753477598, 39.499820913818127 ], [ -86.662193228657614, 39.499080795641738 ], [ -86.659301988025732, 39.49719786614034 ], [ -86.657230407756543, 39.496247796587411 ], [ -86.655191942797813, 39.495312853008393 ], [ -86.653546795959372, 39.494203469198823 ], [ -86.652268354252314, 39.493341328628119 ], [ -86.65117724018792, 39.492605487437082 ], [ -86.650773397652642, 39.491975062324528 ], [ -86.650835459407389, 39.491293536616318 ], [ -86.650888110313758, 39.490715344514761 ], [ -86.651509944251131, 39.490279564987759 ], [ -86.652632797093787, 39.490103656978832 ], [ -86.654137675307197, 39.489867882554535 ], [ -86.655669112510452, 39.489919896273051 ], [ -86.656912923419412, 39.489962124646873 ], [ -86.658655284079288, 39.490470082752346 ], [ -86.659744175133127, 39.491011466293678 ], [ -86.661697111885715, 39.491982397122449 ], [ -86.663515353873038, 39.493231726378852 ], [ -86.664360495131533, 39.493812405633065 ], [ -86.665650892242937, 39.494124683748019 ], [ -86.667840250307307, 39.49465447233387 ], [ -86.669651240513161, 39.494860182495003 ], [ -86.67101579410452, 39.495015161207398 ], [ -86.672497918390249, 39.495183474486858 ], [ -86.674514089387827, 39.495412404998511 ], [ -86.680521237695402, 39.496094281383627 ], [ -86.682262117697448, 39.49629182999584 ], [ -86.683851097300845, 39.497067289616204 ], [ -86.685338497192504, 39.498305133049733 ], [ -86.687285887921888, 39.499374001258623 ], [ -86.687301503016045, 39.49976415528392 ], [ -86.687471315199176, 39.514109399114439 ], [ -86.687506675192765, 39.521957663674371 ], [ -86.686970390977393, 39.521717442042139 ], [ -86.68649932976794, 39.521526951709212 ], [ -86.686184946642271, 39.521422482473042 ], [ -86.685794922351818, 39.521322313229469 ], [ -86.685337153955786, 39.521248990898762 ], [ -86.685069610062641, 39.521239255900419 ], [ -86.684789623546365, 39.521247507593984 ], [ -86.684577097217399, 39.521291983758296 ], [ -86.68445317889703, 39.521359226383566 ], [ -86.684370523433373, 39.521467128261392 ], [ -86.684329314429462, 39.521575142629338 ], [ -86.68437679555791, 39.521687903068369 ], [ -86.684546816632533, 39.521877585497123 ], [ -86.684758972045671, 39.522076392457016 ], [ -86.683302144115402, 39.522793274429475 ], [ -86.68330724804774, 39.523590719253974 ], [ -86.683101278526294, 39.523630705294813 ], [ -86.682930048415201, 39.523706827798414 ], [ -86.682785763781354, 39.523774013060233 ], [ -86.682600183729093, 39.523967232646655 ], [ -86.682448717714138, 39.524174060896691 ], [ -86.682365932647244, 39.524308992485608 ], [ -86.682324616199068, 39.524439532082319 ], [ -86.682337919184206, 39.524552199893222 ], [ -86.682439587807238, 39.524741698513012 ], [ -86.682872855385384, 39.525729532731063 ], [ -86.682892745089461, 39.525833207908676 ], [ -86.68289235575557, 39.525918806735746 ], [ -86.682780655890383, 39.526175301641707 ], [ -86.682678060020351, 39.526508410645768 ], [ -86.682615797938695, 39.526607356321449 ], [ -86.682525257380206, 39.526688203709782 ], [ -86.682128660285414, 39.52690787749161 ], [ -86.681339012217066, 39.52736525170635 ], [ -86.681167853414991, 39.527423350722536 ], [ -86.681044147624007, 39.527441032392126 ], [ -86.680933092777849, 39.527395675070615 ], [ -86.680655360978548, 39.527223712712967 ], [ -86.680450101973165, 39.527106012003713 ], [ -86.680177235516382, 39.526983619691109 ], [ -86.679832877795349, 39.526910587678046 ], [ -86.679445595882555, 39.526841941545264 ], [ -86.679060995362889, 39.526822859344364 ], [ -86.678463660945013, 39.526888787521003 ], [ -86.678213506846191, 39.52704577929908 ], [ -86.678105383195827, 39.527153606093641 ], [ -86.678046957087986, 39.527365191318985 ], [ -86.678107001412712, 39.527590620383123 ], [ -86.678208538113438, 39.527807153762495 ], [ -86.678317430616914, 39.52800568638029 ], [ -86.678357924980787, 39.528213040170293 ], [ -86.678349842262961, 39.528388722753334 ], [ -86.678280694833774, 39.528559731091235 ], [ -86.678074790055021, 39.528739371245237 ], [ -86.677785523984682, 39.529017895593121 ], [ -86.677517365688587, 39.529291972508474 ], [ -86.677476224751558, 39.529381963454021 ], [ -86.677382471332194, 39.529683555317071 ], [ -86.677281820290403, 39.529904033372453 ], [ -86.67721321111172, 39.529957905925187 ], [ -86.677056193710271, 39.529943954056741 ], [ -86.676836969451131, 39.529857744998239 ], [ -86.676565490388711, 39.529748863877963 ], [ -86.676236127602493, 39.529576747366981 ], [ -86.675903815689495, 39.52941363220561 ], [ -86.675572253517146, 39.529246012930052 ], [ -86.675239364446085, 39.529051357473847 ], [ -86.675041045390373, 39.529005750711711 ], [ -86.674740021580988, 39.528995898319565 ], [ -86.674417782467827, 39.529013017255167 ], [ -86.674123029851685, 39.529061749133241 ], [ -86.673621220957173, 39.529222530454192 ], [ -86.67328656387221, 39.529406305777279 ], [ -86.672957016689224, 39.529585589251347 ], [ -86.67293635865839, 39.529648604680709 ], [ -86.672963760479092, 39.529698239562975 ], [ -86.673835654143275, 39.530642287135457 ], [ -86.673841861931152, 39.530714388598653 ], [ -86.673787003435748, 39.530781813456024 ], [ -86.67354752233841, 39.530983877532059 ], [ -86.673353982316186, 39.531159038694611 ], [ -86.673087210588406, 39.531442119655729 ], [ -86.672466687792664, 39.531944961123223 ], [ -86.672054996800554, 39.532268178509923 ], [ -86.671659301476296, 39.532591439597901 ], [ -86.671312732064678, 39.532829238466782 ], [ -86.670715282460293, 39.533214999156172 ], [ -86.670297544664649, 39.533583245600653 ], [ -86.670745994540496, 39.533949441952494 ], [ -86.67129847447805, 39.534464604014822 ], [ -86.671537002844389, 39.534622962003191 ], [ -86.671871468600742, 39.534795106100709 ], [ -86.672137699396316, 39.534940025298148 ], [ -86.672287567230413, 39.535084615886724 ], [ -86.672396559940452, 39.535260627832088 ], [ -86.672429916169961, 39.53543642654995 ], [ -86.672415314373097, 39.535603079612294 ], [ -86.672326035393112, 39.535719964446173 ], [ -86.67203078654245, 39.535867804995377 ], [ -86.671530293411848, 39.536046601736068 ], [ -86.671208450692404, 39.536126786307356 ], [ -86.671002628691468, 39.536126203948584 ], [ -86.6707635005111, 39.536093990156154 ], [ -86.670380732253136, 39.535984779423067 ], [ -86.669816315074328, 39.535839009606654 ], [ -86.669498192357722, 39.535748000569122 ], [ -86.66910212305234, 39.53568380029099 ], [ -86.668588812324074, 39.53565080119882 ], [ -86.668033982721951, 39.535631197021779 ], [ -86.667506790112711, 39.53561166925234 ], [ -86.667183085718051, 39.535624258629447 ], [ -86.667027103268666, 39.535695895895437 ], [ -86.666958092961067, 39.535830855643219 ], [ -86.666971243975965, 39.535970556015364 ], [ -86.667066728983841, 39.536078955494517 ], [ -86.667380245984816, 39.536372694157272 ], [ -86.667440650291667, 39.536517034917324 ], [ -86.667447342760781, 39.536638695752131 ], [ -86.667398847019712, 39.536742177695182 ], [ -86.667323527298734, 39.53682756185939 ], [ -86.666904020182869, 39.537101180570659 ], [ -86.666602035955421, 39.537285029947746 ], [ -86.666183574258056, 39.537491070325295 ], [ -86.665634490685747, 39.537786838454657 ], [ -86.665027023071175, 39.538122982951471 ], [ -86.664584420416716, 39.538355979434463 ], [ -86.664179743553504, 39.538566557565424 ], [ -86.663739718432524, 39.538867136937547 ], [ -86.66355997260041, 39.539037816150739 ], [ -86.663358297533193, 39.539230957798232 ], [ -86.663010285876922, 39.539603884731875 ], [ -86.662666459970339, 39.540012864699172 ], [ -86.662287652656872, 39.540435257719167 ], [ -86.662255322571724, 39.540502742447231 ], [ -86.662388285436208, 39.540832011533702 ], [ -86.662476547385054, 39.541080056271468 ], [ -86.662544611639376, 39.54114332730645 ], [ -86.66268113308378, 39.541188776009328 ], [ -86.662995678433433, 39.541270782781702 ], [ -86.663097906543086, 39.54133865778136 ], [ -86.663186759622477, 39.54146506210148 ], [ -86.663315268575104, 39.541663665118406 ], [ -86.663328391534222, 39.541807870916145 ], [ -86.663307372801, 39.541942967331757 ], [ -86.663181450376996, 39.542262474769615 ], [ -86.662954825186858, 39.542649268729818 ], [ -86.66276796228847, 39.54308573525271 ], [ -86.662677995576232, 39.543189094768934 ], [ -86.662286798984411, 39.543462778595192 ], [ -86.662115038676887, 39.54363347861905 ], [ -86.66193556668189, 39.543894260785756 ], [ -86.661845597686849, 39.543997619633537 ], [ -86.661742470170282, 39.544114455841267 ], [ -86.661611636600824, 39.544244727022175 ], [ -86.661494535048561, 39.544393059008925 ], [ -86.661391581516156, 39.544473853474123 ], [ -86.66121328759813, 39.544491354902846 ], [ -86.660980528306851, 39.544490676247676 ], [ -86.660734829876773, 39.544458422673259 ], [ -86.66039256687111, 39.544389844553663 ], [ -86.660029784278777, 39.544352742098226 ], [ -86.659858654087571, 39.544392788607006 ], [ -86.659734560861992, 39.544482530219639 ], [ -86.659672647332698, 39.544649042867164 ], [ -86.659733130707295, 39.544775366684043 ], [ -86.659862847078159, 39.544874861641993 ], [ -86.660088489764064, 39.544992657980785 ], [ -86.660593603582839, 39.545228406533909 ], [ -86.66097590272696, 39.545441268530311 ], [ -86.66117347034735, 39.545649085668096 ], [ -86.661248373595981, 39.545802482153746 ], [ -86.66128814351471, 39.546000828610403 ], [ -86.661280611361178, 39.546203542451082 ], [ -86.66119044558242, 39.54649612023259 ], [ -86.661024892820734, 39.546734415226318 ], [ -86.66087372968947, 39.54685561574086 ], [ -86.660661022417216, 39.546918068286182 ], [ -86.660448688051545, 39.546903932466435 ], [ -86.660277991199081, 39.546853876051152 ], [ -86.66003212898562, 39.546704484296491 ], [ -86.659895642496195, 39.546650022136596 ], [ -86.659771985307302, 39.546649660240952 ], [ -86.659669026434713, 39.546730453126017 ], [ -86.659620600079137, 39.546815910865604 ], [ -86.659528907309777, 39.547419344317014 ], [ -86.659438820049147, 39.547545227074053 ], [ -86.65926073838925, 39.547666346592642 ], [ -86.659123148473384, 39.547688469350732 ], [ -86.658993824571482, 39.547656553337049 ], [ -86.658504789876432, 39.547402824201463 ], [ -86.658271602907888, 39.547339065512375 ], [ -86.657866284958203, 39.547369409816824 ], [ -86.657780957547189, 39.547414211005048 ], [ -86.657679450049727, 39.547495006385539 ], [ -86.657596744125243, 39.547598383255938 ], [ -86.657569365103086, 39.547692912601029 ], [ -86.657595880548286, 39.547774085002743 ], [ -86.657718964190735, 39.54789158371846 ], [ -86.658081189006651, 39.548045827935987 ], [ -86.658155736382184, 39.548122636254305 ], [ -86.658182869555489, 39.54822633652342 ], [ -86.658140721740736, 39.548365874937701 ], [ -86.657968209195076, 39.548685239285277 ], [ -86.657830746807576, 39.548829002291505 ], [ -86.657611284756214, 39.548931976472247 ], [ -86.657391449154616, 39.548962865339739 ], [ -86.656741092026849, 39.548969956961201 ], [ -86.656522005564398, 39.548996341158571 ], [ -86.656391597481516, 39.549036502844579 ], [ -86.656281179121763, 39.549153312528468 ], [ -86.656113354245633, 39.549405109376472 ], [ -86.656061589327265, 39.549576155203958 ], [ -86.655907999637748, 39.549891067166833 ], [ -86.655807035695233, 39.550007904368989 ], [ -86.655660065086636, 39.550160647080375 ], [ -86.655502204615615, 39.550308852088591 ], [ -86.655385191253046, 39.550434651815166 ], [ -86.65530864634853, 39.550614634270765 ], [ -86.65525694542653, 39.550772164183208 ], [ -86.655132491688761, 39.551078150992581 ], [ -86.655044284014636, 39.551262603881781 ], [ -86.654870563010789, 39.551527897036287 ], [ -86.654769594942138, 39.551644733286338 ], [ -86.654611796216628, 39.551779421519036 ], [ -86.654419168697956, 39.551895985043842 ], [ -86.65422021712574, 39.55196747708635 ], [ -86.654021511300925, 39.55198941193833 ], [ -86.653782314434892, 39.551961668263651 ], [ -86.653686582194439, 39.551902815009953 ], [ -86.653638704933826, 39.55187564093751 ], [ -86.653570302290902, 39.551879942311594 ], [ -86.653562870947013, 39.55191145680373 ], [ -86.653578818072958, 39.552069187544078 ], [ -86.653555046657345, 39.552168231847681 ], [ -86.653493190793881, 39.552172552689775 ], [ -86.65341850977957, 39.552122772443539 ], [ -86.653235306995427, 39.551806859589306 ], [ -86.653072362139156, 39.551513533074882 ], [ -86.652909710483257, 39.551161639138613 ], [ -86.652814698636959, 39.550958619786094 ], [ -86.652727478302808, 39.550652003214267 ], [ -86.652619028360334, 39.550372354528051 ], [ -86.652571871607236, 39.550201014619958 ], [ -86.65249746305534, 39.550097171752867 ], [ -86.652408528613378, 39.549988780161065 ], [ -86.652306455762812, 39.54988935966977 ], [ -86.652176493513807, 39.549839413227488 ], [ -86.652005637973176, 39.549820880864225 ], [ -86.651259252043019, 39.549827654246826 ], [ -86.651109969195034, 39.551021093648387 ], [ -86.651022481668761, 39.551930888407931 ], [ -86.651048973694571, 39.552160734894649 ], [ -86.651305026146858, 39.553035518724428 ], [ -86.651627432729057, 39.554171804273459 ], [ -86.651910536043232, 39.555168308828897 ], [ -86.652225649769107, 39.556457748341735 ], [ -86.65257835001951, 39.557652689261964 ], [ -86.652764043119419, 39.558347049584718 ], [ -86.652852202650237, 39.5586131214787 ], [ -86.65305343519961, 39.559402137450192 ], [ -86.653046483410108, 39.559483210814278 ], [ -86.652604277428807, 39.560184705501008 ], [ -86.652494787297414, 39.560256461824444 ], [ -86.652330296506136, 39.560269485562067 ], [ -86.651741126829521, 39.560240690240569 ], [ -86.651026618233814, 39.560252062703043 ], [ -86.65074106234168, 39.560323288573883 ], [ -86.650376596150991, 39.560606022085999 ], [ -86.650141015325886, 39.560866616353152 ], [ -86.6499767095641, 39.561131930036609 ], [ -86.649886748406544, 39.561370436097739 ], [ -86.649871339235943, 39.561685755552979 ], [ -86.649904537481703, 39.561884085532462 ], [ -86.649978365793558, 39.562105064000654 ], [ -86.650148801357957, 39.562357869848974 ], [ -86.650324900268231, 39.562642229059684 ], [ -86.650549702211862, 39.562935744893956 ], [ -86.650801742377993, 39.563166268967244 ], [ -86.651045143694631, 39.563378745647029 ], [ -86.651094871879422, 39.563473504682065 ], [ -86.651122000340308, 39.563577206305382 ], [ -86.651113911927581, 39.56373937013408 ], [ -86.651048593442042, 39.563851804660679 ], [ -86.650893782970059, 39.563963970360739 ], [ -86.650694815854038, 39.564030950894633 ], [ -86.65047570237418, 39.564052818250012 ], [ -86.650236284513952, 39.564061108412645 ], [ -86.65000325625779, 39.564100953898425 ], [ -86.649714999872174, 39.564127116796939 ], [ -86.649523193554799, 39.564216643026789 ], [ -86.649398983519674, 39.564319888551417 ], [ -86.649294827651303, 39.564486267601509 ], [ -86.649085513389196, 39.564728917893881 ], [ -86.648856279705399, 39.564881403132389 ], [ -86.6485872096831, 39.564997725673834 ], [ -86.648313250470792, 39.565073485778605 ], [ -86.64823060067215, 39.565158834896927 ], [ -86.648195971515776, 39.565244329328323 ], [ -86.648216797566249, 39.565442622211577 ], [ -86.64829114696262, 39.565704150202372 ], [ -86.648360336036703, 39.565835011046168 ], [ -86.648487119197668, 39.565943519944064 ], [ -86.648657694991314, 39.566025129762807 ], [ -86.648870085083132, 39.566039287324699 ], [ -86.649157485875648, 39.566040155298801 ], [ -86.649458824443428, 39.566018538486475 ], [ -86.649596430932121, 39.566000932567711 ], [ -86.649685107038493, 39.566019220791638 ], [ -86.649902819694205, 39.566132507422196 ], [ -86.650058253920491, 39.566187038232414 ], [ -86.650231923638444, 39.566232613271261 ], [ -86.650458139089508, 39.566246809539734 ], [ -86.650760137972455, 39.566238707010321 ], [ -86.650896334563328, 39.566212084869832 ], [ -86.65104148805159, 39.566140437230942 ], [ -86.651210059783423, 39.566041828353768 ], [ -86.65127531239051, 39.565942909254161 ], [ -86.651377260401119, 39.565781027067807 ], [ -86.651479253041373, 39.565610134473133 ], [ -86.651558329098663, 39.565511256659896 ], [ -86.651680220076884, 39.565435033240206 ], [ -86.65192050524908, 39.565399711365053 ], [ -86.652133074224849, 39.565377821707017 ], [ -86.652497934260978, 39.565311334882523 ], [ -86.652590428064059, 39.565293590513804 ], [ -86.652718708528241, 39.565248921669102 ], [ -86.653031899451193, 39.565038111578531 ], [ -86.653128322485287, 39.564961810593374 ], [ -86.653176702242021, 39.564889871388736 ], [ -86.653239085511117, 39.564781932149465 ], [ -86.653266499728716, 39.564682899000204 ], [ -86.653301167253744, 39.564588392705431 ], [ -86.653356598077906, 39.564561526702789 ], [ -86.653445273362465, 39.564579812058433 ], [ -86.653561417479651, 39.564634221030111 ], [ -86.653725313386943, 39.564742834868625 ], [ -86.653882616748348, 39.564860439290342 ], [ -86.653998358668261, 39.564995940667458 ], [ -86.65404520405751, 39.565086184613946 ], [ -86.654065722076965, 39.565203381523474 ], [ -86.654009395453627, 39.565410454163818 ], [ -86.654022122652904, 39.565631248033313 ], [ -86.654089777727521, 39.565780121811684 ], [ -86.654165022362378, 39.565865944998862 ], [ -86.654178399107693, 39.565956089279958 ], [ -86.654212305249189, 39.566014758076172 ], [ -86.654348646150737, 39.566105268132048 ], [ -86.654458972727738, 39.566159658894442 ], [ -86.654769871113061, 39.56626420299429 ], [ -86.654875038069619, 39.566332093704567 ], [ -86.654937848055567, 39.566431395128554 ], [ -86.654928111967592, 39.566634101272882 ], [ -86.654844887640294, 39.566836589178109 ], [ -86.654721408359634, 39.566939842519666 ], [ -86.654508768316191, 39.566975252358397 ], [ -86.654419843698918, 39.567006524528601 ], [ -86.654371351901347, 39.567100990005613 ], [ -86.654404945648608, 39.567222730925607 ], [ -86.654500431164678, 39.567335645402373 ], [ -86.654602644316697, 39.567412538012498 ], [ -86.654663406128563, 39.567484802144257 ], [ -86.654670190598566, 39.567583937200965 ], [ -86.654656053056655, 39.567646968306548 ], [ -86.6545454455635, 39.567795311916889 ], [ -86.654476490667932, 39.567907737484809 ], [ -86.654503692928685, 39.567997922801965 ], [ -86.654653706387478, 39.56812000967615 ], [ -86.654798671709855, 39.568233070916143 ], [ -86.654988571412602, 39.56838230715563 ], [ -86.655106236322155, 39.568571875729397 ], [ -86.655125783975194, 39.56873862694453 ], [ -86.655088139343022, 39.568846640545935 ], [ -86.654856690377656, 39.569152308465057 ], [ -86.654681959932006, 39.569318482594561 ], [ -86.654509826145983, 39.569547737269446 ], [ -86.654398857416396, 39.569768163146968 ], [ -86.654384204699696, 39.569934812739803 ], [ -86.654445539554033, 39.570038615205547 ], [ -86.65455492120455, 39.570138055244968 ], [ -86.654649862099291, 39.570214926165455 ], [ -86.654827732032757, 39.570296548568386 ], [ -86.655146260631255, 39.570333535969553 ], [ -86.655478614785949, 39.570370563485085 ], [ -86.655765922265573, 39.57039394096644 ], [ -86.656032633311725, 39.570462308983316 ], [ -86.656263534577491, 39.570562107018553 ], [ -86.656599478416496, 39.570756824658204 ], [ -86.656838557994661, 39.570969276218257 ], [ -86.656888077358389, 39.571109084253031 ], [ -86.656818406791842, 39.571514348321784 ], [ -86.656717668249399, 39.571874468357763 ], [ -86.656682118446298, 39.572000509483509 ], [ -86.656686084426511, 39.572081615146757 ], [ -86.656843253836158, 39.572230751581074 ], [ -86.657067218439821, 39.572262949229149 ], [ -86.657328404963494, 39.572272730110683 ], [ -86.657582248446488, 39.57229600442691 ], [ -86.657873070062834, 39.572346418372192 ], [ -86.65812585441914, 39.572437266670143 ], [ -86.658409112949172, 39.572546224872546 ], [ -86.658588227619219, 39.572672897349818 ], [ -86.658647233475079, 39.572808227250988 ], [ -86.658646636915648, 39.572929866406568 ], [ -86.6584890181595, 39.573019507696081 ], [ -86.658055700017087, 39.573090317000386 ], [ -86.657760705151247, 39.57314801646951 ], [ -86.657293136150201, 39.573376404696802 ], [ -86.657113200857452, 39.573416420895761 ], [ -86.656927138208431, 39.573370819580504 ], [ -86.656807405182661, 39.573302887776848 ], [ -86.656725994632936, 39.573284626456605 ], [ -86.656621076325649, 39.573311347804861 ], [ -86.656238967751207, 39.573621078186747 ], [ -86.655923869147031, 39.573917490058591 ], [ -86.655713777051091, 39.574169160020659 ], [ -86.655511272467962, 39.574357779039175 ], [ -86.655413865896676, 39.574483636337504 ], [ -86.6553753123885, 39.574627688963865 ], [ -86.655427326689434, 39.574704431892364 ], [ -86.655584462713094, 39.57471390813879 ], [ -86.655964999072964, 39.574724045750372 ], [ -86.656076974015349, 39.574742398059847 ], [ -86.656203369264034, 39.574787824225886 ], [ -86.656530823286516, 39.574937464664075 ], [ -86.656650536615061, 39.575009901895911 ], [ -86.656671945091716, 39.575095564268111 ], [ -86.656664045871864, 39.575221687002724 ], [ -86.656722500179754, 39.575320974456382 ], [ -86.657116661720238, 39.575520367648558 ], [ -86.657170089616912, 39.575606124392806 ], [ -86.657354716648271, 39.575944560144748 ], [ -86.657451984679668, 39.575994404278411 ], [ -86.657585726623907, 39.5760263349421 ], [ -86.657683283011806, 39.576017611920093 ], [ -86.657870017655384, 39.575928057503283 ], [ -86.657997409608882, 39.575919422051292 ], [ -86.658176401908094, 39.57592445389912 ], [ -86.658351974755846, 39.576033095394969 ], [ -86.658455901585512, 39.576209104320007 ], [ -86.658509595130155, 39.576389470760226 ], [ -86.658531048756643, 39.576614794600509 ], [ -86.658574840519037, 39.57688523621745 ], [ -86.658603284319796, 39.577169148364248 ], [ -86.658638872920832, 39.577480112769969 ], [ -86.658690848749103, 39.57756586452534 ], [ -86.658824681481718, 39.577728445264299 ], [ -86.658831561120579, 39.577809559332479 ], [ -86.65879396140113, 39.577908563669055 ], [ -86.658763351614922, 39.578066156309838 ], [ -86.658784454347497, 39.578214890360776 ], [ -86.658843465206928, 39.578350220055022 ], [ -86.658925057937694, 39.578481110782825 ], [ -86.659148094754471, 39.578707025911349 ], [ -86.659403638424834, 39.578982593240553 ], [ -86.659473721471159, 39.579086418552343 ], [ -86.659500956525022, 39.579172097423474 ], [ -86.659472465036714, 39.579491884122362 ], [ -86.658628883696991, 39.579516440356151 ], [ -86.658179775365454, 39.579830485129186 ], [ -86.658149650228708, 39.579888964286383 ], [ -86.658171172666172, 39.579952100584009 ], [ -86.658253031496798, 39.580028929972755 ], [ -86.658453886834693, 39.580178192520059 ], [ -86.658666783243916, 39.580395068281454 ], [ -86.658820998299291, 39.580557708820194 ], [ -86.658914325894358, 39.580670613110932 ], [ -86.658938384872812, 39.580810345320529 ], [ -86.658881705300814, 39.581238174142555 ], [ -86.65877741517852, 39.581282920078976 ], [ -86.658583037729429, 39.581295864790491 ], [ -86.658351544588029, 39.581308700061456 ], [ -86.658216666067105, 39.581357860770829 ], [ -86.658133588316332, 39.581528814454245 ], [ -86.658066014536644, 39.581654761574711 ], [ -86.657773691479079, 39.581901687699279 ], [ -86.657750665453449, 39.581996229330635 ], [ -86.657742745153797, 39.582126857139983 ], [ -86.657695119164387, 39.582635805741219 ], [ -86.657657603839397, 39.582716789026371 ], [ -86.657575099543791, 39.582770608469914 ], [ -86.657440284181533, 39.582806252814208 ], [ -86.657081886868866, 39.582872773906466 ], [ -86.656730455445583, 39.5830023874205 ], [ -86.656670399982346, 39.583078798583209 ], [ -86.656677410975135, 39.583132881825598 ], [ -86.656736844136105, 39.583182614721274 ], [ -86.656863477296213, 39.583182988721603 ], [ -86.657259831734507, 39.583094054214421 ], [ -86.657447025404025, 39.583063069707947 ], [ -86.657618780442874, 39.583063575888474 ], [ -86.657700180489812, 39.583086341748569 ], [ -86.657745058818804, 39.583136031255293 ], [ -86.657767398288115, 39.583181149156793 ], [ -86.657737182687129, 39.5832576487472 ], [ -86.657647510864805, 39.583288921072032 ], [ -86.657226255954271, 39.583409319923874 ], [ -86.656884372095234, 39.58352094120908 ], [ -86.6567943884302, 39.583615284897149 ], [ -86.656801177342572, 39.583714419573973 ], [ -86.656935328366075, 39.583813930325178 ], [ -86.657188792027753, 39.583922803384255 ], [ -86.657643409759288, 39.584122372899436 ], [ -86.657948304958211, 39.584280953123411 ], [ -86.658078841912101, 39.584375946700405 ], [ -86.658134394678427, 39.584475224763302 ], [ -86.658133597740218, 39.584637409968231 ], [ -86.658079561144191, 39.584821964574047 ], [ -86.657935410462883, 39.584979222660195 ], [ -86.657698740209668, 39.585154228899249 ], [ -86.65745084543542, 39.585243602589088 ], [ -86.656943875694537, 39.58532770598125 ], [ -86.65651707396421, 39.58538951810992 ], [ -86.656307906083029, 39.58544746735889 ], [ -86.655963782769049, 39.585568089674311 ], [ -86.655537193477528, 39.585733518624906 ], [ -86.655319883990799, 39.58581847320557 ], [ -86.655207400240229, 39.585899233253052 ], [ -86.6551624905252, 39.586002719781689 ], [ -86.655168897702723, 39.586178441917113 ], [ -86.655220786354704, 39.586282215673165 ], [ -86.655511352284691, 39.586395707640882 ], [ -86.655645261296328, 39.5865447764103 ], [ -86.655746285515349, 39.58672077885106 ], [ -86.655869233293799, 39.587320335635638 ], [ -86.655876088067629, 39.58740595487518 ], [ -86.65583058426644, 39.587482408632546 ], [ -86.655733494148564, 39.587540688719955 ], [ -86.655538719448046, 39.587630215644246 ], [ -86.655374052857766, 39.587665769053459 ], [ -86.655254779097604, 39.58764739442487 ], [ -86.655210716805712, 39.587579685586277 ], [ -86.655211632284747, 39.587394974808475 ], [ -86.655159809824312, 39.58727768564151 ], [ -86.655077901280137, 39.587209864429624 ], [ -86.654958673070951, 39.587182479217283 ], [ -86.654734572060335, 39.587168297946789 ], [ -86.654443332848871, 39.587189958268496 ], [ -86.654241503208382, 39.587234409970115 ], [ -86.654144165741712, 39.587342245273987 ], [ -86.654098324072422, 39.587486275452143 ], [ -86.654085917270365, 39.58763941555803 ], [ -86.654024689769244, 39.587950092547445 ], [ -86.653936028302681, 39.588215635722875 ], [ -86.653979360029382, 39.588869019669438 ], [ -86.653939707799125, 39.589377989840791 ], [ -86.653916606777642, 39.589486045973352 ], [ -86.653841873623691, 39.589584937887793 ], [ -86.653676663232687, 39.589728612180167 ], [ -86.653511474599483, 39.58986778109287 ], [ -86.653428711688775, 39.589971153994973 ], [ -86.653450691398547, 39.59008835487996 ], [ -86.653554648972715, 39.590259862661803 ], [ -86.653754671383567, 39.590580328391994 ], [ -86.653916465988559, 39.590977268386546 ], [ -86.653916040095481, 39.591062866000172 ], [ -86.65387851576385, 39.591143847908597 ], [ -86.653606383331038, 39.591417854434852 ], [ -86.65355577934055, 39.59149429203741 ], [ -86.653524321166529, 39.591818572913731 ], [ -86.653493962425458, 39.591922102070171 ], [ -86.653366325521816, 39.592119950335722 ], [ -86.653132539822096, 39.592439122117341 ], [ -86.652884967280031, 39.592749241817728 ], [ -86.6528017501996, 39.592942716914521 ], [ -86.652808219390025, 39.593104923540437 ], [ -86.652837185488082, 39.593280712985532 ], [ -86.652911213088288, 39.593470152636549 ], [ -86.652925073840748, 39.593609855309595 ], [ -86.652902607744551, 39.593735933862796 ], [ -86.652820019196483, 39.59380326515933 ], [ -86.652371145062048, 39.593901037555959 ], [ -86.65221428857059, 39.593972651406652 ], [ -86.652116413386565, 39.594039936443679 ], [ -86.651966519609886, 39.594174643627248 ], [ -86.65189162076156, 39.594305070111609 ], [ -86.651861235929545, 39.594413103915613 ], [ -86.651882757048668, 39.594476241214657 ], [ -86.651957076381166, 39.594607114689332 ], [ -86.652031373451436, 39.594742493248489 ], [ -86.65208237804822, 39.594877802016363 ], [ -86.652037164773375, 39.595039853867533 ], [ -86.651976732972784, 39.595188344512614 ], [ -86.651922813314926, 39.595490031455284 ], [ -86.651952138863933, 39.595593738914815 ], [ -86.65203405415761, 39.595661562262073 ], [ -86.652130595369556, 39.595715913738154 ], [ -86.652249769466422, 39.595756817270626 ], [ -86.652429472682229, 39.595775375753377 ], [ -86.652615659661251, 39.59580746894428 ], [ -86.652787063711898, 39.595884569668172 ], [ -86.652935902927794, 39.595961602741546 ], [ -86.652987817912475, 39.596060872204021 ], [ -86.653106835806241, 39.596133310792119 ], [ -86.653211452949279, 39.596174169877067 ], [ -86.65340576066842, 39.596183760036858 ], [ -86.653592263368836, 39.59615277980042 ], [ -86.653839339567284, 39.596090443334838 ], [ -86.654138097005927, 39.59602826018714 ], [ -86.654332471634007, 39.596024333394766 ], [ -86.654608215645268, 39.596052184581993 ], [ -86.654839288959607, 39.596133964833001 ], [ -86.655040205531705, 39.596278727903403 ], [ -86.655144555960462, 39.596373646860492 ], [ -86.655189150576561, 39.596481904011071 ], [ -86.655180093619109, 39.596693621539536 ], [ -86.655148662827486, 39.597013397454397 ], [ -86.655110332321229, 39.597256564470371 ], [ -86.655113346340599, 39.597382719003967 ], [ -86.655220869089064, 39.597572256480369 ], [ -86.655414265745506, 39.59776655375272 ], [ -86.655652223451398, 39.597929446373215 ], [ -86.655778348239167, 39.598037944863982 ], [ -86.655867438001238, 39.598128312738481 ], [ -86.655896815109728, 39.598223008919959 ], [ -86.656112224503261, 39.598530000170797 ], [ -86.656237972486309, 39.598715085414881 ], [ -86.656408920272341, 39.598886788591095 ], [ -86.656617899905982, 39.599022562326518 ], [ -86.656796395651696, 39.599140224852889 ], [ -86.656937633449303, 39.599284808292971 ], [ -86.656959355207562, 39.599456069954087 ], [ -86.656913111087221, 39.599681193313884 ], [ -86.656874762977836, 39.599928865952585 ], [ -86.656850801540571, 39.600063951118521 ], [ -86.656938917295335, 39.600352543956184 ], [ -86.6570206599134, 39.60060507632403 ], [ -86.65696799690005, 39.600803149530535 ], [ -86.656861708859836, 39.600951507185734 ], [ -86.656744300738382, 39.601140378659146 ], [ -86.65089522002306, 39.601100425842638 ], [ -86.636131030693463, 39.60102684392308 ], [ -86.636131965676711, 39.601026014291101 ], [ -86.637386929663549, 39.600181753496138 ], [ -86.639223418185225, 39.599187833075526 ], [ -86.64084124786315, 39.598203946288571 ], [ -86.643491577743688, 39.596328768709768 ], [ -86.644646874325119, 39.595291281238673 ], [ -86.645958330648909, 39.593862054061923 ], [ -86.647820854140747, 39.592238916830084 ], [ -86.649667604316633, 39.590434112143662 ], [ -86.6504292746434, 39.589420164276156 ], [ -86.651536616067318, 39.587612080290313 ], [ -86.652482724081835, 39.586444166133916 ], [ -86.653205434258481, 39.58462624533999 ], [ -86.653515234805241, 39.583494034468963 ], [ -86.653377642811009, 39.581269029346515 ], [ -86.653075204506123, 39.579821795980173 ], [ -86.651833810070301, 39.576878159066069 ], [ -86.651230103671693, 39.57600722064641 ], [ -86.650084000973635, 39.575111049640803 ], [ -86.648575032299163, 39.574269515337583 ], [ -86.64551456363796, 39.573457659883793 ], [ -86.644563937578667, 39.573357084055637 ], [ -86.643440086548893, 39.573360956872179 ], [ -86.641759171891096, 39.573734579664709 ], [ -86.640603232776556, 39.574035997474333 ], [ -86.639604536235481, 39.574397994689342 ], [ -86.637890720915237, 39.575293322763173 ], [ -86.634711980623479, 39.577173947791451 ], [ -86.633356414109926, 39.577892702419184 ], [ -86.631738013456143, 39.578948367807456 ], [ -86.629636297539733, 39.580190490569642 ], [ -86.62828187259845, 39.581147930071914 ], [ -86.626372846798233, 39.582315644502231 ], [ -86.623339867752023, 39.584476167401661 ], [ -86.62024971237102, 39.586293587944674 ], [ -86.617273756331471, 39.588315987474573 ], [ -86.614280972725723, 39.590807064261291 ], [ -86.612403306932933, 39.591849880873269 ], [ -86.610224744411909, 39.592848030472034 ], [ -86.608321374682333, 39.594017146235167 ], [ -86.606440309026297, 39.595497703403204 ], [ -86.601712990086568, 39.598803035693656 ], [ -86.600841806042965, 39.599486472656899 ], [ -86.600036660290471, 39.600337272942838 ], [ -86.599506985334315, 39.600801962832747 ], [ -86.599521001714066, 39.600802008441356 ], [ -86.599520845613014, 39.600802821540917 ], [ -86.594376394693342, 39.600786213154336 ], [ -86.579546386884658, 39.60080126996457 ], [ -86.579546978772598, 39.600800467479623 ], [ -86.582367691800201, 39.596984960103626 ], [ -86.583840547019278, 39.594992160683361 ], [ -86.585083712829629, 39.593310032681543 ], [ -86.587885956938038, 39.590874323017687 ], [ -86.589600138081877, 39.589384238737736 ], [ -86.592237800478713, 39.588075113031103 ], [ -86.597032164939208, 39.586241163505655 ], [ -86.599432136920839, 39.584822899630446 ], [ -86.601034295671852, 39.583876044606519 ], [ -86.602585130093132, 39.582404716446014 ], [ -86.605125744287818, 39.580743912681726 ], [ -86.606351384563283, 39.579942662369284 ], [ -86.609580882553445, 39.577057613077685 ], [ -86.612178707819226, 39.575793970653102 ], [ -86.616420716793442, 39.574497149137429 ], [ -86.621458417269778, 39.573434100579917 ], [ -86.622453550396216, 39.573668670687979 ], [ -86.625845837751186, 39.572831410858214 ], [ -86.628054287910572, 39.57228627328508 ], [ -86.629849544882916, 39.571843090142501 ], [ -86.631037021965298, 39.570958767233655 ], [ -86.632340627210993, 39.569382109451098 ], [ -86.633548885484828, 39.567920691220074 ], [ -86.634122288623544, 39.567227118852962 ], [ -86.63419943335856, 39.566419173665736 ], [ -86.634277311770802, 39.565603512274571 ], [ -86.633811863321625, 39.564335937610615 ], [ -86.632969715364894, 39.563446497229492 ], [ -86.63216874582875, 39.56260052033398 ], [ -86.630140877229863, 39.561467329663579 ], [ -86.628697183582602, 39.561308505251901 ], [ -86.627253497823659, 39.561149662936913 ], [ -86.625619386580482, 39.560969846543273 ], [ -86.623585039798996, 39.560745954306945 ], [ -86.621448861442957, 39.560510815617654 ], [ -86.617394601926435, 39.560462190659521 ], [ -86.614274358145536, 39.560424671563851 ], [ -86.613308250293471, 39.560795675862948 ], [ -86.610618710909691, 39.560748143988853 ], [ -86.609526560972967, 39.560728825024029 ], [ -86.608396809778526, 39.56070883028179 ], [ -86.606882301085378, 39.560682008459601 ], [ -86.605087590472849, 39.561115048076786 ], [ -86.602795649228781, 39.561222909163959 ], [ -86.600669894743504, 39.561322907444783 ], [ -86.59879555383587, 39.561411047400981 ], [ -86.596372581381416, 39.561524940334571 ], [ -86.593630743418828, 39.561152682973379 ], [ -86.590068004901653, 39.560668870022013 ], [ -86.585797237251967, 39.560088755932576 ], [ -86.583272112673754, 39.559798245655251 ], [ -86.581450411713604, 39.559312035711351 ], [ -86.578113202294332, 39.558953550433841 ], [ -86.57722728702592, 39.558780849255776 ], [ -86.576082391536517, 39.558661013666949 ], [ -86.57453644293571, 39.558963813656852 ], [ -86.572145386846316, 39.558993595218446 ], [ -86.568652809451308, 39.559944585274309 ], [ -86.567336303287988, 39.560303021426861 ], [ -86.566515291441021, 39.560526542175793 ], [ -86.564756043339344, 39.561792306586341 ], [ -86.563661506681086, 39.562579779898563 ], [ -86.562706182220495, 39.563267072356375 ], [ -86.561624548371086, 39.564045209308716 ], [ -86.560649442799289, 39.565285431431796 ], [ -86.558846647193292, 39.566782277612937 ], [ -86.557790758998095, 39.568320493564613 ], [ -86.556137025140444, 39.569856418477336 ], [ -86.554240553156049, 39.571617677941411 ], [ -86.552034972275024, 39.572501025521689 ], [ -86.550083094174866, 39.573881489971846 ], [ -86.547740299902031, 39.575538313975166 ], [ -86.546325805719732, 39.577067003710482 ], [ -86.545367871687617, 39.578798263274798 ], [ -86.544812470386319, 39.579801982632048 ], [ -86.543761670727861, 39.580604081980923 ], [ -86.543404305690956, 39.581913568209721 ], [ -86.542941593240656, 39.583609009043812 ], [ -86.541836113466019, 39.585496919699047 ], [ -86.541210659842605, 39.586565001037201 ], [ -86.54126819318509, 39.588502010691073 ], [ -86.541319714826628, 39.590236528068367 ], [ -86.541355509380111, 39.591441567814741 ], [ -86.541888574038012, 39.592668452101925 ], [ -86.544073380166822, 39.593872263503819 ], [ -86.54719633384633, 39.596429134643465 ], [ -86.55016676550477, 39.59948655355231 ], [ -86.55180351166328, 39.600731752772077 ], [ -86.555137660323879, 39.600742454190836 ], [ -86.551805359863053, 39.600734503559814 ], [ -86.551805895252897, 39.600735287725364 ], [ -86.543547722882579, 39.600715167824589 ], [ -86.543547435642239, 39.600714389101171 ], [ -86.543126898491948, 39.600418970242288 ], [ -86.542636659552031, 39.599704982519754 ], [ -86.541776501214059, 39.598800267008357 ], [ -86.540743014051557, 39.598097687190169 ], [ -86.539560893245152, 39.597039051740985 ], [ -86.537034703315697, 39.595592768804508 ], [ -86.533984015284062, 39.594392817500797 ], [ -86.532644333283955, 39.5939524301482 ], [ -86.530791735656663, 39.593551514942966 ], [ -86.528175293169951, 39.592804563961799 ], [ -86.526863442045098, 39.592557084730061 ], [ -86.52254428864255, 39.591975926310617 ], [ -86.518434685362692, 39.591862259618942 ], [ -86.515690565850036, 39.592135710332357 ], [ -86.51407860272333, 39.592404055513526 ], [ -86.512059754442532, 39.592877516149898 ], [ -86.510733334771729, 39.593262279670263 ], [ -86.509256320898018, 39.593568279337859 ], [ -86.508178076396305, 39.593945786351654 ], [ -86.506382315235413, 39.594389973136757 ], [ -86.50157406533539, 39.595833002309782 ], [ -86.498820656538797, 39.596511513030606 ], [ -86.497247693135037, 39.596991265647482 ], [ -86.494640231735303, 39.598278680867359 ], [ -86.492071142543637, 39.600153329741239 ], [ -86.491523983533796, 39.600783191532756 ], [ -86.491523028771567, 39.600783942422403 ], [ -86.48433570968443, 39.60079596121183 ], [ -86.484083112903562, 39.600794839876762 ], [ -86.476479794988506, 39.6007941087909 ], [ -86.476481816867647, 39.600793352020958 ], [ -86.47649311204637, 39.600788012019173 ], [ -86.478533213238975, 39.599941486223443 ], [ -86.479914020426108, 39.599482785850149 ], [ -86.481677463160878, 39.598693274525417 ], [ -86.48600853259471, 39.595947740147778 ], [ -86.48743181829262, 39.594906212188192 ], [ -86.488963168688613, 39.593632914944472 ], [ -86.490425437834347, 39.592239734687219 ] ] ], [ [ [ -86.430393200598971, 39.625921370215934 ], [ -86.432059518684028, 39.625117330934408 ], [ -86.433077558912046, 39.62462608087413 ], [ -86.433150573368579, 39.624647011297149 ], [ -86.434962519576501, 39.625009531685933 ], [ -86.436286022996924, 39.625141721025621 ], [ -86.438466365840199, 39.625119507464248 ], [ -86.441228758187279, 39.624827605821451 ], [ -86.443680078988024, 39.62446542124998 ], [ -86.446037163116458, 39.623800381102065 ], [ -86.4475153592212, 39.623146197957091 ], [ -86.451613454982933, 39.620413229180201 ], [ -86.453018697499473, 39.619218467804004 ], [ -86.454364909977684, 39.617430998558561 ], [ -86.45479968501823, 39.616251110655192 ], [ -86.454948935062603, 39.61519146698857 ], [ -86.45522898961552, 39.614240866626609 ], [ -86.455639876255503, 39.611511068093762 ], [ -86.456001710300555, 39.610164751424151 ], [ -86.456537848639329, 39.608827119279816 ], [ -86.457015010063941, 39.607933899475242 ], [ -86.458049726627877, 39.606493669690906 ], [ -86.458819816848091, 39.605798328988087 ], [ -86.460500271712391, 39.604598013251412 ], [ -86.462320059620069, 39.603483483496412 ], [ -86.463743951715472, 39.602723857632419 ], [ -86.464826324886587, 39.602356582108023 ], [ -86.465571096147968, 39.602189438023302 ], [ -86.46571363594613, 39.61504921408924 ], [ -86.46549940811731, 39.615323599633868 ], [ -86.465334780122149, 39.615534457767289 ], [ -86.465184197897244, 39.615891653065503 ], [ -86.464759485899648, 39.616451318006405 ], [ -86.464415974725611, 39.616711238883582 ], [ -86.464110995777304, 39.616952802233683 ], [ -86.463777745023364, 39.617216759191415 ], [ -86.463392351895209, 39.617629342016613 ], [ -86.46328861225858, 39.61786533514325 ], [ -86.463006137099725, 39.618149766984537 ], [ -86.462671334517168, 39.618611309885594 ], [ -86.462321528200576, 39.619093523195197 ], [ -86.461823269581529, 39.619544403694483 ], [ -86.461452062819788, 39.619769302956016 ], [ -86.461219616333167, 39.620172197446337 ], [ -86.460847182210514, 39.62055473628552 ], [ -86.460516237398792, 39.6208946540456 ], [ -86.460262776862635, 39.621654572849629 ], [ -86.460055109052334, 39.622146257697359 ], [ -86.459900620863294, 39.622352453357728 ], [ -86.45960507947413, 39.62300236165801 ], [ -86.459141826667889, 39.623591384235688 ], [ -86.45879208249616, 39.624328729900867 ], [ -86.458467463280414, 39.624783411021937 ], [ -86.458312581514093, 39.625038865593837 ], [ -86.458193537007602, 39.625599932104642 ], [ -86.457972255007107, 39.626199930747482 ], [ -86.457649965536262, 39.626681223213083 ], [ -86.457323541764922, 39.627168677393975 ], [ -86.457042207549975, 39.627821329980307 ], [ -86.456693958271941, 39.62836161580779 ], [ -86.456421690541262, 39.628961373599886 ], [ -86.456112270624473, 39.629423015305271 ], [ -86.45575047128122, 39.630106120058166 ], [ -86.455750339487849, 39.630106581669203 ], [ -86.436969812698749, 39.630265092706189 ], [ -86.418658194729758, 39.630437759073118 ], [ -86.4186577842638, 39.630437238026225 ], [ -86.418460031982676, 39.629715176215356 ], [ -86.419395644735189, 39.628940091941502 ], [ -86.420727120604496, 39.628445364818759 ], [ -86.42254879638584, 39.627969766976548 ], [ -86.42432635317904, 39.627505654153211 ], [ -86.425542909732954, 39.627187995917097 ], [ -86.427379209989979, 39.626708485716385 ], [ -86.428808826131728, 39.626335147673714 ], [ -86.430393200598971, 39.625921370215934 ] ] ] ] } },
{ "type": "Feature", "properties": { "fid_1": 307, "aq_system": "Till (over buried valley with some potential)", "aq_type": "regionally discontinuous intertill or basal sand and/or gravel overlying a known bedrock valley with some deep aquifer potential", "aq_thk_ft": "individual units are commonly 5 to 15 but are absent in some areas (generally about 40% of the wells started in this system are completed in bedrock)", "yield_gpm": "generally 10 to 25 domestic; typically 200 for large-diameter high-capacity wells", "more_info": "http://www.in.gov/dnr/water/4302.htm", "shape_Leng": 17243.020473699999, "Shape_Le_1": 17370.9803708, "Shape_Area": 7012222.6002399996 }, "geometry": { "type": "Polygon", "coordinates": [ [ [ -86.433077558912046, 39.62462608087413 ], [ -86.433199889306167, 39.624567049400767 ], [ -86.434266480622824, 39.623952796265186 ], [ -86.435540338900381, 39.623219148373366 ], [ -86.436432797602976, 39.622705140779075 ], [ -86.43781900374843, 39.621906732903568 ], [ -86.439207393940251, 39.621107031274789 ], [ -86.439775845362917, 39.620346520278439 ], [ -86.440128673038004, 39.619874472422609 ], [ -86.440930558011658, 39.618801606026423 ], [ -86.442275138273104, 39.617716622972665 ], [ -86.443105380264953, 39.617046650149142 ], [ -86.443907651906642, 39.616399228990147 ], [ -86.445541046336956, 39.615081050858294 ], [ -86.446300138038623, 39.614468426299027 ], [ -86.446596454189532, 39.612727775563854 ], [ -86.446932366356435, 39.61075441572703 ], [ -86.447253980148986, 39.608864935456452 ], [ -86.447372788847957, 39.608166905169107 ], [ -86.447600586973792, 39.606828498569129 ], [ -86.447819377065557, 39.605542971506964 ], [ -86.448415481779662, 39.604634726211643 ], [ -86.44907134308788, 39.603635403397313 ], [ -86.450248105200913, 39.603336653962806 ], [ -86.451039220936252, 39.602825777814672 ], [ -86.451973266909434, 39.60222258641241 ], [ -86.453028906566928, 39.601540849050316 ], [ -86.454074345067411, 39.60123004335253 ], [ -86.455223328933585, 39.600888439737595 ], [ -86.457109930751187, 39.601822596771292 ], [ -86.458653413712454, 39.602022575726146 ], [ -86.460150058113314, 39.601836763824707 ], [ -86.460848927372979, 39.601236057006318 ], [ -86.461852011754942, 39.600880779902695 ], [ -86.464000965367688, 39.60011960928432 ], [ -86.46527312706796, 39.598977427780099 ], [ -86.465945082469219, 39.597895215732159 ], [ -86.466567481198979, 39.596892778611668 ], [ -86.467244945447888, 39.595801616755153 ], [ -86.467686259843049, 39.593967707349883 ], [ -86.468085110878121, 39.592310169262518 ], [ -86.468703515566759, 39.591273490727303 ], [ -86.469432605423322, 39.590051220299983 ], [ -86.469936170668291, 39.587314592153184 ], [ -86.470137283855607, 39.586221575298516 ], [ -86.470293220947582, 39.58537406849625 ], [ -86.469809989948914, 39.584377161493549 ], [ -86.469661925456421, 39.583212087337273 ], [ -86.469555508937944, 39.582374697771179 ], [ -86.469923086596665, 39.581632508731801 ], [ -86.470395030643417, 39.580679563721894 ], [ -86.471266307875396, 39.580124407307615 ], [ -86.471953227265843, 39.579686706730072 ], [ -86.472992040132908, 39.57902476485301 ], [ -86.474133616133656, 39.578297316307498 ], [ -86.475034760939664, 39.577723058992817 ], [ -86.476511571716912, 39.577320608903371 ], [ -86.477082632591461, 39.577038293106753 ], [ -86.477932761797845, 39.576618005388397 ], [ -86.478782878447561, 39.576197711342161 ], [ -86.480279202400439, 39.575973079322218 ], [ -86.481878807845519, 39.576710898429546 ], [ -86.481778352647439, 39.577685638826196 ], [ -86.482214301463301, 39.578203642295627 ], [ -86.482704883955648, 39.579096265363013 ], [ -86.483115054159242, 39.579506027750405 ], [ -86.483700821976555, 39.579529253860777 ], [ -86.484894390610279, 39.579346486812611 ], [ -86.487366073554796, 39.578614448861273 ], [ -86.489221392389425, 39.578503977916817 ], [ -86.48975167154147, 39.578580216156546 ], [ -86.48999603398687, 39.578738417473971 ], [ -86.491753114167835, 39.580826064123329 ], [ -86.492678853897004, 39.581609706148917 ], [ -86.493925743759561, 39.5824074976193 ], [ -86.494616720431594, 39.582974334236638 ], [ -86.494805312347594, 39.583262887442785 ], [ -86.494942478428712, 39.58381276667032 ], [ -86.494465836891777, 39.586443207880421 ], [ -86.494071517580423, 39.587660789743964 ], [ -86.493218075640769, 39.589184759429642 ], [ -86.491217363240438, 39.591234823680018 ], [ -86.490425437834347, 39.592239734687219 ], [ -86.488963168688613, 39.593632914944472 ], [ -86.48743181829262, 39.594906212188192 ], [ -86.48600853259471, 39.595947740147778 ], [ -86.481677463160878, 39.598693274525417 ], [ -86.479914020426108, 39.599482785850149 ], [ -86.478533213238975, 39.599941486223443 ], [ -86.47649311204637, 39.600788012019173 ], [ -86.476481816867647, 39.600793352020958 ], [ -86.476479794988506, 39.6007941087909 ], [ -86.465555610230936, 39.600792187799023 ], [ -86.465571096147968, 39.602189438023302 ], [ -86.464826324886587, 39.602356582108023 ], [ -86.463743951715472, 39.602723857632419 ], [ -86.462320059620069, 39.603483483496412 ], [ -86.460500271712391, 39.604598013251412 ], [ -86.458819816848091, 39.605798328988087 ], [ -86.458049726627877, 39.606493669690906 ], [ -86.457015010063941, 39.607933899475242 ], [ -86.456537848639329, 39.608827119279816 ], [ -86.456001710300555, 39.610164751424151 ], [ -86.455639876255503, 39.611511068093762 ], [ -86.45522898961552, 39.614240866626609 ], [ -86.454948935062603, 39.61519146698857 ], [ -86.45479968501823, 39.616251110655192 ], [ -86.454364909977684, 39.617430998558561 ], [ -86.453018697499473, 39.619218467804004 ], [ -86.451613454982933, 39.620413229180201 ], [ -86.4475153592212, 39.623146197957091 ], [ -86.446037163116458, 39.623800381102065 ], [ -86.443680078988024, 39.62446542124998 ], [ -86.441228758187279, 39.624827605821451 ], [ -86.438466365840199, 39.625119507464248 ], [ -86.436286022996924, 39.625141721025621 ], [ -86.434962519576501, 39.625009531685933 ], [ -86.433150573368579, 39.624647011297149 ], [ -86.433077558912046, 39.62462608087413 ] ] ] } },
{ "type": "Feature", "properties": { "fid_1": 345, "aq_system": "Complex", "aq_type": "multiple, intertill and basal sand and gravel or buried outwash sands and gravels", "aq_thk_ft": "individual units utilized are generally 10 to 20 (however, about 10 percent of the wells started in this system are completed in bedrock)", "yield_gpm": "generally 10 to 50 domestic; typically 400 for large-diameter high-capacity wells", "more_info": "http://www.in.gov/dnr/water/4302.htm", "shape_Leng": 37778.275747200001, "Shape_Le_1": 37778.275747200001, "Shape_Area": 30662283.089000002 }, "geometry": { "type": "Polygon", "coordinates": [ [ [ -86.327034936911787, 39.469531619146693 ], [ -86.326674529998812, 39.468972898830295 ], [ -86.32754733958717, 39.466797185775917 ], [ -86.32783579643575, 39.465450086776329 ], [ -86.327905068184506, 39.464243138434782 ], [ -86.32775296167577, 39.462805156500536 ], [ -86.327725409985945, 39.461630969790555 ], [ -86.327209377591217, 39.458755982457426 ], [ -86.327217604169306, 39.456573528300986 ], [ -86.327010916573244, 39.45541893339005 ], [ -86.327050168462947, 39.453890699668747 ], [ -86.32808923379865, 39.451753828486709 ], [ -86.32893782249846, 39.450411045344403 ], [ -86.329596854200034, 39.448978694928819 ], [ -86.330194517998223, 39.447941101045139 ], [ -86.330685041774998, 39.447265356285044 ], [ -86.331809097784813, 39.446196124522679 ], [ -86.332881204823778, 39.444955540024345 ], [ -86.335460654120482, 39.441733344564632 ], [ -86.336578086716244, 39.440111241504859 ], [ -86.337220503614148, 39.438943407136833 ], [ -86.337711090958919, 39.437735311238242 ], [ -86.337906441411803, 39.436850648279503 ], [ -86.338352266878218, 39.435900194726393 ], [ -86.338741954788588, 39.434459531913056 ], [ -86.339011843645054, 39.432908942551229 ], [ -86.338946526903669, 39.431153854804265 ], [ -86.339009495009734, 39.430918198749083 ], [ -86.339915428999802, 39.431398331041954 ], [ -86.34097284097615, 39.432269748931922 ], [ -86.341970839146796, 39.433328111132873 ], [ -86.342805544692197, 39.434421711478628 ], [ -86.343455190784454, 39.434988539774189 ], [ -86.344338439204606, 39.435622441467608 ], [ -86.34527297690029, 39.436079696379856 ], [ -86.346436370396376, 39.436273980678145 ], [ -86.347423437121563, 39.436309164816848 ], [ -86.347861840310912, 39.436245445526154 ], [ -86.348376235322874, 39.436042883009435 ], [ -86.348970878104808, 39.43567503061135 ], [ -86.349802147000659, 39.434871911712804 ], [ -86.350065861217359, 39.434456976502702 ], [ -86.350473048887977, 39.433053036048648 ], [ -86.350545281538217, 39.432390108944631 ], [ -86.350420641874848, 39.431525384517748 ], [ -86.349775029802188, 39.429891865993724 ], [ -86.348683166824884, 39.427965644647394 ], [ -86.347068598405613, 39.423350928384608 ], [ -86.347157671715195, 39.422291193119371 ], [ -86.347529288070575, 39.421155041638066 ], [ -86.348549935834683, 39.419263552211078 ], [ -86.349107552242117, 39.418614744544804 ], [ -86.34940822827555, 39.418732362237876 ], [ -86.353583684841936, 39.419242661221816 ], [ -86.354226774518281, 39.419251678997419 ], [ -86.355617603066406, 39.419498708511085 ], [ -86.358363166550475, 39.420372803557868 ], [ -86.360984772543247, 39.42169879655021 ], [ -86.362846098818906, 39.422755171502345 ], [ -86.363609514722711, 39.423073585887479 ], [ -86.365660509378813, 39.423479764993182 ], [ -86.367804740192739, 39.423569073365478 ], [ -86.370050652479719, 39.423862859407912 ], [ -86.371676118887038, 39.424545971928069 ], [ -86.372485820928048, 39.425003371876699 ], [ -86.37358395733537, 39.425385958632205 ], [ -86.374819889310459, 39.425487141442041 ], [ -86.375199573792401, 39.425407638279758 ], [ -86.375730465876273, 39.425152856843631 ], [ -86.376272312016411, 39.425040948704975 ], [ -86.37649240078116, 39.424912340023191 ], [ -86.377246220758011, 39.424101676219074 ], [ -86.377903263719645, 39.422476780665491 ], [ -86.377999137152074, 39.421635271835093 ], [ -86.377882477412399, 39.418986068278961 ], [ -86.377725635406904, 39.418315325249139 ], [ -86.377261634318501, 39.417191978877163 ], [ -86.376412973271101, 39.415784879548852 ], [ -86.375881279231493, 39.414611982695682 ], [ -86.375362631738042, 39.413746916090105 ], [ -86.37489981068795, 39.412120691769857 ], [ -86.374952377698676, 39.411516549490848 ], [ -86.375284559760132, 39.410772152191399 ], [ -86.375775212871218, 39.410111373068105 ], [ -86.376490189079547, 39.409345464474733 ], [ -86.377868720643278, 39.408079038650172 ], [ -86.379872807994502, 39.40644994414977 ], [ -86.380904481473337, 39.405419067414265 ], [ -86.381308159019014, 39.404916693726101 ], [ -86.38201170928123, 39.403755748242141 ], [ -86.382390234217951, 39.402905066291183 ], [ -86.382220748272857, 39.402211221964023 ], [ -86.380978641991518, 39.400242369071407 ], [ -86.37998298099896, 39.39827552877864 ], [ -86.379317905962679, 39.396067405872422 ], [ -86.378831116006708, 39.394838012056788 ], [ -86.379357502246279, 39.394171923445654 ], [ -86.3803366522407, 39.393387508302517 ], [ -86.381085012901238, 39.392691252819922 ], [ -86.381529425849124, 39.39254260480574 ], [ -86.382339857684443, 39.392495978167126 ], [ -86.385916858676126, 39.392931059052742 ], [ -86.386734634505004, 39.393227374039014 ], [ -86.38890691036363, 39.393711541775531 ], [ -86.389980491031721, 39.394069618844924 ], [ -86.390553304887646, 39.394395163083217 ], [ -86.390807750710991, 39.394607185232495 ], [ -86.391438380003208, 39.395691886230551 ], [ -86.39218090701047, 39.396511735495856 ], [ -86.393064350187572, 39.396930897363006 ], [ -86.394039349519488, 39.397214417350554 ], [ -86.394773976171763, 39.397268040279101 ], [ -86.395140730643533, 39.397186676591026 ], [ -86.396230579507304, 39.396577259171941 ], [ -86.396909749458629, 39.396320532653348 ], [ -86.397214604253591, 39.396058746664281 ], [ -86.397304409706308, 39.396260843101501 ], [ -86.397349759174517, 39.397229071649484 ], [ -86.397522790539526, 39.39822485804109 ], [ -86.397524309025371, 39.399892342558665 ], [ -86.397655030413901, 39.400552599056319 ], [ -86.397703355789687, 39.401632045152581 ], [ -86.397207247346287, 39.404263317498305 ], [ -86.397184095381178, 39.405258996657956 ], [ -86.397350534647856, 39.406193286327245 ], [ -86.397641777166299, 39.406918350831035 ], [ -86.398341458407913, 39.408153296205498 ], [ -86.400654603212459, 39.412952017209349 ], [ -86.401652946699926, 39.414808314102423 ], [ -86.40433293694052, 39.4188400495783 ], [ -86.405151833048407, 39.420272337068766 ], [ -86.406113343309258, 39.422640874837676 ], [ -86.406592044074216, 39.424454206229761 ], [ -86.407132659405576, 39.425942112067915 ], [ -86.407598030162745, 39.42697925055468 ], [ -86.407951696661613, 39.427542571038501 ], [ -86.40882498665907, 39.428679270056634 ], [ -86.410144959413003, 39.429802997718397 ], [ -86.41102783914225, 39.430411722033995 ], [ -86.411462108966546, 39.430601228770342 ], [ -86.413595627515349, 39.431079570227958 ], [ -86.4125542385015, 39.432001445460017 ], [ -86.412290293049097, 39.432330591913562 ], [ -86.411834020055338, 39.433137497291987 ], [ -86.411345059695037, 39.434568333160598 ], [ -86.411088107993393, 39.434623097289453 ], [ -86.410507674933882, 39.435026780681163 ], [ -86.4100308815989, 39.435589778646737 ], [ -86.408808730441834, 39.437696028655473 ], [ -86.408449486153216, 39.438165667462385 ], [ -86.408087483221991, 39.438883368631792 ], [ -86.407309985886471, 39.439895894885296 ], [ -86.406290025846189, 39.440843560027844 ], [ -86.405411298067037, 39.44151945821762 ], [ -86.404050652050572, 39.442325474735931 ], [ -86.402924693588474, 39.443104740160315 ], [ -86.402005160527807, 39.443980251821067 ], [ -86.398994591329952, 39.44770061793222 ], [ -86.397830885345186, 39.449290226425177 ], [ -86.396460828476407, 39.450917028028137 ], [ -86.395483758212436, 39.451897050081321 ], [ -86.395100290874666, 39.452141380603628 ], [ -86.394861253461954, 39.451068680757643 ], [ -86.394603168588858, 39.450660136018257 ], [ -86.394149441822364, 39.450461090842687 ], [ -86.393872540137139, 39.45053680460245 ], [ -86.39322357374941, 39.4511621414388 ], [ -86.391336480690057, 39.453461655807075 ], [ -86.390232063659397, 39.454215116986845 ], [ -86.388317624759253, 39.455136477335536 ], [ -86.387689246609952, 39.455701867968116 ], [ -86.387393432955648, 39.456255091490746 ], [ -86.387218423465598, 39.45689438879679 ], [ -86.386950294397536, 39.458913479019181 ], [ -86.386343258005979, 39.460954475995244 ], [ -86.386032875575438, 39.46176943607226 ], [ -86.385509172719807, 39.462757795141165 ], [ -86.385173805838889, 39.46408313059144 ], [ -86.384543982106678, 39.46523653286922 ], [ -86.383524407334718, 39.467642578872002 ], [ -86.382692527554909, 39.46825272462614 ], [ -86.37992610892762, 39.469137216710678 ], [ -86.378909019358247, 39.470027573099586 ], [ -86.377529359511229, 39.470789603075865 ], [ -86.376709288681155, 39.471470505783103 ], [ -86.375900828743369, 39.472401391516819 ], [ -86.375564841844636, 39.473663091516201 ], [ -86.375112080412777, 39.474372910173798 ], [ -86.374804149730977, 39.474575145900047 ], [ -86.374141887316696, 39.474802293184652 ], [ -86.373603373548036, 39.474807132724806 ], [ -86.37277720818058, 39.474596162021548 ], [ -86.370913544259849, 39.473866027484583 ], [ -86.369698351157865, 39.473121926412276 ], [ -86.369244784669561, 39.472638452306214 ], [ -86.368605479419585, 39.471681446542348 ], [ -86.368384987508577, 39.470956402563196 ], [ -86.368363305338022, 39.470473369547292 ], [ -86.369525689206299, 39.468386645557928 ], [ -86.370024788107543, 39.467061136726471 ], [ -86.370612757115083, 39.466084227292129 ], [ -86.371246781560188, 39.465363790729548 ], [ -86.372054395617752, 39.463811105799259 ], [ -86.373338646485109, 39.462732657693728 ], [ -86.373878078154746, 39.462487602309281 ], [ -86.374468745445938, 39.462323512052002 ], [ -86.375206748448321, 39.461652493742264 ], [ -86.375965377418922, 39.46081234178174 ], [ -86.376320566372385, 39.460564897621929 ], [ -86.376701124933646, 39.458622811960531 ], [ -86.373750230644418, 39.45814726923728 ], [ -86.372148082241395, 39.457507373891971 ], [ -86.370985284876994, 39.457172102150018 ], [ -86.370730028197713, 39.45743033662194 ], [ -86.370346600387165, 39.458268961023045 ], [ -86.370217334516411, 39.458938163183902 ], [ -86.370192119036929, 39.460108238769458 ], [ -86.370074228358959, 39.46063968599514 ], [ -86.369494969822995, 39.461634302487049 ], [ -86.368536957738229, 39.462764287660413 ], [ -86.368037643006957, 39.463255509321748 ], [ -86.367373043001095, 39.463698207298336 ], [ -86.36578784794122, 39.46449863223102 ], [ -86.364497029299869, 39.465302884423245 ], [ -86.363554792093439, 39.465800914507568 ], [ -86.362859202164259, 39.466290226427972 ], [ -86.361965574279068, 39.467137199964689 ], [ -86.361579189645269, 39.46823990106904 ], [ -86.360671716565165, 39.468775566679732 ], [ -86.359253898897379, 39.467389504849329 ], [ -86.358175616214652, 39.466024649178671 ], [ -86.357234725591923, 39.464269255255196 ], [ -86.356884065348794, 39.463385341842198 ], [ -86.356541374554141, 39.462223930833282 ], [ -86.356444163879814, 39.460043926525529 ], [ -86.356735511653326, 39.458443928565593 ], [ -86.35700635032974, 39.457801783000896 ], [ -86.357805572745136, 39.45685278505276 ], [ -86.358208275740807, 39.456010006915832 ], [ -86.35845616143078, 39.455252325774879 ], [ -86.358468688004976, 39.454787556365282 ], [ -86.358365698324874, 39.454091686119064 ], [ -86.358072321554104, 39.453217482563822 ], [ -86.357673349862239, 39.452401301401004 ], [ -86.356697444093484, 39.450982981784016 ], [ -86.356047926877579, 39.450498680942282 ], [ -86.355308750746104, 39.44978787783085 ], [ -86.354703095117017, 39.449332681454592 ], [ -86.353952638491307, 39.448962617576079 ], [ -86.353003759553886, 39.448709104062466 ], [ -86.352576092590297, 39.448767650820109 ], [ -86.35218104217995, 39.449041176543247 ], [ -86.352068778011969, 39.449192187888073 ], [ -86.351977941790537, 39.449581597939641 ], [ -86.352093250433597, 39.450746538134631 ], [ -86.352460644906813, 39.452482361683806 ], [ -86.352766653026933, 39.454393763790144 ], [ -86.352992222218958, 39.455282065994872 ], [ -86.35292636254195, 39.455690900580727 ], [ -86.352575690324073, 39.45614557689052 ], [ -86.352219343178703, 39.456380967091441 ], [ -86.351836703677577, 39.456505835985055 ], [ -86.350770345240903, 39.456517983857324 ], [ -86.350046330443291, 39.456420903347734 ], [ -86.349751104282376, 39.456345341428239 ], [ -86.349136365913509, 39.456054667508781 ], [ -86.348395608372229, 39.45554063848239 ], [ -86.347571475655826, 39.455123555353225 ], [ -86.346817593067243, 39.454990681170933 ], [ -86.346321201915273, 39.455140406347837 ], [ -86.345022442376603, 39.455831292323836 ], [ -86.34260585568596, 39.456765916964478 ], [ -86.340981579028366, 39.457233069536571 ], [ -86.339255817696525, 39.457540014748623 ], [ -86.338587738425758, 39.457767565212897 ], [ -86.338411506369411, 39.457898847296775 ], [ -86.338170386261325, 39.458230414439285 ], [ -86.337969128985407, 39.458642663898424 ], [ -86.3378998186963, 39.459097387500357 ], [ -86.338054657400718, 39.459819249882109 ], [ -86.338683043718447, 39.461005974566874 ], [ -86.338834273444888, 39.46163005460275 ], [ -86.338815486929704, 39.461976064551266 ], [ -86.338674613887378, 39.462407511864846 ], [ -86.33824417488546, 39.463111463930389 ], [ -86.336521003938756, 39.463942021742113 ], [ -86.33514654352922, 39.464469324722693 ], [ -86.333934776542208, 39.465094056752463 ], [ -86.331053344114764, 39.466413284974493 ], [ -86.329930652960684, 39.467009261641834 ], [ -86.32928044326006, 39.46726688031913 ], [ -86.328224936195994, 39.467875017179821 ], [ -86.327376102834052, 39.468671456693393 ], [ -86.327034936911787, 39.469531619146693 ] ] ] } },
{ "type": "Feature", "properties": { "fid_1": 601, "aq_system": "Till Subsystem", "aq_type": "locally discontinuous intertill or basal sand and/or gravel", "aq_thk_ft": "individual units are commonly 5 to 10 but are absent in many areas (generally about 80 percent of the wells started in this system are completed in bedrock)", "yield_gpm": "generally less than 10, domestic only; extremely limited high-capacity potential", "more_info": "http://www.in.gov/dnr/water/4302.htm", "shape_Leng": 20968.1722309, "Shape_Le_1": 20271.809007100001, "Shape_Area": 6149098.5404099999 }, "geometry": { "type": "Polygon", "coordinates": [ [ [ -86.251517376888657, 39.365455974920991 ], [ -86.251505072494069, 39.362870553842093 ], [ -86.25279192259508, 39.362064464289297 ], [ -86.253245881654522, 39.361755391864861 ], [ -86.255771298983447, 39.359577885523215 ], [ -86.256614764211278, 39.358660431915602 ], [ -86.257039316590252, 39.358037621003419 ], [ -86.258139156910772, 39.355602249121851 ], [ -86.258929604819187, 39.354322573665328 ], [ -86.259310083447787, 39.353953368351945 ], [ -86.259948155921151, 39.353533476084877 ], [ -86.261063291840046, 39.3529824911273 ], [ -86.261703889515303, 39.35282334666195 ], [ -86.262304014173978, 39.352771114932189 ], [ -86.26422190433702, 39.352861667805819 ], [ -86.265138070471949, 39.3531499668454 ], [ -86.267037922267136, 39.353453817543958 ], [ -86.268125974379146, 39.35371810965416 ], [ -86.270918464230419, 39.354671942628528 ], [ -86.272779324195483, 39.355455747171476 ], [ -86.274975099647463, 39.355855868842887 ], [ -86.2758983177321, 39.355747996851072 ], [ -86.276690025820884, 39.354678801278858 ], [ -86.27681703728561, 39.354374514716319 ], [ -86.276546860833818, 39.352739020543659 ], [ -86.276591994244541, 39.351218575000459 ], [ -86.276873086361647, 39.349908505123558 ], [ -86.277103334871043, 39.349321853964021 ], [ -86.2773502981197, 39.349048103504309 ], [ -86.278162231586336, 39.348608639311067 ], [ -86.279619740326069, 39.348215465032645 ], [ -86.280193538049247, 39.348214935239263 ], [ -86.283241632760834, 39.348555650021453 ], [ -86.286097994377755, 39.34921182807696 ], [ -86.287175844612804, 39.349655526456388 ], [ -86.288889143542207, 39.350572796107393 ], [ -86.289968984143485, 39.351337135587279 ], [ -86.292366080536524, 39.35276371630254 ], [ -86.293532926116328, 39.353052987206873 ], [ -86.295814897148702, 39.35324910320476 ], [ -86.298567424880645, 39.353230702883835 ], [ -86.300099121278635, 39.352876796965177 ], [ -86.30257512040474, 39.352748134562496 ], [ -86.304673773455647, 39.352475883518665 ], [ -86.306436395415957, 39.352512533930643 ], [ -86.308744032550734, 39.352292975919532 ], [ -86.309608262002016, 39.35207021316711 ], [ -86.315407872449427, 39.349993243377341 ], [ -86.316446865185227, 39.349743993802697 ], [ -86.319323633228279, 39.350266034201695 ], [ -86.323523219566098, 39.351294565092878 ], [ -86.324780561963152, 39.351503949417989 ], [ -86.329295859723004, 39.351737062108747 ], [ -86.330006994136085, 39.351632719959554 ], [ -86.33144974194866, 39.351209853401592 ], [ -86.332264341866988, 39.350303476956817 ], [ -86.332759893274712, 39.349547102400564 ], [ -86.333429406370016, 39.348941777186226 ], [ -86.335334125908531, 39.347533571473228 ], [ -86.336476218812876, 39.34690474122084 ], [ -86.337210866308425, 39.346588080513968 ], [ -86.339952359252692, 39.34581863098159 ], [ -86.342101925975996, 39.345570073441372 ], [ -86.342951594736249, 39.345755427050193 ], [ -86.344196343388973, 39.346241753875574 ], [ -86.345469885702258, 39.346483099459874 ], [ -86.3459771712578, 39.346714958254303 ], [ -86.346549917312529, 39.347231502495134 ], [ -86.346842609788197, 39.347603453792274 ], [ -86.347053619641144, 39.348071079477712 ], [ -86.347495694708726, 39.350655489143612 ], [ -86.348108599935401, 39.352003409880865 ], [ -86.348838593886867, 39.35322014236192 ], [ -86.349546372554485, 39.35415514285129 ], [ -86.35064285781398, 39.354961115478176 ], [ -86.350015710479809, 39.355164266608796 ], [ -86.348203055576249, 39.355205786056949 ], [ -86.345891892086669, 39.35551729490755 ], [ -86.338107767271254, 39.355615165915303 ], [ -86.33433650433048, 39.355926701750782 ], [ -86.333018275997333, 39.356162796808647 ], [ -86.331492021191679, 39.356277165130287 ], [ -86.32847722056168, 39.356241321824037 ], [ -86.326682138069359, 39.355959956421835 ], [ -86.325279009913089, 39.355910678203507 ], [ -86.320022237171244, 39.356338324965137 ], [ -86.316730559752969, 39.355752109001244 ], [ -86.314928485836546, 39.355258596530739 ], [ -86.313666262351703, 39.354727448923029 ], [ -86.311747406684333, 39.354221398989004 ], [ -86.309555150091256, 39.353888770547989 ], [ -86.308294244304591, 39.353824430234887 ], [ -86.306218414295287, 39.354150159024009 ], [ -86.304852031814789, 39.354183987079566 ], [ -86.303193135520402, 39.354397941157949 ], [ -86.301635374392163, 39.35469468557379 ], [ -86.300937922102975, 39.354992601771826 ], [ -86.299586293375356, 39.355830672603219 ], [ -86.294624327545932, 39.358188299793355 ], [ -86.293612422158347, 39.358761592877549 ], [ -86.292757933577462, 39.359195712598343 ], [ -86.290720164142783, 39.359896426213055 ], [ -86.28796766324318, 39.360481353161589 ], [ -86.28612902614185, 39.360472592071879 ], [ -86.283994895471253, 39.35998499147081 ], [ -86.282763253307749, 39.359990294154265 ], [ -86.280404621018121, 39.359694026059458 ], [ -86.27855530389283, 39.35957257584483 ], [ -86.277224670929343, 39.359721565945726 ], [ -86.275876860104191, 39.360182888345165 ], [ -86.274886881205248, 39.360342234507669 ], [ -86.273112755730367, 39.360431042444283 ], [ -86.271931700437079, 39.360304236667531 ], [ -86.270543449054117, 39.360528404467416 ], [ -86.268568511293381, 39.360972341967589 ], [ -86.26575002742463, 39.361898982992813 ], [ -86.263345841495081, 39.363556398434412 ], [ -86.261197442626468, 39.364603452296464 ], [ -86.257314267325285, 39.365509849699059 ], [ -86.255750576152806, 39.365557423026033 ], [ -86.254718687844388, 39.365690881177365 ], [ -86.252637631312822, 39.365464761761928 ], [ -86.251932951685802, 39.36545923374247 ], [ -86.251517376888657, 39.365455974920991 ] ] ] } },
{ "type": "Feature", "properties": { "fid_1": 602, "aq_system": "Till Subsystem", "aq_type": "locally discontinuous intertill or basal sand and/or gravel", "aq_thk_ft": "individual units are commonly 5 to 10 but are absent in many areas (generally about 80 percent of the wells started in this system are completed in bedrock)", "yield_gpm": "generally less than 10, domestic only; extremely limited high-capacity potential", "more_info": "http://www.in.gov/dnr/water/4302.htm", "shape_Leng": 3645.0961975599998, "Shape_Le_1": 3645.0961975599998, "Shape_Area": 826675.990338 }, "geometry": { "type": "Polygon", "coordinates": [ [ [ -86.546705331699613, 39.363354200737263 ], [ -86.546683287866628, 39.36277981366127 ], [ -86.546335670883664, 39.362196726649898 ], [ -86.546071165037844, 39.362056915424958 ], [ -86.547040596020793, 39.361099125015791 ], [ -86.548222808625198, 39.360399783196016 ], [ -86.549497364919148, 39.359688442020506 ], [ -86.551692911548557, 39.358765670625012 ], [ -86.552365991901269, 39.3585421935677 ], [ -86.55396038470063, 39.358205805933565 ], [ -86.555234026749616, 39.358272225598327 ], [ -86.555782688100592, 39.358533732446304 ], [ -86.556350352453762, 39.359036686337113 ], [ -86.557129013655853, 39.360260247768075 ], [ -86.557499933331314, 39.36125758926385 ], [ -86.557740865207919, 39.362910754513727 ], [ -86.558425222843894, 39.364557886323368 ], [ -86.558975856177227, 39.365325592486066 ], [ -86.560958954663477, 39.36688951562958 ], [ -86.559542088331852, 39.367569768547277 ], [ -86.557510432974524, 39.36821332902705 ], [ -86.556685825043402, 39.368287317979309 ], [ -86.554926826536345, 39.367988695705399 ], [ -86.553332245548205, 39.367393400454631 ], [ -86.550420234935373, 39.365871012941305 ], [ -86.549163130409738, 39.365142905656548 ], [ -86.546705331699613, 39.363354200737263 ] ] ] } },
{ "type": "Feature", "properties": { "fid_1": 617, "aq_system": "Till Subsystem", "aq_type": "locally discontinuous intertill or basal sand and/or gravel", "aq_thk_ft": "individual units are commonly 5 to 10 but are absent in many areas (generally about 80 percent of the wells started in this system are completed in bedrock)", "yield_gpm": "generally less than 10, domestic only; extremely limited high-capacity potential", "more_info": "http://www.in.gov/dnr/water/4302.htm", "shape_Leng": 23794.801005699999, "Shape_Le_1": 23794.801005699999, "Shape_Area": 16003635.590500001 }, "geometry": { "type": "Polygon", "coordinates": [ [ [ -86.349107552242117, 39.418614744544804 ], [ -86.350323564461959, 39.417288759755586 ], [ -86.350925610587836, 39.416325518586675 ], [ -86.35124130303079, 39.416014985766218 ], [ -86.352476848146352, 39.415405094128275 ], [ -86.3533955068593, 39.414849023737652 ], [ -86.355304658373385, 39.413995801173179 ], [ -86.35651796036565, 39.413794322479802 ], [ -86.358009297077302, 39.413692500291234 ], [ -86.35902517434937, 39.413540749869966 ], [ -86.360301463713199, 39.413164034052855 ], [ -86.362844981183471, 39.413220614678416 ], [ -86.364182104392967, 39.412946357040418 ], [ -86.364917645310783, 39.412725033915514 ], [ -86.365328098345046, 39.412511634737065 ], [ -86.366052511049858, 39.411844211290806 ], [ -86.366264415223952, 39.411453096121761 ], [ -86.366321474246234, 39.410882636974513 ], [ -86.366234899483288, 39.410454995677817 ], [ -86.365625675862788, 39.4093959746439 ], [ -86.365221814436296, 39.408949359211967 ], [ -86.364412900738614, 39.408377198231889 ], [ -86.361953198283587, 39.406965480281428 ], [ -86.360601268614829, 39.40630883664339 ], [ -86.358288951135165, 39.4049503874555 ], [ -86.357196742224218, 39.404151914524377 ], [ -86.355491319337233, 39.403161853513581 ], [ -86.354634179047906, 39.402551738746475 ], [ -86.353794784128169, 39.401826705538333 ], [ -86.353354673131449, 39.401229359101947 ], [ -86.352543839610888, 39.399146472678197 ], [ -86.352401099590367, 39.398542004181401 ], [ -86.352657141910782, 39.397735080374055 ], [ -86.353260780500193, 39.397001640206057 ], [ -86.357321554214181, 39.394377523261348 ], [ -86.359093782822995, 39.3933861211612 ], [ -86.361964762438404, 39.391020021055752 ], [ -86.362881587632202, 39.390094630537789 ], [ -86.363719484610257, 39.388489831787382 ], [ -86.363759875691116, 39.38782393707163 ], [ -86.363475487198315, 39.386151112878814 ], [ -86.363022537141063, 39.384917827134501 ], [ -86.362590231981528, 39.384389574707818 ], [ -86.360497338285711, 39.382370576983959 ], [ -86.359086814655328, 39.381312803763564 ], [ -86.358039233788247, 39.380726192138489 ], [ -86.357576477567619, 39.380306620514524 ], [ -86.356764812738575, 39.379314174759358 ], [ -86.355834492746482, 39.378455138710486 ], [ -86.354693977456606, 39.377155287890119 ], [ -86.353831830158725, 39.375944841111824 ], [ -86.353634607435453, 39.375135484002698 ], [ -86.353951720848812, 39.373762915251682 ], [ -86.354590303066757, 39.372842648531289 ], [ -86.355660653031862, 39.371628689965512 ], [ -86.360689486878243, 39.367830815092113 ], [ -86.362105879110715, 39.366573350938872 ], [ -86.362803470502982, 39.365784367271736 ], [ -86.363185801819597, 39.364905636376342 ], [ -86.363363111310179, 39.364156867338316 ], [ -86.363390793505445, 39.363275472111965 ], [ -86.363632342718674, 39.361529536684372 ], [ -86.363608075778089, 39.360936935995767 ], [ -86.363901502340099, 39.359624792650706 ], [ -86.364464042908693, 39.359625918883985 ], [ -86.365113927145387, 39.359513706710366 ], [ -86.366195990658554, 39.35916114788305 ], [ -86.367672906540605, 39.357980853751904 ], [ -86.369058341355554, 39.357134692792933 ], [ -86.369862882723112, 39.356991930614036 ], [ -86.370527653690786, 39.35704121961718 ], [ -86.371222842255577, 39.357494623163213 ], [ -86.372089160947013, 39.358360423878139 ], [ -86.373569286176334, 39.361708633474592 ], [ -86.373993056107324, 39.362203856201987 ], [ -86.374551297777444, 39.3625736370022 ], [ -86.375157396033146, 39.362826989976192 ], [ -86.377009245464421, 39.363318946092392 ], [ -86.378184831410408, 39.363012391442936 ], [ -86.379247674172035, 39.362491729650685 ], [ -86.380057165160409, 39.362498047856818 ], [ -86.382433592653967, 39.363474515411284 ], [ -86.38333546272645, 39.36407539654396 ], [ -86.383675872025364, 39.364477387132204 ], [ -86.38360530650219, 39.364672016400483 ], [ -86.383725186347334, 39.365397074587293 ], [ -86.383666573593388, 39.366853473168113 ], [ -86.383741765789836, 39.367476802548254 ], [ -86.383559293837209, 39.368846349277696 ], [ -86.383828071249766, 39.370491789521793 ], [ -86.384479600389184, 39.371426074989941 ], [ -86.385329412857374, 39.372978456303905 ], [ -86.38636883505616, 39.37454090488675 ], [ -86.3868801786749, 39.37511302261057 ], [ -86.387264278425505, 39.3754252391374 ], [ -86.389554749200144, 39.376512985249782 ], [ -86.3919497105868, 39.377571536750445 ], [ -86.393918526769255, 39.378197268610514 ], [ -86.395417595814592, 39.378869185951437 ], [ -86.396285558486753, 39.379167106918096 ], [ -86.397163520240966, 39.380019020364983 ], [ -86.397812199166339, 39.380926557513654 ], [ -86.398196794726843, 39.382103566230768 ], [ -86.398201473578681, 39.382668218592492 ], [ -86.398090972143592, 39.383023817005935 ], [ -86.397613333591877, 39.383947533386113 ], [ -86.396342666622019, 39.385353487420133 ], [ -86.395821439405594, 39.386140615122997 ], [ -86.395589336871112, 39.386669870791209 ], [ -86.395592160570558, 39.387408754018963 ], [ -86.395751529991614, 39.387877356521003 ], [ -86.396516171680346, 39.389042819274664 ], [ -86.397449012472592, 39.389897747915867 ], [ -86.398759918437307, 39.391596966118705 ], [ -86.399027009462273, 39.392093059624401 ], [ -86.399129345830701, 39.392462972607383 ], [ -86.398982099275685, 39.393180097803516 ], [ -86.398683133671895, 39.394000492765457 ], [ -86.3981833460914, 39.394887042432373 ], [ -86.397650968208168, 39.395414372065609 ], [ -86.397214604253591, 39.396058746664281 ], [ -86.396909749458629, 39.396320532653348 ], [ -86.396230579507304, 39.396577259171941 ], [ -86.395140730643533, 39.397186676591026 ], [ -86.394773976171763, 39.397268040279101 ], [ -86.394039349519488, 39.397214417350554 ], [ -86.393064350187572, 39.396930897363006 ], [ -86.39218090701047, 39.396511735495856 ], [ -86.391438380003208, 39.395691886230551 ], [ -86.390807750710991, 39.394607185232495 ], [ -86.390553304887646, 39.394395163083217 ], [ -86.389980491031721, 39.394069618844924 ], [ -86.38890691036363, 39.393711541775531 ], [ -86.386734634505004, 39.393227374039014 ], [ -86.385916858676126, 39.392931059052742 ], [ -86.382339857684443, 39.392495978167126 ], [ -86.381529425849124, 39.39254260480574 ], [ -86.381085012901238, 39.392691252819922 ], [ -86.3803366522407, 39.393387508302517 ], [ -86.379357502246279, 39.394171923445654 ], [ -86.378831116006708, 39.394838012056788 ], [ -86.379317905962679, 39.396067405872422 ], [ -86.37998298099896, 39.39827552877864 ], [ -86.380978641991518, 39.400242369071407 ], [ -86.382220748272857, 39.402211221964023 ], [ -86.382390234217951, 39.402905066291183 ], [ -86.38201170928123, 39.403755748242141 ], [ -86.381308159019014, 39.404916693726101 ], [ -86.380904481473337, 39.405419067414265 ], [ -86.379872807994502, 39.40644994414977 ], [ -86.377868720643278, 39.408079038650172 ], [ -86.376490189079547, 39.409345464474733 ], [ -86.375775212871218, 39.410111373068105 ], [ -86.375284559760132, 39.410772152191399 ], [ -86.374952377698676, 39.411516549490848 ], [ -86.37489981068795, 39.412120691769857 ], [ -86.375362631738042, 39.413746916090105 ], [ -86.375881279231493, 39.414611982695682 ], [ -86.376412973271101, 39.415784879548852 ], [ -86.377261634318501, 39.417191978877163 ], [ -86.377725635406904, 39.418315325249139 ], [ -86.377882477412399, 39.418986068278961 ], [ -86.377999137152074, 39.421635271835093 ], [ -86.377903263719645, 39.422476780665491 ], [ -86.377246220758011, 39.424101676219074 ], [ -86.37649240078116, 39.424912340023191 ], [ -86.376272312016411, 39.425040948704975 ], [ -86.375730465876273, 39.425152856843631 ], [ -86.375199573792401, 39.425407638279758 ], [ -86.374819889310459, 39.425487141442041 ], [ -86.37358395733537, 39.425385958632205 ], [ -86.372485820928048, 39.425003371876699 ], [ -86.371676118887038, 39.424545971928069 ], [ -86.370050652479719, 39.423862859407912 ], [ -86.367804740192739, 39.423569073365478 ], [ -86.365660509378813, 39.423479764993182 ], [ -86.363609514722711, 39.423073585887479 ], [ -86.362846098818906, 39.422755171502345 ], [ -86.360984772543247, 39.42169879655021 ], [ -86.358363166550475, 39.420372803557868 ], [ -86.355617603066406, 39.419498708511085 ], [ -86.354226774518281, 39.419251678997419 ], [ -86.353583684841936, 39.419242661221816 ], [ -86.34940822827555, 39.418732362237876 ], [ -86.349107552242117, 39.418614744544804 ] ] ] } },
{ "type": "Feature", "properties": { "fid_1": 621, "aq_system": "Till Subsystem", "aq_type": "locally discontinuous intertill or basal sand and/or gravel", "aq_thk_ft": "individual units are commonly 5 to 10 but are absent in many areas (generally about 80 percent of the wells started in this system are completed in bedrock)", "yield_gpm": "generally less than 10, domestic only; extremely limited high-capacity potential", "more_info": "http://www.in.gov/dnr/water/4302.htm", "shape_Leng": 10291.394592799999, "Shape_Le_1": 10291.394592799999, "Shape_Area": 4883382.0864899997 }, "geometry": { "type": "Polygon", "coordinates": [ [ [ -86.486059942099601, 39.414737688740679 ], [ -86.486403566009173, 39.414396611738269 ], [ -86.486945610882984, 39.414107114534353 ], [ -86.488570193095342, 39.413523886849596 ], [ -86.490587572015727, 39.412974885455789 ], [ -86.491938378412527, 39.412829722782959 ], [ -86.492863002327439, 39.412544358576234 ], [ -86.494760883221645, 39.412195137912576 ], [ -86.497785826675511, 39.41202000508968 ], [ -86.500246774292634, 39.411659200010156 ], [ -86.502950290243092, 39.4108133366896 ], [ -86.505146874249959, 39.409871654209411 ], [ -86.505902830413433, 39.409430406770923 ], [ -86.506918605569282, 39.408606423471596 ], [ -86.507741991777763, 39.408422930176592 ], [ -86.508423923476428, 39.408123327589777 ], [ -86.509176734536879, 39.407953413105083 ], [ -86.509614545527612, 39.408231461306492 ], [ -86.510040146268452, 39.408694581316318 ], [ -86.510315843834334, 39.409132731088228 ], [ -86.510475157625194, 39.409717036264006 ], [ -86.510391220538693, 39.410628866934175 ], [ -86.509791419508943, 39.412045900327463 ], [ -86.509500529029779, 39.413264938217473 ], [ -86.508623563783743, 39.414635212852851 ], [ -86.508376061029367, 39.415454060486461 ], [ -86.508436341700175, 39.416070889481936 ], [ -86.509079863947321, 39.41707539253143 ], [ -86.509460781524425, 39.417930249781243 ], [ -86.50962243474757, 39.418479015445044 ], [ -86.509722030940779, 39.419626818922474 ], [ -86.509480585914545, 39.420176663933802 ], [ -86.509390376531371, 39.420684958493439 ], [ -86.509251533069587, 39.421031304999929 ], [ -86.508894611638169, 39.421733482759748 ], [ -86.508662115904315, 39.422050338630477 ], [ -86.507791722652598, 39.422948540000803 ], [ -86.506448752521479, 39.424011224570883 ], [ -86.505607590145445, 39.424538268106517 ], [ -86.505466995108449, 39.42471033042753 ], [ -86.505558601515759, 39.425283013925892 ], [ -86.506133071983086, 39.426206575992666 ], [ -86.506451862389468, 39.426594544523297 ], [ -86.507331120530495, 39.428395366919624 ], [ -86.507558296000141, 39.430521234496993 ], [ -86.507587621156773, 39.432636429307095 ], [ -86.507439468761604, 39.433281749097702 ], [ -86.507029374664342, 39.434375712991709 ], [ -86.505352300298625, 39.438462334428543 ], [ -86.504776308457053, 39.439412020306968 ], [ -86.504024010265965, 39.440403399559678 ], [ -86.503316947609207, 39.441022974825586 ], [ -86.502664955497949, 39.441337021589128 ], [ -86.502414300306015, 39.441378912125778 ], [ -86.5019108786923, 39.441328906572444 ], [ -86.501557871543127, 39.441143099513809 ], [ -86.501346703826272, 39.440923957504374 ], [ -86.501247484958867, 39.440155910360133 ], [ -86.501032256171484, 39.439686940234552 ], [ -86.500698607003031, 39.438680448895909 ], [ -86.500465557867557, 39.437271844861954 ], [ -86.499698785968789, 39.43483075392647 ], [ -86.499153000111107, 39.433863380757167 ], [ -86.498339208720367, 39.432925744060235 ], [ -86.497367885519935, 39.431920012514041 ], [ -86.496778075288987, 39.432264726228418 ], [ -86.495729909323813, 39.432640872032074 ], [ -86.49479088962913, 39.433344196600245 ], [ -86.4939674089498, 39.433793560889427 ], [ -86.493104227417263, 39.434062652932035 ], [ -86.492737019503636, 39.434037540722535 ], [ -86.491570750279777, 39.433366079555775 ], [ -86.490965707564115, 39.432841106861083 ], [ -86.489852510512392, 39.43128413224823 ], [ -86.488491125168892, 39.429746320446029 ], [ -86.487456090472591, 39.428447117473759 ], [ -86.486793340460267, 39.427365984242023 ], [ -86.48656585509795, 39.426855653060912 ], [ -86.485341632452162, 39.424892062086471 ], [ -86.48482693325262, 39.423678397670642 ], [ -86.484723738491581, 39.42319807144861 ], [ -86.484724618854571, 39.422067202503634 ], [ -86.484857974283059, 39.420737199378159 ], [ -86.485970902643288, 39.417822791819482 ], [ -86.486374514692642, 39.416542853487059 ], [ -86.486402147613688, 39.415927810945092 ], [ -86.486187152150734, 39.414943675294573 ], [ -86.486059942099601, 39.414737688740679 ] ] ] } },
{ "type": "Feature", "properties": { "fid_1": 624, "aq_system": "Till Subsystem", "aq_type": "locally discontinuous intertill or basal sand and/or gravel", "aq_thk_ft": "individual units are commonly 5 to 10 but are absent in many areas (generally about 80 percent of the wells started in this system are completed in bedrock)", "yield_gpm": "generally less than 10, domestic only; extremely limited high-capacity potential", "more_info": "http://www.in.gov/dnr/water/4302.htm", "shape_Leng": 6496.51096925, "Shape_Le_1": 6496.51096925, "Shape_Area": 1824846.4961399999 }, "geometry": { "type": "Polygon", "coordinates": [ [ [ -86.442444583506457, 39.453706364128116 ], [ -86.442478558559344, 39.45337907115406 ], [ -86.443589473776981, 39.450232212421795 ], [ -86.444339752483089, 39.448993592214428 ], [ -86.445116372658518, 39.447442141542751 ], [ -86.445968164214719, 39.446109027323594 ], [ -86.446457616198501, 39.444478364173335 ], [ -86.446585233724662, 39.443598771433095 ], [ -86.44673392419682, 39.443363919543984 ], [ -86.447900012144785, 39.443030812022975 ], [ -86.449046834654837, 39.442869447858605 ], [ -86.449699502871979, 39.442835502333175 ], [ -86.450714528410913, 39.442915204417687 ], [ -86.452921025446898, 39.442720878711945 ], [ -86.455090972121297, 39.442701532801763 ], [ -86.455784187715821, 39.442867681780896 ], [ -86.457764713454878, 39.44375969392614 ], [ -86.459010535992732, 39.444570335549663 ], [ -86.460262733720754, 39.445839413334404 ], [ -86.461301718220597, 39.447010903851719 ], [ -86.461535448639395, 39.447409219657892 ], [ -86.461692431157999, 39.448445438228482 ], [ -86.462057891334638, 39.449451991187452 ], [ -86.462960913232507, 39.45340594030155 ], [ -86.463304253161922, 39.454419863419005 ], [ -86.463394224034332, 39.4556974463827 ], [ -86.463173356963097, 39.456066910327905 ], [ -86.462655767633365, 39.456432022555227 ], [ -86.461969848964117, 39.456694016272635 ], [ -86.461490938469964, 39.456687147581313 ], [ -86.458854101648768, 39.455089460292143 ], [ -86.458375646474892, 39.454704165676759 ], [ -86.457855280805575, 39.454072164237552 ], [ -86.457356137632814, 39.453736421721047 ], [ -86.455525073208861, 39.452732542304744 ], [ -86.454826499499163, 39.452566188315835 ], [ -86.454299031992278, 39.452539906862825 ], [ -86.452630299572021, 39.452723906555391 ], [ -86.451445854491581, 39.453121243774675 ], [ -86.450628781638443, 39.453573488794632 ], [ -86.450268792306517, 39.453858839387195 ], [ -86.4498957750437, 39.454358654517264 ], [ -86.44945762834675, 39.455998630615078 ], [ -86.449211380947347, 39.456420520768226 ], [ -86.448841961042916, 39.456678709297748 ], [ -86.448161794828323, 39.45689427581604 ], [ -86.446306770363037, 39.45583334911128 ], [ -86.445359855538854, 39.454754223168507 ], [ -86.445217513126011, 39.454247121391852 ], [ -86.445764315633113, 39.453363555916496 ], [ -86.445983919286405, 39.452774800797449 ], [ -86.446023505468204, 39.4522411029903 ], [ -86.44583641651765, 39.451968375302378 ], [ -86.445234614477243, 39.451897514288795 ], [ -86.444857186590241, 39.452015224197112 ], [ -86.44276001391799, 39.453593042468924 ], [ -86.442444583506457, 39.453706364128116 ] ] ] } },
{ "type": "Feature", "properties": { "fid_1": 625, "aq_system": "Till Subsystem", "aq_type": "locally discontinuous intertill or basal sand and/or gravel", "aq_thk_ft": "individual units are commonly 5 to 10 but are absent in many areas (generally about 80 percent of the wells started in this system are completed in bedrock)", "yield_gpm": "generally less than 10, domestic only; extremely limited high-capacity potential", "more_info": "http://www.in.gov/dnr/water/4302.htm", "shape_Leng": 6792.42019325, "Shape_Le_1": 6792.42019325, "Shape_Area": 2049860.94465 }, "geometry": { "type": "Polygon", "coordinates": [ [ [ -86.395100290874666, 39.452141380603628 ], [ -86.395483758212436, 39.451897050081321 ], [ -86.396460828476407, 39.450917028028137 ], [ -86.397830885345186, 39.449290226425177 ], [ -86.398994591329952, 39.44770061793222 ], [ -86.402005160527807, 39.443980251821067 ], [ -86.402924693588474, 39.443104740160315 ], [ -86.404050652050572, 39.442325474735931 ], [ -86.405411298067037, 39.44151945821762 ], [ -86.406290025846189, 39.440843560027844 ], [ -86.407309985886471, 39.439895894885296 ], [ -86.408087483221991, 39.438883368631792 ], [ -86.408449486153216, 39.438165667462385 ], [ -86.408808730441834, 39.437696028655473 ], [ -86.4100308815989, 39.435589778646737 ], [ -86.410507674933882, 39.435026780681163 ], [ -86.411088107993393, 39.434623097289453 ], [ -86.411345059695037, 39.434568333160598 ], [ -86.411476825079077, 39.435504507255374 ], [ -86.412697364056839, 39.437742601609166 ], [ -86.413524541147652, 39.438792673577098 ], [ -86.415812198964787, 39.440858044783418 ], [ -86.41684209519633, 39.442128404007669 ], [ -86.416852682758872, 39.443054130146791 ], [ -86.416312527431387, 39.444174492811406 ], [ -86.415537917796527, 39.445050363129027 ], [ -86.412955988173735, 39.44761364310596 ], [ -86.410706665571894, 39.449549603364268 ], [ -86.410029472804069, 39.450293175863777 ], [ -86.409171863953489, 39.451029857509056 ], [ -86.407661956328312, 39.452119681889066 ], [ -86.403766467941722, 39.454037037920578 ], [ -86.398873223742072, 39.456038584210226 ], [ -86.397780893526459, 39.456321081535961 ], [ -86.396612517111151, 39.456515198622881 ], [ -86.395747560811188, 39.456803724633104 ], [ -86.395111686376879, 39.457181873543561 ], [ -86.394330612451654, 39.457520108401873 ], [ -86.393634362768012, 39.457640461879812 ], [ -86.394131614445442, 39.456549836730971 ], [ -86.394465554988798, 39.455352806706259 ], [ -86.394793034123381, 39.453467428210736 ], [ -86.394819593943822, 39.452664604197558 ], [ -86.395100290874666, 39.452141380603628 ] ] ] } },
{ "type": "Feature", "properties": { "fid_1": 630, "aq_system": "Till Subsystem", "aq_type": "locally discontinuous intertill or basal sand and/or gravel", "aq_thk_ft": "individual units are commonly 5 to 10 but are absent in many areas (generally about 80 percent of the wells started in this system are completed in bedrock)", "yield_gpm": "generally less than 10, domestic only; extremely limited high-capacity potential", "more_info": "http://www.in.gov/dnr/water/4302.htm", "shape_Leng": 56440.091446799997, "Shape_Le_1": 55543.024962099997, "Shape_Area": 38287735.613399997 }, "geometry": { "type": "Polygon", "coordinates": [ [ [ -86.2515493929467, 39.374778786295913 ], [ -86.251545327310978, 39.371326295241488 ], [ -86.251543987180582, 39.371047978007482 ], [ -86.25351721621719, 39.370842783246005 ], [ -86.255203905670527, 39.370598938121532 ], [ -86.254981587370338, 39.371262134622818 ], [ -86.254753982053998, 39.371903318924033 ], [ -86.254639949460014, 39.372245331273881 ], [ -86.254384969467282, 39.3728649184091 ], [ -86.25436932793167, 39.373567799420861 ], [ -86.254617395738578, 39.374365901095111 ], [ -86.254804202946616, 39.374966894383213 ], [ -86.255130825765207, 39.375397411150338 ], [ -86.255569892469239, 39.375635854189092 ], [ -86.256700284313766, 39.375750180781608 ], [ -86.257419657398472, 39.37558339985361 ], [ -86.258332665824042, 39.375375005100985 ], [ -86.25932297901393, 39.374903549736082 ], [ -86.259629300743143, 39.374678531374059 ], [ -86.260499563336666, 39.374039240416259 ], [ -86.261308805775172, 39.373444755503286 ], [ -86.261683121238363, 39.372797431306182 ], [ -86.262037057161422, 39.372185334291125 ], [ -86.262543043191641, 39.371310263955024 ], [ -86.263037704744377, 39.370734446523102 ], [ -86.263314347778177, 39.370063894887551 ], [ -86.26377845302504, 39.36893892651684 ], [ -86.263980609077564, 39.368448893965457 ], [ -86.264290332521043, 39.367698103729417 ], [ -86.26438155745268, 39.367059037595091 ], [ -86.264677485999201, 39.366139826596616 ], [ -86.266432227914805, 39.365300770596797 ], [ -86.268539383394128, 39.364763110192271 ], [ -86.270289867104097, 39.36448198380576 ], [ -86.272210548544251, 39.363874845974692 ], [ -86.274317362938149, 39.363561073260769 ], [ -86.275327890147167, 39.363598210327787 ], [ -86.278101060651764, 39.364480826799053 ], [ -86.27892240489372, 39.364885362126195 ], [ -86.281154401965026, 39.366489740057268 ], [ -86.281747829274849, 39.366719247231963 ], [ -86.283073063972736, 39.366789121558504 ], [ -86.285408395684868, 39.366765701377361 ], [ -86.288130148710607, 39.366630463632831 ], [ -86.2920777393431, 39.36609704294235 ], [ -86.29309203791756, 39.366015519049832 ], [ -86.294655763778081, 39.366123644646578 ], [ -86.295693505862332, 39.366329225910732 ], [ -86.296987883515612, 39.366694905494668 ], [ -86.297298376154245, 39.366654630804618 ], [ -86.297664977136847, 39.366747335278127 ], [ -86.298719073082495, 39.36735724048544 ], [ -86.300683001017887, 39.368021458628988 ], [ -86.301093444033611, 39.368035022003795 ], [ -86.303201750705881, 39.367417713417275 ], [ -86.305027626245632, 39.366678722092928 ], [ -86.305929532933988, 39.366189235071921 ], [ -86.306902323922785, 39.365821468294484 ], [ -86.30962065941354, 39.364345603776549 ], [ -86.310225557552869, 39.364074732321697 ], [ -86.310379651232125, 39.364462125548961 ], [ -86.310440203370362, 39.365647002565659 ], [ -86.310356907384275, 39.366675287576307 ], [ -86.310202202839534, 39.367396820037179 ], [ -86.309700872325294, 39.368558655775537 ], [ -86.308792518981534, 39.370020281329523 ], [ -86.308015188570366, 39.371052282068028 ], [ -86.307366517972767, 39.371643387126461 ], [ -86.305699391320331, 39.372757345797339 ], [ -86.304095085416421, 39.373680025613872 ], [ -86.302816769072365, 39.374244116254232 ], [ -86.297286553575745, 39.376372900966167 ], [ -86.296229195886696, 39.376857793251325 ], [ -86.295126039944833, 39.377465168354234 ], [ -86.292878260864924, 39.379209135731543 ], [ -86.291837147117405, 39.380283363681848 ], [ -86.291540113817987, 39.380749507344945 ], [ -86.290768556947341, 39.382675482089532 ], [ -86.290056635573677, 39.383956864956396 ], [ -86.288358885925419, 39.388405145527322 ], [ -86.287507309924194, 39.3897140079794 ], [ -86.286785840161997, 39.391034737274907 ], [ -86.285695436880118, 39.392543399559251 ], [ -86.284763625869076, 39.394359607562073 ], [ -86.283978906565693, 39.395594060900549 ], [ -86.283693110824473, 39.396286441717784 ], [ -86.283723564270318, 39.397105092050936 ], [ -86.284099033616982, 39.39831732324064 ], [ -86.284491495391023, 39.399067107386749 ], [ -86.284967581940904, 39.399732851362366 ], [ -86.286281007083758, 39.401000706017832 ], [ -86.288045287057642, 39.403040422171813 ], [ -86.289674068457188, 39.405834635577477 ], [ -86.291125639307126, 39.40774681364659 ], [ -86.291696187064574, 39.408308846197201 ], [ -86.29245984830392, 39.408902906440538 ], [ -86.292898041929107, 39.409384349160142 ], [ -86.294693584553443, 39.410442653105648 ], [ -86.295820914317801, 39.411237323913269 ], [ -86.296709571694791, 39.412107561789298 ], [ -86.297480321242048, 39.412665611077614 ], [ -86.300164573137579, 39.415626751333797 ], [ -86.301221108798813, 39.417118668816457 ], [ -86.301596303985292, 39.41779774257347 ], [ -86.301914271291537, 39.418917309610187 ], [ -86.30183897270453, 39.419305906455499 ], [ -86.301693382616662, 39.419545896971698 ], [ -86.300685843969006, 39.420569544864861 ], [ -86.299598609626656, 39.420991365407659 ], [ -86.298527333004984, 39.421241525052224 ], [ -86.295737378829656, 39.421405378040618 ], [ -86.294899442637401, 39.421389776699186 ], [ -86.29329608364425, 39.421067375690846 ], [ -86.290097748487156, 39.420553764207654 ], [ -86.287870970829999, 39.420000674548142 ], [ -86.287347515040821, 39.419751921840202 ], [ -86.286351385859106, 39.419472033328674 ], [ -86.285406863352549, 39.418751052534063 ], [ -86.284595928055779, 39.417764391709461 ], [ -86.283258659511006, 39.416613114861214 ], [ -86.282375459596892, 39.415980676307491 ], [ -86.281600707222722, 39.415596560027112 ], [ -86.280403528269062, 39.415205215586418 ], [ -86.278811338270387, 39.415104359704387 ], [ -86.278067822171636, 39.415259413444559 ], [ -86.277454131415709, 39.415286942089359 ], [ -86.275617754619802, 39.41554445734819 ], [ -86.273303920358401, 39.416238205572689 ], [ -86.272384363437439, 39.416422979727457 ], [ -86.27108773942409, 39.416873848072278 ], [ -86.268365762933485, 39.417472601920295 ], [ -86.267217249672555, 39.417879004561371 ], [ -86.266585829010594, 39.418176231375597 ], [ -86.26546470519294, 39.419009109623808 ], [ -86.265021210418496, 39.419766561871263 ], [ -86.264795938488092, 39.420477488886789 ], [ -86.264842374822123, 39.421535144417568 ], [ -86.264780277846071, 39.421911774416252 ], [ -86.264851387757702, 39.422429853312927 ], [ -86.265235828725167, 39.423237175447206 ], [ -86.265689024084907, 39.423657027689487 ], [ -86.267539691086299, 39.424277521759798 ], [ -86.268575276195932, 39.424418393513903 ], [ -86.269969691217938, 39.424758810025473 ], [ -86.273449882101502, 39.426698187875175 ], [ -86.276852130302188, 39.428138917816852 ], [ -86.279120823778342, 39.429592239253218 ], [ -86.280745703490979, 39.430322076185831 ], [ -86.281945835853733, 39.431201658268066 ], [ -86.28284811621478, 39.432249435369663 ], [ -86.283233785124793, 39.432870133528823 ], [ -86.283615525346534, 39.433705926668161 ], [ -86.283831150449146, 39.434495524116805 ], [ -86.284682955051665, 39.435883186922126 ], [ -86.285061718687601, 39.436712751121014 ], [ -86.285536603441756, 39.437815468844718 ], [ -86.285678497547266, 39.438434856320356 ], [ -86.286857483294426, 39.4402401549629 ], [ -86.287061549639105, 39.440678297232743 ], [ -86.287347089664522, 39.440948566558475 ], [ -86.288040415761785, 39.441293368590316 ], [ -86.28886634775175, 39.441929626607283 ], [ -86.290254865715454, 39.443402556968827 ], [ -86.290771429142509, 39.443814807027472 ], [ -86.291523569951167, 39.444329969352474 ], [ -86.292496522417665, 39.44486121415985 ], [ -86.293192009070594, 39.445138421386972 ], [ -86.29410157170507, 39.445298417416879 ], [ -86.295362377004679, 39.445367924599012 ], [ -86.296933529026361, 39.445276064233596 ], [ -86.29747411668798, 39.445115408452395 ], [ -86.297953809989281, 39.444724925711959 ], [ -86.298039515066336, 39.444416463632557 ], [ -86.298006650377118, 39.444024492570797 ], [ -86.297459154347507, 39.443161074265568 ], [ -86.296969430565014, 39.441979998069144 ], [ -86.296889233836708, 39.440310959434839 ], [ -86.297053554821645, 39.439827574746836 ], [ -86.298124459329969, 39.438039072226566 ], [ -86.298729203295352, 39.437470669173649 ], [ -86.299390852709493, 39.437044921870452 ], [ -86.300152033601364, 39.436903206374538 ], [ -86.301273078959142, 39.436995476148503 ], [ -86.302825944789745, 39.437594550921702 ], [ -86.304166690676254, 39.438019094873219 ], [ -86.306289905617817, 39.438434638244672 ], [ -86.307893193268256, 39.438963375533739 ], [ -86.310061943966105, 39.439337953677523 ], [ -86.311425854644284, 39.439394572368279 ], [ -86.313676415121336, 39.439146710545344 ], [ -86.31502911754437, 39.438849159370129 ], [ -86.316194065503922, 39.438468878377023 ], [ -86.318241171964218, 39.43797272996764 ], [ -86.320098927613259, 39.43717728846508 ], [ -86.321393270813644, 39.436129279495255 ], [ -86.322034236891312, 39.435521766273034 ], [ -86.32234657101958, 39.434908866208815 ], [ -86.323367312177979, 39.428672162410486 ], [ -86.323421925408525, 39.42716145246051 ], [ -86.323155452143098, 39.42462307076169 ], [ -86.32325717545568, 39.422407373287221 ], [ -86.323586769849101, 39.421782807233612 ], [ -86.324776729873776, 39.421001102804453 ], [ -86.326245276692319, 39.420581270950493 ], [ -86.328093479339287, 39.420620132518003 ], [ -86.330478646337824, 39.421020548869528 ], [ -86.331525623232153, 39.421277840128958 ], [ -86.332423402649297, 39.42156216531744 ], [ -86.333082157391075, 39.421893792226861 ], [ -86.333769578952285, 39.422573563789648 ], [ -86.334755404981976, 39.424376691494324 ], [ -86.335747298620078, 39.425332458763663 ], [ -86.338424761418551, 39.430282658520717 ], [ -86.339009495009734, 39.430918198749083 ], [ -86.338946526903669, 39.431153854804265 ], [ -86.339011843645054, 39.432908942551229 ], [ -86.338741954788588, 39.434459531913056 ], [ -86.338352266878218, 39.435900194726393 ], [ -86.337906441411803, 39.436850648279503 ], [ -86.337711090958919, 39.437735311238242 ], [ -86.337220503614148, 39.438943407136833 ], [ -86.336578086716244, 39.440111241504859 ], [ -86.335460654120482, 39.441733344564632 ], [ -86.332881204823778, 39.444955540024345 ], [ -86.331809097784813, 39.446196124522679 ], [ -86.330685041774998, 39.447265356285044 ], [ -86.330194517998223, 39.447941101045139 ], [ -86.329596854200034, 39.448978694928819 ], [ -86.32893782249846, 39.450411045344403 ], [ -86.32808923379865, 39.451753828486709 ], [ -86.327050168462947, 39.453890699668747 ], [ -86.327010916573244, 39.45541893339005 ], [ -86.327217604169306, 39.456573528300986 ], [ -86.327209377591217, 39.458755982457426 ], [ -86.327725409985945, 39.461630969790555 ], [ -86.32775296167577, 39.462805156500536 ], [ -86.327905068184506, 39.464243138434782 ], [ -86.32783579643575, 39.465450086776329 ], [ -86.32754733958717, 39.466797185775917 ], [ -86.326674529998812, 39.468972898830295 ], [ -86.32558554881463, 39.468564553908635 ], [ -86.324952055481873, 39.468078136620072 ], [ -86.324410706717416, 39.467081612975939 ], [ -86.324057802283917, 39.465992285427909 ], [ -86.323844495971144, 39.46563078797201 ], [ -86.323031186342064, 39.464685661435148 ], [ -86.321487606229468, 39.463508282968775 ], [ -86.320102117373395, 39.462308454835807 ], [ -86.3198160598686, 39.461951230691909 ], [ -86.319825696435601, 39.461494207834257 ], [ -86.320013081211002, 39.461039611107225 ], [ -86.321379334344883, 39.459220513166862 ], [ -86.321495870643176, 39.458496127205592 ], [ -86.321640867037104, 39.455684593528829 ], [ -86.32143080190032, 39.454056539657238 ], [ -86.321112183866418, 39.453201006341253 ], [ -86.32047909608329, 39.452531124449791 ], [ -86.31920190345933, 39.451874465208483 ], [ -86.318773745891264, 39.451843036099177 ], [ -86.318415460292087, 39.451906108300314 ], [ -86.318183655517558, 39.452058329589072 ], [ -86.318045642744082, 39.452312453571558 ], [ -86.317930251936801, 39.45373283209922 ], [ -86.317522830921874, 39.456419825606901 ], [ -86.316903230648521, 39.458920095014506 ], [ -86.316228250502434, 39.460134285736565 ], [ -86.314985548096061, 39.461621627120088 ], [ -86.313347379615337, 39.463007641651906 ], [ -86.311271048990534, 39.463996324016421 ], [ -86.308621056685055, 39.464627697339004 ], [ -86.305771876833589, 39.465446857960707 ], [ -86.300472727236226, 39.466042847307058 ], [ -86.298009271924982, 39.466447974978905 ], [ -86.296235560903796, 39.466837520638258 ], [ -86.290894442257851, 39.468687031304739 ], [ -86.289116576986572, 39.469134345845767 ], [ -86.289036363082872, 39.468632839498063 ], [ -86.289209675583606, 39.468191509754526 ], [ -86.291241322254251, 39.465655444520671 ], [ -86.291774771781874, 39.464559204256929 ], [ -86.292113171580866, 39.461898525312179 ], [ -86.291803167838196, 39.458329794361823 ], [ -86.29157175551434, 39.456572622398483 ], [ -86.291067317117097, 39.454613080727448 ], [ -86.290851995602409, 39.454324560427246 ], [ -86.290400925234479, 39.454031864147197 ], [ -86.289942706720211, 39.453815516350758 ], [ -86.289594207056666, 39.453765001613036 ], [ -86.289203288874319, 39.453809371352946 ], [ -86.288763957037048, 39.453998151726033 ], [ -86.288337159191329, 39.454443218474481 ], [ -86.287330108120486, 39.457596508290955 ], [ -86.286735895946123, 39.45830782243015 ], [ -86.2856928117438, 39.4580590736606 ], [ -86.284651187996545, 39.457957714850416 ], [ -86.283915673951171, 39.457951379007163 ], [ -86.282581652969839, 39.458099068789657 ], [ -86.277908614175089, 39.457967086176595 ], [ -86.273115091684971, 39.457654495133312 ], [ -86.269864360756486, 39.457327691665213 ], [ -86.266612770272275, 39.457185203659606 ], [ -86.265265900712492, 39.457292539500614 ], [ -86.263852116445392, 39.457291749857802 ], [ -86.26253336921522, 39.457503869196273 ], [ -86.261192696147461, 39.457618848825057 ], [ -86.259883400252974, 39.457941124434441 ], [ -86.259201952773211, 39.458034912704214 ], [ -86.257569270713248, 39.458105550598177 ], [ -86.255216832594371, 39.457897666188074 ], [ -86.254996149322608, 39.457747399238997 ], [ -86.254507359867006, 39.457091500468344 ], [ -86.254383224801103, 39.45669400118598 ], [ -86.254490282265593, 39.45629316970075 ], [ -86.255341612532533, 39.455305395408331 ], [ -86.255848472710539, 39.454521302845144 ], [ -86.25648489196665, 39.453333465480405 ], [ -86.256665695658214, 39.452559061684447 ], [ -86.256576556313931, 39.446295688576448 ], [ -86.256400394962682, 39.445476912917641 ], [ -86.255657061671926, 39.444014923758594 ], [ -86.255479863781261, 39.44329849932663 ], [ -86.25553901128464, 39.442856601893915 ], [ -86.255844414718013, 39.442217475666986 ], [ -86.256533049240403, 39.441690457845077 ], [ -86.257557447003393, 39.441609789511595 ], [ -86.258671468968217, 39.441875961499029 ], [ -86.260755388550635, 39.442703101878863 ], [ -86.263846542160138, 39.44285948680843 ], [ -86.264620420631758, 39.443048848557893 ], [ -86.265141848455144, 39.443102769859188 ], [ -86.265948220695449, 39.442955990394637 ], [ -86.266640546577577, 39.442537957838958 ], [ -86.266892865458061, 39.442204627224953 ], [ -86.267060579448213, 39.441798575972513 ], [ -86.267127179589394, 39.44103031916584 ], [ -86.267055327645153, 39.440675176821223 ], [ -86.266845709983485, 39.440338138667101 ], [ -86.265238157370405, 39.438658365596005 ], [ -86.264347699023119, 39.437271456545844 ], [ -86.263935444062085, 39.436817221497215 ], [ -86.262653988111211, 39.434562002637463 ], [ -86.261714804906376, 39.430492334823256 ], [ -86.261445369179242, 39.429673270738128 ], [ -86.260442162634931, 39.427138783448171 ], [ -86.259296409940561, 39.425160534729031 ], [ -86.258605834563241, 39.42324195805552 ], [ -86.258100236127646, 39.421184961539275 ], [ -86.257476444536991, 39.419309873470631 ], [ -86.257069607245043, 39.417575556226289 ], [ -86.256534911771112, 39.414284080166105 ], [ -86.256630964681634, 39.411262118726071 ], [ -86.256350847737224, 39.404255443786447 ], [ -86.256481406549497, 39.403570415313716 ], [ -86.256497984068218, 39.402609144323186 ], [ -86.256636535817478, 39.401980666522235 ], [ -86.256496466400947, 39.401667305995851 ], [ -86.25653249563517, 39.400960553981477 ], [ -86.256665417194156, 39.400257946822144 ], [ -86.257213787371171, 39.398676342479909 ], [ -86.257935279047061, 39.397322979300654 ], [ -86.258188765403574, 39.396171681393767 ], [ -86.258606833306573, 39.394857020627398 ], [ -86.259203793990835, 39.393318575525655 ], [ -86.25988984713689, 39.390589911893507 ], [ -86.259875078865136, 39.390191997094796 ], [ -86.259418681599854, 39.388385018418468 ], [ -86.258557210389554, 39.386189428866274 ], [ -86.257819971047013, 39.384818212737478 ], [ -86.257224930235964, 39.383493400443527 ], [ -86.256212591422724, 39.381774429409532 ], [ -86.255508895439306, 39.380358657477309 ], [ -86.254665980287598, 39.379214912886283 ], [ -86.253072631404805, 39.376702610577489 ], [ -86.25210265707031, 39.37589746506918 ], [ -86.251929297254961, 39.375476848519838 ], [ -86.251710948268794, 39.375096014429658 ], [ -86.2515493929467, 39.374778786295913 ] ] ] } },
{ "type": "Feature", "properties": { "fid_1": 632, "aq_system": "Till Subsystem", "aq_type": "locally discontinuous intertill or basal sand and/or gravel", "aq_thk_ft": "individual units are commonly 5 to 10 but are absent in many areas (generally about 80 percent of the wells started in this system are completed in bedrock)", "yield_gpm": "generally less than 10, domestic only; extremely limited high-capacity potential", "more_info": "http://www.in.gov/dnr/water/4302.htm", "shape_Leng": 2584.4394272899999, "Shape_Le_1": 2584.4394272899999, "Shape_Area": 226367.477782 }, "geometry": { "type": "Polygon", "coordinates": [ [ [ -86.293091169004754, 39.471210961277677 ], [ -86.295083241882168, 39.470524316408749 ], [ -86.296505663128073, 39.470148782194144 ], [ -86.300808616771135, 39.46980195606038 ], [ -86.302040530956134, 39.469526755781132 ], [ -86.305757549572178, 39.469118042709084 ], [ -86.306870876336006, 39.468931572700299 ], [ -86.305411987671548, 39.470050415797893 ], [ -86.304683196211968, 39.470416164856175 ], [ -86.301577187959353, 39.471678959499066 ], [ -86.300570555190163, 39.472348025938835 ], [ -86.298998971250711, 39.472845717316766 ], [ -86.298457465614618, 39.472856724318092 ], [ -86.296910290208757, 39.472513093425846 ], [ -86.294561874001019, 39.471737186667504 ], [ -86.293430960486376, 39.471515860944443 ], [ -86.293221832202732, 39.471411010847973 ], [ -86.293091169004754, 39.471210961277677 ] ] ] } },
{ "type": "Feature", "properties": { "fid_1": 634, "aq_system": "Till Subsystem", "aq_type": "locally discontinuous intertill or basal sand and/or gravel", "aq_thk_ft": "individual units are commonly 5 to 10 but are absent in many areas (generally about 80 percent of the wells started in this system are completed in bedrock)", "yield_gpm": "generally less than 10, domestic only; extremely limited high-capacity potential", "more_info": "http://www.in.gov/dnr/water/4302.htm", "shape_Leng": 3523.8672146700001, "Shape_Le_1": 3523.8672146700001, "Shape_Area": 419147.51945600001 }, "geometry": { "type": "Polygon", "coordinates": [ [ [ -86.349290212238017, 39.472619968186791 ], [ -86.35015153377546, 39.472015079453655 ], [ -86.350652746924069, 39.471502541956184 ], [ -86.351228317537291, 39.470695398437293 ], [ -86.351425328560779, 39.470012056850543 ], [ -86.351526237467056, 39.469892853629993 ], [ -86.35237411118878, 39.471062574333985 ], [ -86.353102316891096, 39.472584644129334 ], [ -86.354239667577431, 39.473935475467478 ], [ -86.35462990473718, 39.474276279417069 ], [ -86.354773636895786, 39.474604813615066 ], [ -86.354860249925949, 39.47549948540555 ], [ -86.353983152687817, 39.477618125714095 ], [ -86.353792207792722, 39.478926568505983 ], [ -86.354039358553308, 39.479329234385155 ], [ -86.355003994418539, 39.479979148181108 ], [ -86.355707001960724, 39.480681490993099 ], [ -86.35593481306438, 39.481124937061026 ], [ -86.356036515851031, 39.481777060405108 ], [ -86.355985444823773, 39.482503268851772 ], [ -86.355751189180182, 39.483035038536116 ], [ -86.355387371137638, 39.48358103431238 ], [ -86.354900822841245, 39.483915800698725 ], [ -86.35427576840523, 39.483716779171218 ], [ -86.353568824867054, 39.483332003617242 ], [ -86.352449448467468, 39.482581673990836 ], [ -86.352045803795733, 39.482161486109064 ], [ -86.351470792514533, 39.480555183943757 ], [ -86.351362065919176, 39.479413853523653 ], [ -86.350970495756414, 39.477850747717419 ], [ -86.350735740800786, 39.47548871540026 ], [ -86.350467549550473, 39.474358932656351 ], [ -86.350308794421878, 39.473992705684942 ], [ -86.349290212238017, 39.472619968186791 ] ] ] } },
{ "type": "Feature", "properties": { "fid_1": 636, "aq_system": "Till Subsystem", "aq_type": "locally discontinuous intertill or basal sand and/or gravel", "aq_thk_ft": "individual units are commonly 5 to 10 but are absent in many areas (generally about 80 percent of the wells started in this system are completed in bedrock)", "yield_gpm": "generally less than 10, domestic only; extremely limited high-capacity potential", "more_info": "http://www.in.gov/dnr/water/4302.htm", "shape_Leng": 1885.6809497300001, "Shape_Le_1": 1885.6809497300001, "Shape_Area": 125626.92611499999 }, "geometry": { "type": "Polygon", "coordinates": [ [ [ -86.329066513424294, 39.484544663908729 ], [ -86.330143306148315, 39.484590107448604 ], [ -86.33156566621183, 39.484176140698168 ], [ -86.332231833235738, 39.483770520974211 ], [ -86.332887367663744, 39.483064837552249 ], [ -86.333469949061069, 39.482817340882754 ], [ -86.333600103294856, 39.483108112923944 ], [ -86.333644383967794, 39.485456667406595 ], [ -86.333634463459816, 39.486500323886418 ], [ -86.333537767773123, 39.486833498196482 ], [ -86.332971591214886, 39.486145874704469 ], [ -86.332321843160756, 39.485648468266191 ], [ -86.331679686762513, 39.485901079638047 ], [ -86.330220787079568, 39.48711516439888 ], [ -86.329711239171317, 39.487403409947945 ], [ -86.328989315974582, 39.487668932422643 ], [ -86.328101078852626, 39.487800943478042 ], [ -86.3283040713807, 39.486887142492613 ], [ -86.328849841028045, 39.485429946082071 ], [ -86.329066513424294, 39.484544663908729 ] ] ] } },
{ "type": "Feature", "properties": { "fid_1": 639, "aq_system": "Till Subsystem", "aq_type": "locally discontinuous intertill or basal sand and/or gravel", "aq_thk_ft": "individual units are commonly 5 to 10 but are absent in many areas (generally about 80 percent of the wells started in this system are completed in bedrock)", "yield_gpm": "generally less than 10, domestic only; extremely limited high-capacity potential", "more_info": "http://www.in.gov/dnr/water/4302.htm", "shape_Leng": 3650.0173734999998, "Shape_Le_1": 3650.0173734999998, "Shape_Area": 718279.66064699995 }, "geometry": { "type": "Polygon", "coordinates": [ [ [ -86.254541097468888, 39.497929024934969 ], [ -86.255225109851779, 39.497906231347024 ], [ -86.256652323212421, 39.49816272865332 ], [ -86.258856655383397, 39.498727167009953 ], [ -86.260872529555314, 39.499444712677871 ], [ -86.262551851902316, 39.50050799837296 ], [ -86.263146906020523, 39.500952732083455 ], [ -86.264410645266864, 39.502449317976129 ], [ -86.264564482478519, 39.502814329860115 ], [ -86.264801393725335, 39.504503607509385 ], [ -86.265053984311322, 39.505201734283077 ], [ -86.265399871680359, 39.505699487676921 ], [ -86.266226971432246, 39.506303156588139 ], [ -86.266519694354969, 39.506587978983077 ], [ -86.266870355412635, 39.507035013124799 ], [ -86.266995077692627, 39.507475515653027 ], [ -86.266254303833406, 39.508110069415061 ], [ -86.265869431648696, 39.508142574917429 ], [ -86.26531261565836, 39.508064004203909 ], [ -86.263897032667586, 39.507682695759648 ], [ -86.262723075042217, 39.507216272835343 ], [ -86.262273551533596, 39.506961423906937 ], [ -86.26027856785916, 39.506250754745373 ], [ -86.25970625646454, 39.506116643596258 ], [ -86.259022589651138, 39.505850405587609 ], [ -86.25796368653279, 39.505273844136582 ], [ -86.256559955371344, 39.504220778478775 ], [ -86.255322346529056, 39.503538900307809 ], [ -86.254726376393435, 39.503011179046716 ], [ -86.25455840892964, 39.502750433323435 ], [ -86.25430142080728, 39.502049434427541 ], [ -86.253589308535879, 39.500909545908826 ], [ -86.253325748776462, 39.500567151070186 ], [ -86.252583695854511, 39.499916845862629 ], [ -86.252404463892347, 39.499671673842876 ], [ -86.252274288856142, 39.49914161968546 ], [ -86.252457458215687, 39.498726696573307 ], [ -86.253057869672958, 39.498330449787616 ], [ -86.253919866070135, 39.498138567634612 ], [ -86.254541097468888, 39.497929024934969 ] ] ] } },
{ "type": "Feature", "properties": { "fid_1": 643, "aq_system": "Till Subsystem", "aq_type": "locally discontinuous intertill or basal sand and/or gravel", "aq_thk_ft": "individual units are commonly 5 to 10 but are absent in many areas (generally about 80 percent of the wells started in this system are completed in bedrock)", "yield_gpm": "generally less than 10, domestic only; extremely limited high-capacity potential", "more_info": "http://www.in.gov/dnr/water/4302.htm", "shape_Leng": 2066.2186963, "Shape_Le_1": 2066.2186963, "Shape_Area": 236348.2488 }, "geometry": { "type": "Polygon", "coordinates": [ [ [ -86.412734220697772, 39.513913742972093 ], [ -86.413429566489455, 39.513597080856428 ], [ -86.414336296185027, 39.513060076164969 ], [ -86.414660729802407, 39.512768228276293 ], [ -86.415054988608503, 39.51225857107115 ], [ -86.415128341497677, 39.512006824413056 ], [ -86.415118167918891, 39.510782768026836 ], [ -86.415136969514919, 39.510685778359282 ], [ -86.415723371839604, 39.510656089188004 ], [ -86.416424311281247, 39.510758728620551 ], [ -86.417064108364769, 39.51098618752831 ], [ -86.417517078703497, 39.511420115505537 ], [ -86.417784672620229, 39.512006668159714 ], [ -86.417690862616823, 39.512802418626457 ], [ -86.417508514567203, 39.513281432568455 ], [ -86.41716804526979, 39.514767691718788 ], [ -86.416913647467965, 39.515563693776699 ], [ -86.41662738284316, 39.516210404825628 ], [ -86.416036371192632, 39.517139033171411 ], [ -86.415768040894577, 39.517317113957063 ], [ -86.415237276259305, 39.517358112772484 ], [ -86.414214645686855, 39.517571922190207 ], [ -86.413832418821855, 39.517601047408519 ], [ -86.412782894023309, 39.517429664482684 ], [ -86.412351940183342, 39.517255163528418 ], [ -86.412135739159908, 39.51694083519741 ], [ -86.412112970206621, 39.516241554885227 ], [ -86.412197994426705, 39.515757118170121 ], [ -86.412723441902671, 39.514461774575437 ], [ -86.41277980296509, 39.514078612503312 ], [ -86.412734220697772, 39.513913742972093 ] ] ] } },
{ "type": "Feature", "properties": { "fid_1": 646, "aq_system": "Till Subsystem", "aq_type": "locally discontinuous intertill or basal sand and/or gravel", "aq_thk_ft": "individual units are commonly 5 to 10 but are absent in many areas (generally about 80 percent of the wells started in this system are completed in bedrock)", "yield_gpm": "generally less than 10, domestic only; extremely limited high-capacity potential", "more_info": "http://www.in.gov/dnr/water/4302.htm", "shape_Leng": 3098.9768761400001, "Shape_Le_1": 3098.9768761400001, "Shape_Area": 549010.66254499997 }, "geometry": { "type": "Polygon", "coordinates": [ [ [ -86.352289904378082, 39.511409193094636 ], [ -86.353114243611444, 39.510710963029886 ], [ -86.35354001930915, 39.510569500214181 ], [ -86.3540300965103, 39.510577554002786 ], [ -86.355009582196871, 39.510776098963753 ], [ -86.355523734202876, 39.510967476982479 ], [ -86.355887165078229, 39.511029080862357 ], [ -86.355947404591078, 39.510910304500662 ], [ -86.356299430448587, 39.511017737758664 ], [ -86.357277172734442, 39.511542960440849 ], [ -86.357517819244578, 39.511734824771601 ], [ -86.357722958381416, 39.51202891246399 ], [ -86.358184550916917, 39.513259215192576 ], [ -86.358443268871397, 39.514373068112242 ], [ -86.358510202040662, 39.514968993060151 ], [ -86.35834569540728, 39.515623283577305 ], [ -86.358317748609636, 39.516107194911363 ], [ -86.358196309801841, 39.51669362454269 ], [ -86.357448865489218, 39.518490609709765 ], [ -86.357127008194468, 39.518961410884579 ], [ -86.356655951623196, 39.519846971415248 ], [ -86.355950540954908, 39.520750355480672 ], [ -86.354988528186297, 39.521831618394508 ], [ -86.354339138687209, 39.522172959051481 ], [ -86.353860399692152, 39.522175505291642 ], [ -86.353473130285735, 39.522009712644305 ], [ -86.353183838732335, 39.521746537576959 ], [ -86.352986731308704, 39.521476252968853 ], [ -86.352854018004749, 39.521054792571888 ], [ -86.352446717258175, 39.518172184980187 ], [ -86.352344153588064, 39.516911799573066 ], [ -86.352126255575357, 39.515843543300051 ], [ -86.352035865195049, 39.514702863907296 ], [ -86.351880252692979, 39.514132464971134 ], [ -86.351537863794874, 39.513365050428646 ], [ -86.351598911090676, 39.512859576716096 ], [ -86.351791983042787, 39.512062497746193 ], [ -86.351929207568347, 39.511794899100124 ], [ -86.352289904378082, 39.511409193094636 ] ] ] } },
{ "type": "Feature", "properties": { "fid_1": 652, "aq_system": "Till Subsystem", "aq_type": "locally discontinuous intertill or basal sand and/or gravel", "aq_thk_ft": "individual units are commonly 5 to 10 but are absent in many areas (generally about 80 percent of the wells started in this system are completed in bedrock)", "yield_gpm": "generally less than 10, domestic only; extremely limited high-capacity potential", "more_info": "http://www.in.gov/dnr/water/4302.htm", "shape_Leng": 7690.23080716, "Shape_Le_1": 7690.23080716, "Shape_Area": 1990943.7961 }, "geometry": { "type": "Polygon", "coordinates": [ [ [ -86.266088161660988, 39.5301037913801 ], [ -86.265397711299286, 39.529037629947581 ], [ -86.265163643825915, 39.528169218981347 ], [ -86.265227975193184, 39.527782417411331 ], [ -86.265521070901869, 39.527180729941485 ], [ -86.266255288672724, 39.526734768524882 ], [ -86.266890127695859, 39.526765111402256 ], [ -86.267766136064395, 39.527039249927263 ], [ -86.268545766657354, 39.527198777688611 ], [ -86.271060954245641, 39.527257516329151 ], [ -86.272516202930561, 39.527189055134947 ], [ -86.273917698320233, 39.527412709438124 ], [ -86.274747583823853, 39.527452524350508 ], [ -86.276490092098925, 39.527827312218626 ], [ -86.278695449743324, 39.527702113471342 ], [ -86.279920670496381, 39.527435104230243 ], [ -86.280215420783406, 39.527785836813727 ], [ -86.280888220388874, 39.528337635093884 ], [ -86.281931945557517, 39.528943112222322 ], [ -86.283123487590714, 39.529237451604018 ], [ -86.283967956672484, 39.529174607257438 ], [ -86.284422047523492, 39.529073001802963 ], [ -86.284457129996767, 39.52864311706071 ], [ -86.284194911072191, 39.527900811523814 ], [ -86.283049766847157, 39.526591251745018 ], [ -86.282454954970277, 39.525435626549111 ], [ -86.282330619241677, 39.524279507682472 ], [ -86.282470206104051, 39.524097332851007 ], [ -86.282958577319761, 39.523881932226146 ], [ -86.283433602157842, 39.523996605761752 ], [ -86.283781232847574, 39.524233865731702 ], [ -86.284023166874576, 39.52545184761729 ], [ -86.285121596275332, 39.526102531230642 ], [ -86.285699027876987, 39.526296523946662 ], [ -86.28622598849887, 39.52635578396 ], [ -86.287131823711164, 39.526674088359513 ], [ -86.288499091873788, 39.527488437861244 ], [ -86.288820348091264, 39.527858627487511 ], [ -86.288862718034608, 39.528949889829754 ], [ -86.288278973670728, 39.530747346828633 ], [ -86.288191013841512, 39.531513354446552 ], [ -86.287247344300113, 39.533383947461211 ], [ -86.286247672692028, 39.534602147517667 ], [ -86.28475935885993, 39.535757762465138 ], [ -86.283507370667408, 39.536584627463348 ], [ -86.282076454307784, 39.53735387052059 ], [ -86.279303315694222, 39.539029007289358 ], [ -86.277056242850023, 39.540761351260528 ], [ -86.275296429326275, 39.542247612584688 ], [ -86.273681157081199, 39.543403097913682 ], [ -86.273182173011207, 39.543649781430716 ], [ -86.272353315768243, 39.543757905356529 ], [ -86.271935071874552, 39.543306968740879 ], [ -86.271787056412379, 39.542922176080751 ], [ -86.272024196286225, 39.541601127561748 ], [ -86.272042172856999, 39.540930437345565 ], [ -86.272390111890218, 39.539347054044299 ], [ -86.273033039310235, 39.53766898901938 ], [ -86.273184474984816, 39.536833339878285 ], [ -86.273263298812054, 39.535344154596253 ], [ -86.273142415078297, 39.534581391137756 ], [ -86.272548910563103, 39.53346512139904 ], [ -86.271731554543948, 39.532821049462896 ], [ -86.267347413134942, 39.531096912541202 ], [ -86.266765150160126, 39.530743026099614 ], [ -86.266088161660988, 39.5301037913801 ] ] ] } },
{ "type": "Feature", "properties": { "fid_1": 654, "aq_system": "Till Subsystem", "aq_type": "locally discontinuous intertill or basal sand and/or gravel", "aq_thk_ft": "individual units are commonly 5 to 10 but are absent in many areas (generally about 80 percent of the wells started in this system are completed in bedrock)", "yield_gpm": "generally less than 10, domestic only; extremely limited high-capacity potential", "more_info": "http://www.in.gov/dnr/water/4302.htm", "shape_Leng": 2948.5386644700002, "Shape_Le_1": 2948.5386644700002, "Shape_Area": 458132.89892599999 }, "geometry": { "type": "Polygon", "coordinates": [ [ [ -86.351409473863598, 39.539709754121375 ], [ -86.354159633809587, 39.541604750501321 ], [ -86.35703160520103, 39.54311851072611 ], [ -86.357641160849028, 39.543542356138175 ], [ -86.357975495519, 39.543887940417669 ], [ -86.358270172868856, 39.544459767768309 ], [ -86.35856890681552, 39.545377887401465 ], [ -86.358769975101922, 39.548170740626546 ], [ -86.358567048896347, 39.550166988009401 ], [ -86.357768384704997, 39.550195381715156 ], [ -86.357040295287035, 39.550140797098138 ], [ -86.356084100597201, 39.549958441159468 ], [ -86.35548023372786, 39.549757073508246 ], [ -86.354963852384969, 39.549496046598918 ], [ -86.353413003120437, 39.548468840168972 ], [ -86.352657986353961, 39.547706945115436 ], [ -86.352210450427464, 39.546941772871094 ], [ -86.35198512892272, 39.546049820007632 ], [ -86.351989005762206, 39.544165938902417 ], [ -86.351809007581849, 39.543330138527459 ], [ -86.351550161050639, 39.540734923373961 ], [ -86.351368302197073, 39.54004021177925 ], [ -86.351409473863598, 39.539709754121375 ] ] ] } },
{ "type": "Feature", "properties": { "fid_1": 657, "aq_system": "Till Subsystem", "aq_type": "locally discontinuous intertill or basal sand and/or gravel", "aq_thk_ft": "individual units are commonly 5 to 10 but are absent in many areas (generally about 80 percent of the wells started in this system are completed in bedrock)", "yield_gpm": "generally less than 10, domestic only; extremely limited high-capacity potential", "more_info": "http://www.in.gov/dnr/water/4302.htm", "shape_Leng": 2693.7910301500001, "Shape_Le_1": 2693.7910301500001, "Shape_Area": 367744.60698799998 }, "geometry": { "type": "Polygon", "coordinates": [ [ [ -86.372087420401471, 39.547024829108054 ], [ -86.37211807344336, 39.547226308765154 ], [ -86.37190657916338, 39.547836582322113 ], [ -86.372210710198758, 39.548546431393255 ], [ -86.373561763726684, 39.549174353997948 ], [ -86.3749585982155, 39.549982256494069 ], [ -86.375548951999932, 39.55048387345218 ], [ -86.375947184330315, 39.551069871875164 ], [ -86.376206123862758, 39.551657421730546 ], [ -86.376356633387459, 39.552268366764373 ], [ -86.37647227793974, 39.553670762623682 ], [ -86.376886750056684, 39.55558074911167 ], [ -86.376608019119899, 39.556321152083001 ], [ -86.376292397637556, 39.556877697513158 ], [ -86.374682298660346, 39.556044660677451 ], [ -86.372549380972487, 39.554613532882136 ], [ -86.370989473487683, 39.552984260860924 ], [ -86.370390333300719, 39.552098826027894 ], [ -86.369562247721703, 39.550318319393575 ], [ -86.369336096683369, 39.549447810596689 ], [ -86.36961522733796, 39.54885537007204 ], [ -86.370877481582923, 39.547622561777814 ], [ -86.371637854355725, 39.547173512100983 ], [ -86.372087420401471, 39.547024829108054 ] ] ] } },
{ "type": "Feature", "properties": { "fid_1": 661, "aq_system": "Till Subsystem", "aq_type": "locally discontinuous intertill or basal sand and/or gravel", "aq_thk_ft": "individual units are commonly 5 to 10 but are absent in many areas (generally about 80 percent of the wells started in this system are completed in bedrock)", "yield_gpm": "generally less than 10, domestic only; extremely limited high-capacity potential", "more_info": "http://www.in.gov/dnr/water/4302.htm", "shape_Leng": 10841.898300299999, "Shape_Le_1": 10841.898300299999, "Shape_Area": 1721495.4471499999 }, "geometry": { "type": "Polygon", "coordinates": [ [ [ -86.295401724746, 39.564332626232172 ], [ -86.295840410742898, 39.564196190524349 ], [ -86.29626836518166, 39.563953576855745 ], [ -86.29692326816884, 39.563361068897116 ], [ -86.29710342054392, 39.563081478017025 ], [ -86.297361633855317, 39.560154863827897 ], [ -86.297232777201586, 39.559326473318187 ], [ -86.297317399157379, 39.558654391340539 ], [ -86.297642030889307, 39.557604120045646 ], [ -86.299541569562081, 39.555498715188186 ], [ -86.300454212440656, 39.553443995858728 ], [ -86.301083231359456, 39.552633743695424 ], [ -86.301535039050108, 39.552192555716211 ], [ -86.302054038856738, 39.551380715070735 ], [ -86.302675293533312, 39.551335988156694 ], [ -86.303588585518639, 39.550983425207335 ], [ -86.304616455026377, 39.550735271664252 ], [ -86.305320142223252, 39.55038449346624 ], [ -86.30687102002554, 39.550115369034245 ], [ -86.307402222209646, 39.549798777248789 ], [ -86.307735185341826, 39.549255837562647 ], [ -86.307551618264256, 39.548755294231434 ], [ -86.306047239709997, 39.546585564003344 ], [ -86.305344966283755, 39.544869312229388 ], [ -86.304912631696595, 39.544070505929461 ], [ -86.303378311745661, 39.542349967511647 ], [ -86.303093212256698, 39.542151399488461 ], [ -86.303941279291152, 39.540398100118189 ], [ -86.304381940254672, 39.539896038207914 ], [ -86.304548369541706, 39.540144112575284 ], [ -86.304613589200343, 39.5407118015235 ], [ -86.304806333257716, 39.541336874477622 ], [ -86.305379158012158, 39.542383504939295 ], [ -86.30813398866465, 39.543292931005716 ], [ -86.31026577779518, 39.544240425159522 ], [ -86.31175117374066, 39.544978919444354 ], [ -86.313263202463901, 39.545362168037364 ], [ -86.315126689341199, 39.546050160690143 ], [ -86.315642033821518, 39.546380039855279 ], [ -86.316394117414774, 39.547045539717992 ], [ -86.317168284748433, 39.547860128604171 ], [ -86.318124409541355, 39.549545449456815 ], [ -86.318548271042701, 39.550519105864176 ], [ -86.318444498681515, 39.551606431384926 ], [ -86.318218527433515, 39.552290002033992 ], [ -86.317832835637702, 39.552646743866923 ], [ -86.316806286557309, 39.553031501314138 ], [ -86.315748754639884, 39.553088668924936 ], [ -86.315009114939855, 39.55292505633728 ], [ -86.313244857324577, 39.552156462278212 ], [ -86.312466350352636, 39.551626237433624 ], [ -86.311925390154556, 39.551101501936586 ], [ -86.311455627421054, 39.550861072986187 ], [ -86.310877890797755, 39.550666710885139 ], [ -86.309432459205979, 39.550414803686351 ], [ -86.307689926221229, 39.552624799071971 ], [ -86.307250177413437, 39.553279505319772 ], [ -86.306367936929803, 39.554101562161215 ], [ -86.305537054704203, 39.554550298639143 ], [ -86.305354948992914, 39.555015861001401 ], [ -86.305035374455443, 39.555334084396662 ], [ -86.30472225721094, 39.555509123914462 ], [ -86.303382678161938, 39.555925644725683 ], [ -86.301483829776558, 39.556679735031203 ], [ -86.300740284790109, 39.557129306826241 ], [ -86.300123433307661, 39.557755420899433 ], [ -86.299208910442744, 39.558444426938173 ], [ -86.298156774580519, 39.559731565559723 ], [ -86.298039283907656, 39.560289544173969 ], [ -86.298362128739939, 39.560882768745905 ], [ -86.299003489820763, 39.561578093895015 ], [ -86.299634997981315, 39.56212608991973 ], [ -86.300350650571289, 39.562596115201096 ], [ -86.301891641636132, 39.563093664159105 ], [ -86.303858997134142, 39.563599378926959 ], [ -86.305029962523719, 39.563967733139428 ], [ -86.305531164800144, 39.564215202740669 ], [ -86.30597716915517, 39.564566895812327 ], [ -86.308020936767903, 39.566976688622923 ], [ -86.309074616977114, 39.568484478854913 ], [ -86.309492449088339, 39.569561388773046 ], [ -86.309560170487316, 39.570205654391081 ], [ -86.309433266481548, 39.570501429970747 ], [ -86.309029686003868, 39.570799965791522 ], [ -86.308440844995872, 39.570942300967658 ], [ -86.307706614886158, 39.570893059546037 ], [ -86.307350596775606, 39.570799219987379 ], [ -86.30667197624399, 39.57040111833124 ], [ -86.306061435826521, 39.56985832474831 ], [ -86.30525958400078, 39.568858926622823 ], [ -86.304251813222365, 39.568155029847404 ], [ -86.303900372186334, 39.568010952809551 ], [ -86.302942964085801, 39.567777823493245 ], [ -86.300347034358182, 39.566865645356586 ], [ -86.299512819457163, 39.566650822131173 ], [ -86.297236041612933, 39.565301096407588 ], [ -86.296142979605463, 39.564831230379575 ], [ -86.295858323798853, 39.564631674731828 ], [ -86.29548914139032, 39.564481636876089 ], [ -86.295401724746, 39.564332626232172 ] ] ] } },
{ "type": "Feature", "properties": { "fid_1": 665, "aq_system": "Till Subsystem", "aq_type": "locally discontinuous intertill or basal sand and/or gravel", "aq_thk_ft": "individual units are commonly 5 to 10 but are absent in many areas (generally about 80 percent of the wells started in this system are completed in bedrock)", "yield_gpm": "generally less than 10, domestic only; extremely limited high-capacity potential", "more_info": "http://www.in.gov/dnr/water/4302.htm", "shape_Leng": 6310.9312542799998, "Shape_Le_1": 6310.9312542799998, "Shape_Area": 1115153.74287 }, "geometry": { "type": "Polygon", "coordinates": [ [ [ -86.377678528525976, 39.586177806419052 ], [ -86.37716494590326, 39.585510994865345 ], [ -86.376681090373879, 39.58466757094029 ], [ -86.376563460617078, 39.58414845829963 ], [ -86.376585359399186, 39.583269726996882 ], [ -86.376737973308977, 39.582651931910341 ], [ -86.377116158506709, 39.581887762643106 ], [ -86.377663729353458, 39.580471675694341 ], [ -86.378036125029212, 39.579956575097313 ], [ -86.378418189936255, 39.579081460283554 ], [ -86.378684734262976, 39.577823566491716 ], [ -86.378739092356156, 39.577030479589993 ], [ -86.378494351810133, 39.575691460167015 ], [ -86.377602615681639, 39.573716092977989 ], [ -86.377376346369161, 39.573036673350302 ], [ -86.377005954676008, 39.57113578661022 ], [ -86.3769144228866, 39.570124151261297 ], [ -86.376900077298288, 39.569965601743512 ], [ -86.377877651296245, 39.56592304290487 ], [ -86.378081641199671, 39.565516756624518 ], [ -86.378592542990518, 39.564020297576072 ], [ -86.37919738506055, 39.563124196708316 ], [ -86.379400015800556, 39.562679215441094 ], [ -86.379702394301972, 39.562375900361147 ], [ -86.380225585183226, 39.563066916445912 ], [ -86.381314660726261, 39.565163344936941 ], [ -86.382178032631316, 39.567925675900163 ], [ -86.382645498066111, 39.569916523624478 ], [ -86.382882161610596, 39.571809027873748 ], [ -86.383737792344988, 39.576947562592544 ], [ -86.384110346854527, 39.577591323286995 ], [ -86.384781892540246, 39.579454465746203 ], [ -86.385217719813141, 39.580316228966346 ], [ -86.385615784078226, 39.580844351731741 ], [ -86.386036805778318, 39.581588283406504 ], [ -86.386530086253913, 39.582661445905181 ], [ -86.386599100034971, 39.583027611696522 ], [ -86.386308952942471, 39.582952924649739 ], [ -86.385619248889199, 39.582601059639472 ], [ -86.384092128873434, 39.582336474976884 ], [ -86.383067291511452, 39.582382595732518 ], [ -86.382368426700197, 39.582526982833038 ], [ -86.381708463065976, 39.582770950598771 ], [ -86.380421019447354, 39.583650119801433 ], [ -86.379629784144356, 39.584458307485761 ], [ -86.37925560226968, 39.585464768150537 ], [ -86.37908299217986, 39.586269669216058 ], [ -86.378684204483491, 39.587235208169297 ], [ -86.377678528525976, 39.586177806419052 ] ] ] } },
{ "type": "Feature", "properties": { "fid_1": 669, "aq_system": "Till Subsystem", "aq_type": "locally discontinuous intertill or basal sand and/or gravel", "aq_thk_ft": "individual units are commonly 5 to 10 but are absent in many areas (generally about 80 percent of the wells started in this system are completed in bedrock)", "yield_gpm": "generally less than 10, domestic only; extremely limited high-capacity potential", "more_info": "http://www.in.gov/dnr/water/4302.htm", "shape_Leng": 126281.924419, "Shape_Le_1": 110829.73384099999, "Shape_Area": 50425139.277099997 }, "geometry": { "type": "Polygon", "coordinates": [ [ [ -86.687269348828636, 39.497708363286364 ], [ -86.687285813622807, 39.499372153894704 ], [ -86.687285887921888, 39.499374001258623 ], [ -86.685338497192504, 39.498305133049733 ], [ -86.683851097300845, 39.497067289616204 ], [ -86.682262117697448, 39.49629182999584 ], [ -86.680521237695402, 39.496094281383627 ], [ -86.674514089387827, 39.495412404998511 ], [ -86.672497918390249, 39.495183474486858 ], [ -86.67101579410452, 39.495015161207398 ], [ -86.669651240513161, 39.494860182495003 ], [ -86.667840250307307, 39.49465447233387 ], [ -86.665650892242937, 39.494124683748019 ], [ -86.664360495131533, 39.493812405633065 ], [ -86.663515353873038, 39.493231726378852 ], [ -86.661697111885715, 39.491982397122449 ], [ -86.659744175133127, 39.491011466293678 ], [ -86.658655284079288, 39.490470082752346 ], [ -86.656912923419412, 39.489962124646873 ], [ -86.655669112510452, 39.489919896273051 ], [ -86.654137675307197, 39.489867882554535 ], [ -86.652632797093787, 39.490103656978832 ], [ -86.651509944251131, 39.490279564987759 ], [ -86.650888110313758, 39.490715344514761 ], [ -86.650835459407389, 39.491293536616318 ], [ -86.650773397652642, 39.491975062324528 ], [ -86.65117724018792, 39.492605487437082 ], [ -86.652268354252314, 39.493341328628119 ], [ -86.653546795959372, 39.494203469198823 ], [ -86.655191942797813, 39.495312853008393 ], [ -86.657230407756543, 39.496247796587411 ], [ -86.659301988025732, 39.49719786614034 ], [ -86.662193228657614, 39.499080795641738 ], [ -86.663329753477598, 39.499820913818127 ], [ -86.665602894099436, 39.501301121425598 ], [ -86.666578333977085, 39.501936267839582 ], [ -86.668744853375927, 39.502801041575637 ], [ -86.670479495387568, 39.504348218756789 ], [ -86.67129019040172, 39.505071268047857 ], [ -86.67225165337203, 39.505928759560575 ], [ -86.673500877465486, 39.507479795487434 ], [ -86.675136731338867, 39.508910955567714 ], [ -86.676404420156203, 39.510019964179399 ], [ -86.677247153207531, 39.510757180978857 ], [ -86.678781521886464, 39.512099382466999 ], [ -86.679247207205776, 39.513433442465718 ], [ -86.680038154849967, 39.514630864609295 ], [ -86.680281919806816, 39.515749666420241 ], [ -86.680500615478692, 39.516753381029488 ], [ -86.680693218836026, 39.517637317648216 ], [ -86.680917507227477, 39.518666642723595 ], [ -86.681111470144586, 39.51955676963081 ], [ -86.680858270884272, 39.520339441620436 ], [ -86.680376109724037, 39.521829816040118 ], [ -86.679651945000273, 39.522853847016329 ], [ -86.67926633529224, 39.523399117621608 ], [ -86.678609748463671, 39.524327541020618 ], [ -86.677500198755922, 39.525238386763526 ], [ -86.6769923099572, 39.525655308710128 ], [ -86.675797882305133, 39.526635775887208 ], [ -86.674054924583643, 39.527387931739248 ], [ -86.67252776957649, 39.528046925898146 ], [ -86.670455811883173, 39.52894095822959 ], [ -86.668578459423472, 39.529750968240357 ], [ -86.667514572276417, 39.530209975391195 ], [ -86.666369502913739, 39.531183205316822 ], [ -86.665022225537129, 39.531796231191066 ], [ -86.663523691475774, 39.532794365661793 ], [ -86.661024228697116, 39.53483058221925 ], [ -86.657930124720508, 39.536248101287221 ], [ -86.655941616110638, 39.537159032193692 ], [ -86.653835420160931, 39.538587906900403 ], [ -86.648847681451898, 39.540215444510942 ], [ -86.646683116956552, 39.540921668679189 ], [ -86.644905566744413, 39.54182283011145 ], [ -86.643410081508875, 39.542126702314476 ], [ -86.64091526005619, 39.543082928028433 ], [ -86.637673592549859, 39.54399821842194 ], [ -86.635898209674124, 39.544499453230983 ], [ -86.633785265174097, 39.544757160101753 ], [ -86.632027346938159, 39.544971534971936 ], [ -86.630245040710477, 39.545594190107508 ], [ -86.62760545961568, 39.545624323543777 ], [ -86.626260084059581, 39.545639660802969 ], [ -86.623722761425469, 39.545303379730868 ], [ -86.621451535454838, 39.545002314905538 ], [ -86.619629536162833, 39.544760765383231 ], [ -86.615772277830942, 39.543927927290468 ], [ -86.613055006520526, 39.543341139084767 ], [ -86.610852367325947, 39.542099438830185 ], [ -86.609087977812152, 39.541104733930375 ], [ -86.607176953796696, 39.540390621003915 ], [ -86.605049740399764, 39.539595669746419 ], [ -86.602314399752828, 39.538573372777648 ], [ -86.599135106262949, 39.536006357788651 ], [ -86.597249003752751, 39.534958830790444 ], [ -86.594920886336851, 39.532868723287095 ], [ -86.593531673729387, 39.531621451973557 ], [ -86.590805715282812, 39.529885507201591 ], [ -86.589319790784401, 39.528569365817333 ], [ -86.587345174012739, 39.527394131039657 ], [ -86.586338767144369, 39.526795119037899 ], [ -86.584718665715215, 39.525341315515732 ], [ -86.58294636251749, 39.523750836946597 ], [ -86.58011002925636, 39.521777616480072 ], [ -86.578587589621961, 39.520718390687662 ], [ -86.577482167987384, 39.519949268564247 ], [ -86.575942616925857, 39.519410581683516 ], [ -86.574399419937592, 39.519404945888979 ], [ -86.572150465355165, 39.519396696122243 ], [ -86.570464624323989, 39.519737489182312 ], [ -86.569266554991401, 39.520272843912473 ], [ -86.568665368224728, 39.520887512449953 ], [ -86.567518002587249, 39.521268812513895 ], [ -86.566430563714448, 39.521630183558095 ], [ -86.565223235079358, 39.522031379291633 ], [ -86.564064939387663, 39.522416264316107 ], [ -86.562582355855326, 39.522407038753542 ], [ -86.561371117511797, 39.522399487003433 ], [ -86.560333089353875, 39.522393005854617 ], [ -86.559348435807962, 39.522086385336245 ], [ -86.558054584035517, 39.522004365523628 ], [ -86.556896267364181, 39.521930924109888 ], [ -86.556255133324257, 39.521890269570854 ], [ -86.555419319227866, 39.521493094931358 ], [ -86.552528443122625, 39.520479555034242 ], [ -86.550404216996327, 39.519734738401318 ], [ -86.548999465136433, 39.519617694932357 ], [ -86.546617015309508, 39.51852886658466 ], [ -86.545699510509053, 39.518109525911591 ], [ -86.543989022229866, 39.516937799380159 ], [ -86.542852536237135, 39.516159242926285 ], [ -86.541524618345761, 39.515249510617586 ], [ -86.53970720151105, 39.514004365313447 ], [ -86.53813862868779, 39.513367566720653 ], [ -86.537247773017342, 39.512592906064747 ], [ -86.535906657963523, 39.512163447377844 ], [ -86.535207752727359, 39.512469105608155 ], [ -86.534522413443739, 39.512768823742654 ], [ -86.534205041745452, 39.513544663478854 ], [ -86.534649683837046, 39.514047671367727 ], [ -86.535032187025791, 39.514480373266203 ], [ -86.535787374744942, 39.515334654700787 ], [ -86.537273010721023, 39.51629438301579 ], [ -86.538193668816504, 39.516889109178358 ], [ -86.538906260193173, 39.517727439741357 ], [ -86.539248605478704, 39.518654139076304 ], [ -86.539452181347215, 39.519205194202392 ], [ -86.540479896404733, 39.520663920735792 ], [ -86.54216157804764, 39.522328458663289 ], [ -86.542990472087624, 39.523148862718436 ], [ -86.544539808654378, 39.524072812152909 ], [ -86.545267147307101, 39.524506548372052 ], [ -86.546922915332502, 39.525084574032611 ], [ -86.549159474255688, 39.525671604107771 ], [ -86.550319247543086, 39.525975987812792 ], [ -86.552460698095175, 39.526537978795623 ], [ -86.554190457830387, 39.526991891510477 ], [ -86.555269738991541, 39.527777147372127 ], [ -86.557404681737751, 39.528710633715626 ], [ -86.558931987910995, 39.529378396768514 ], [ -86.559885276680703, 39.53010806031854 ], [ -86.561989148612554, 39.531253401881735 ], [ -86.563748197252863, 39.532210965897491 ], [ -86.564912743600189, 39.533500618806656 ], [ -86.565500270915905, 39.534151242020897 ], [ -86.565748858752457, 39.535161649028311 ], [ -86.565899113494197, 39.535772353776927 ], [ -86.566248264391788, 39.537191427495543 ], [ -86.566573264635693, 39.538512292061917 ], [ -86.566418375613736, 39.539598075385037 ], [ -86.565865831189598, 39.540367132592188 ], [ -86.565230399592991, 39.541251530003066 ], [ -86.564453889372487, 39.542332245970748 ], [ -86.563958150594857, 39.543022174783289 ], [ -86.562608328485894, 39.543670732164351 ], [ -86.560772686842625, 39.544552669645874 ], [ -86.558614502258635, 39.545236432636237 ], [ -86.557315773552503, 39.545647874071697 ], [ -86.555959018621564, 39.546077676860243 ], [ -86.552545250655641, 39.546237330875847 ], [ -86.552832164488095, 39.545970857809202 ], [ -86.553392094726078, 39.545141701253968 ], [ -86.555635918668401, 39.540983652479625 ], [ -86.556015477181901, 39.539653653241466 ], [ -86.555855827696604, 39.538538383473117 ], [ -86.555009307007538, 39.535622117128192 ], [ -86.554361040735969, 39.534650032682983 ], [ -86.553753648268625, 39.534044404305796 ], [ -86.553278860427724, 39.533776261600735 ], [ -86.552040255562275, 39.533667965511441 ], [ -86.548456934024145, 39.533609553430345 ], [ -86.546480821030158, 39.533755309650815 ], [ -86.540460642865142, 39.533655720144893 ], [ -86.539392746406747, 39.53347445391654 ], [ -86.537370443874039, 39.533335651238055 ], [ -86.535957026024903, 39.533065030181362 ], [ -86.534473384035138, 39.532375836437282 ], [ -86.533916209145147, 39.531981547186483 ], [ -86.532910108599097, 39.531518659383693 ], [ -86.531475457248959, 39.531517563114306 ], [ -86.531018835790675, 39.531672654501307 ], [ -86.530497828568613, 39.531959312687817 ], [ -86.530037724330739, 39.532417238042164 ], [ -86.529336020007392, 39.53392830593684 ], [ -86.529022456052999, 39.536017724998104 ], [ -86.528775348055831, 39.536958899298519 ], [ -86.528588431493333, 39.538994668417253 ], [ -86.528782238393276, 39.540424382758061 ], [ -86.5288376370424, 39.541892475975644 ], [ -86.528727131873822, 39.542958715621687 ], [ -86.528917220182123, 39.545378725602248 ], [ -86.528820208772061, 39.546344070793801 ], [ -86.528284977561029, 39.547835637770831 ], [ -86.528079755622443, 39.550058754169825 ], [ -86.527628720554958, 39.550708505949203 ], [ -86.528777233718031, 39.551165684241759 ], [ -86.529822315119475, 39.551205290726614 ], [ -86.530346501107687, 39.551315258747856 ], [ -86.531523123235473, 39.551959152293875 ], [ -86.532074893977921, 39.552137842731916 ], [ -86.53105348813115, 39.552889831939005 ], [ -86.529154420813001, 39.553846051374926 ], [ -86.527707469523747, 39.554225740854861 ], [ -86.526357231283569, 39.555029917804013 ], [ -86.525068370135287, 39.555797508574997 ], [ -86.524436207898574, 39.556173985414929 ], [ -86.52276245218485, 39.557170736518621 ], [ -86.521452457932398, 39.55847984760657 ], [ -86.520189650203662, 39.559741742601894 ], [ -86.518334934793117, 39.56159500938719 ], [ -86.516808235505323, 39.563120417866024 ], [ -86.514646638198926, 39.564466317502784 ], [ -86.512930896139693, 39.565534541877582 ], [ -86.512261720211697, 39.565951156789978 ], [ -86.509449605160071, 39.566796396921006 ], [ -86.507400695138102, 39.567713067329272 ], [ -86.505720883478716, 39.568464559365047 ], [ -86.503598429167496, 39.569414016769009 ], [ -86.502230730454897, 39.570025808494265 ], [ -86.500535038572622, 39.570784277948043 ], [ -86.499001564765067, 39.571891296520398 ], [ -86.495456740580082, 39.572955518295196 ], [ -86.493206529291797, 39.574102393761336 ], [ -86.490809885387307, 39.574824472472756 ], [ -86.489159353654358, 39.575704006620953 ], [ -86.487411694748943, 39.576236088541648 ], [ -86.48531669062308, 39.576573828843671 ], [ -86.48340887465578, 39.576881356131473 ], [ -86.481878807845519, 39.576710898429546 ], [ -86.482110904179578, 39.576246812961244 ], [ -86.483326862998737, 39.575572238238699 ], [ -86.48363066497609, 39.575309724579583 ], [ -86.48432560479597, 39.574235733885928 ], [ -86.484481919624571, 39.573493031822053 ], [ -86.484037192572501, 39.572343985752838 ], [ -86.482871685972867, 39.570948853679134 ], [ -86.482489376937579, 39.5703432476869 ], [ -86.482250069809524, 39.569751266071684 ], [ -86.482051820228975, 39.568897875962563 ], [ -86.481814806412103, 39.566627788376763 ], [ -86.481649501180996, 39.565783800435817 ], [ -86.481613108907609, 39.564359850094853 ], [ -86.481249423349013, 39.563449755264493 ], [ -86.480411250929933, 39.563765379604064 ], [ -86.478702328705339, 39.565087020810395 ], [ -86.477933723534761, 39.566008023182228 ], [ -86.477368244175807, 39.566932141488842 ], [ -86.476425733842262, 39.568188073550992 ], [ -86.474549812236845, 39.570222346914186 ], [ -86.473571261282331, 39.571575014997023 ], [ -86.470947801644186, 39.576294508354302 ], [ -86.468613127898493, 39.579967528873162 ], [ -86.468344158830902, 39.580667731669564 ], [ -86.468184069344758, 39.583253066507702 ], [ -86.468290940322035, 39.585690241527047 ], [ -86.467999660464031, 39.588120388858385 ], [ -86.467568998655977, 39.589764606270442 ], [ -86.466747940163131, 39.590866828562206 ], [ -86.466335421756227, 39.591254631198012 ], [ -86.464251085211373, 39.59235942426718 ], [ -86.463722304880321, 39.5926286717458 ], [ -86.463252105000976, 39.59426428245574 ], [ -86.462611784964281, 39.595222290170909 ], [ -86.462029704118493, 39.59577664124371 ], [ -86.460758075482815, 39.596558864496473 ], [ -86.458978136252711, 39.597306395903232 ], [ -86.456777265897884, 39.598123644252617 ], [ -86.454538893206148, 39.598782800682464 ], [ -86.453466933086176, 39.599304667892461 ], [ -86.45147034781796, 39.600569962117 ], [ -86.449862706441252, 39.601740744172915 ], [ -86.447981128418093, 39.603527203608735 ], [ -86.446450335075923, 39.604824085192071 ], [ -86.445216205111592, 39.606117988623566 ], [ -86.445069583414465, 39.605857234780871 ], [ -86.444832320669519, 39.603871447280405 ], [ -86.44485133843753, 39.602708809560539 ], [ -86.445158541924016, 39.601454035207595 ], [ -86.445600794558629, 39.600704293429025 ], [ -86.446242572296057, 39.600023945346528 ], [ -86.446608441563029, 39.599769853232061 ], [ -86.447476540082477, 39.599364720218098 ], [ -86.448564515285554, 39.599013226817618 ], [ -86.449837723005487, 39.598398883700774 ], [ -86.450965665761217, 39.597961848679809 ], [ -86.451253183767662, 39.597745635787014 ], [ -86.451522365099819, 39.597308988368091 ], [ -86.451147040355522, 39.596951706313241 ], [ -86.449709854353557, 39.596186436973461 ], [ -86.449568670967366, 39.596026289495555 ], [ -86.449596330182644, 39.59578119023876 ], [ -86.450996938469558, 39.595320420560661 ], [ -86.4527380880902, 39.594395488526388 ], [ -86.454525582134011, 39.593625998901892 ], [ -86.456226896292279, 39.592536629508544 ], [ -86.458885686553089, 39.590403485161126 ], [ -86.461517622090312, 39.58871261212375 ], [ -86.462290176702538, 39.588018817816646 ], [ -86.463200564672235, 39.586997901945992 ], [ -86.464389939040487, 39.58516641142225 ], [ -86.464981617534278, 39.584527987733601 ], [ -86.466013843167843, 39.583670807677883 ], [ -86.466679572391172, 39.582800016058073 ], [ -86.467066364023964, 39.581845996625553 ], [ -86.466906358006653, 39.580914079501746 ], [ -86.466636206968971, 39.580529687793778 ], [ -86.466159723397354, 39.580115513613315 ], [ -86.465393422272257, 39.579717003492675 ], [ -86.463231087982663, 39.578244884515719 ], [ -86.461761522884586, 39.577441791694497 ], [ -86.4603428589933, 39.576843722715353 ], [ -86.458855791358431, 39.576513682329789 ], [ -86.458178574848617, 39.576612398174895 ], [ -86.457335036008885, 39.577062535922295 ], [ -86.455745571558467, 39.577630233537306 ], [ -86.454056977747129, 39.578398786912047 ], [ -86.452820636477455, 39.579071505850898 ], [ -86.450523471160309, 39.58066497239124 ], [ -86.447562239363634, 39.579625674872112 ], [ -86.445263450405022, 39.578329177899228 ], [ -86.443866221393904, 39.577657509169946 ], [ -86.442556585195575, 39.577192128324803 ], [ -86.441314688158812, 39.57688500226746 ], [ -86.436609259118313, 39.57625525825398 ], [ -86.432338071184262, 39.576220027848464 ], [ -86.428989544717822, 39.575975806666086 ], [ -86.426390299821918, 39.575608846443892 ], [ -86.424363664505222, 39.575186869786464 ], [ -86.423058838065813, 39.574703723883474 ], [ -86.422436457202977, 39.574298510802286 ], [ -86.421989251458342, 39.573402132413797 ], [ -86.422113766246113, 39.572511848485313 ], [ -86.422430404476913, 39.57169569802128 ], [ -86.422870540331147, 39.571255774909602 ], [ -86.423453570033885, 39.570948968494058 ], [ -86.424807468675752, 39.570657960936607 ], [ -86.426095084158845, 39.57058793505162 ], [ -86.429317794951544, 39.57113770968067 ], [ -86.430506908828974, 39.570942758281944 ], [ -86.430901860839072, 39.57074915957611 ], [ -86.431493623193617, 39.570276758962272 ], [ -86.431906871547085, 39.569267473657447 ], [ -86.432469687687714, 39.568957373824887 ], [ -86.433127830040235, 39.56906302064575 ], [ -86.434556572945297, 39.569625724830175 ], [ -86.435729890517408, 39.569738616304043 ], [ -86.437676116276805, 39.569800639972115 ], [ -86.438557478714941, 39.56972916900483 ], [ -86.439622060788849, 39.569510904583005 ], [ -86.440254212987938, 39.569188275011108 ], [ -86.440651684556627, 39.568792712444363 ], [ -86.441074157491954, 39.568210112044028 ], [ -86.442394287740029, 39.565813957790816 ], [ -86.443149154888999, 39.565133869093501 ], [ -86.443974798390485, 39.564639947217188 ], [ -86.445167299306831, 39.564278497007336 ], [ -86.446814833701694, 39.564401307367184 ], [ -86.448548393546858, 39.564765157807201 ], [ -86.45047149961718, 39.565792611807858 ], [ -86.451521629777318, 39.566585582546196 ], [ -86.452163140528796, 39.567468058439189 ], [ -86.452084373563821, 39.569106492633203 ], [ -86.452319751617026, 39.569848430501644 ], [ -86.452860185171289, 39.570732669332628 ], [ -86.45396084840921, 39.570669196897562 ], [ -86.454741792339348, 39.570484275215165 ], [ -86.45533634482392, 39.570222696519437 ], [ -86.456885449591141, 39.569367227290783 ], [ -86.459599606760918, 39.567418828984486 ], [ -86.46121488946298, 39.566553571500073 ], [ -86.462142595609819, 39.565851523450462 ], [ -86.464172177421275, 39.564750031275864 ], [ -86.465832348663838, 39.563826382500316 ], [ -86.468754746425276, 39.562631029751266 ], [ -86.470543400217139, 39.562057514216043 ], [ -86.473318464316023, 39.561359763215165 ], [ -86.476658128272589, 39.560736409763678 ], [ -86.479804537022062, 39.560336327636321 ], [ -86.484509158237287, 39.559464116115244 ], [ -86.488618048707323, 39.559003590538509 ], [ -86.491397210111401, 39.558601319026295 ], [ -86.493171801745518, 39.558219748991441 ], [ -86.494381350274139, 39.558083558229868 ], [ -86.496064150909817, 39.557621721209991 ], [ -86.496901566704537, 39.557149255420192 ], [ -86.497494965360687, 39.556569479597819 ], [ -86.498145293042469, 39.555660891059041 ], [ -86.499375240304374, 39.554302732672056 ], [ -86.500405388171401, 39.552627490030126 ], [ -86.502009920421685, 39.550513537383367 ], [ -86.504031950467052, 39.547009679236822 ], [ -86.505539006828101, 39.544830675192138 ], [ -86.506469272668852, 39.542790097593446 ], [ -86.507253117987446, 39.541559348066784 ], [ -86.508673598965416, 39.539625751729751 ], [ -86.509849310032266, 39.53674730468672 ], [ -86.511704343666693, 39.533441521190632 ], [ -86.512241049977547, 39.532726386326878 ], [ -86.513667958540495, 39.531298676781361 ], [ -86.514107625581005, 39.530481004952755 ], [ -86.514536892651279, 39.529981299919989 ], [ -86.515529975363933, 39.528998427645227 ], [ -86.516418443192222, 39.528338807454425 ], [ -86.516976315331789, 39.527812118210903 ], [ -86.518076663259578, 39.527064203078723 ], [ -86.519531439427382, 39.526236035815195 ], [ -86.522281057951048, 39.524836575251634 ], [ -86.523846914886121, 39.524207755985557 ], [ -86.525952130591719, 39.523178855669656 ], [ -86.527550597869137, 39.522635782776852 ], [ -86.528700541972796, 39.522132267159712 ], [ -86.52939218697604, 39.52172410797435 ], [ -86.530225063175024, 39.521422006649573 ], [ -86.531403198450747, 39.52075831744105 ], [ -86.532401789856451, 39.519891857265605 ], [ -86.532946914967297, 39.51921710018231 ], [ -86.533016473951434, 39.518991245052312 ], [ -86.532935087929829, 39.518542975776349 ], [ -86.532447213043923, 39.517453120727829 ], [ -86.531389558760509, 39.516341092772635 ], [ -86.530468726326973, 39.514605716202986 ], [ -86.529897683635696, 39.513844447692989 ], [ -86.528214058828581, 39.511030626870244 ], [ -86.528200725094777, 39.510663861399422 ], [ -86.528478842721967, 39.509681085630746 ], [ -86.528868641969865, 39.509046872744321 ], [ -86.529323750748603, 39.508655884970707 ], [ -86.529880632721245, 39.508355657146168 ], [ -86.530947014524941, 39.508015929543475 ], [ -86.532621440463885, 39.507703267423324 ], [ -86.533804390757552, 39.50766684882371 ], [ -86.53510597448431, 39.507782923392632 ], [ -86.535990357960443, 39.50792139784722 ], [ -86.536883207069536, 39.508202355494433 ], [ -86.54018334457173, 39.509914363002288 ], [ -86.542513869566264, 39.511788771208998 ], [ -86.543823131774246, 39.512602099844024 ], [ -86.544858873286927, 39.513103241040106 ], [ -86.546750522606914, 39.514285303971718 ], [ -86.547558262090163, 39.514681728204494 ], [ -86.548721685270067, 39.515573981237473 ], [ -86.549687445922629, 39.516532126673589 ], [ -86.550050679570035, 39.516711620259926 ], [ -86.550537013069928, 39.51683345204507 ], [ -86.552323421031872, 39.51707477116922 ], [ -86.553466869706185, 39.516800218951644 ], [ -86.554010761394764, 39.516356913997122 ], [ -86.554273848874843, 39.515628383021131 ], [ -86.554332376581428, 39.514886954524684 ], [ -86.554208384413769, 39.514289449301863 ], [ -86.552929226032987, 39.512314824019874 ], [ -86.552259816154319, 39.51069770946124 ], [ -86.552170974331233, 39.510230420916685 ], [ -86.551143491241589, 39.508185844776726 ], [ -86.55106110162437, 39.505281725185036 ], [ -86.551320061556197, 39.501593510484554 ], [ -86.551501743272652, 39.500698211037864 ], [ -86.551551141170663, 39.499076471351252 ], [ -86.551865707672476, 39.497835573569944 ], [ -86.552830643096172, 39.495645130105061 ], [ -86.554358387166189, 39.493020955827681 ], [ -86.554582282505947, 39.492852129059187 ], [ -86.554971959405421, 39.492767744424327 ], [ -86.555469790672063, 39.492727887627019 ], [ -86.556077156635382, 39.492805471337412 ], [ -86.556969317311413, 39.493156810730099 ], [ -86.558015301313233, 39.494246606550909 ], [ -86.560724829207118, 39.496222721723534 ], [ -86.561758445311668, 39.496729823668545 ], [ -86.562898613663378, 39.497082835906582 ], [ -86.56415090728774, 39.497653667119394 ], [ -86.566909502631887, 39.498715345194661 ], [ -86.568583264276882, 39.499535764071553 ], [ -86.574355755380083, 39.502073352562249 ], [ -86.577414035101697, 39.503507671265318 ], [ -86.579870847808024, 39.504515393012078 ], [ -86.582222468937459, 39.50578457669468 ], [ -86.584874689870588, 39.50755782594544 ], [ -86.585706264283971, 39.508620890184069 ], [ -86.585918123366866, 39.510282142562168 ], [ -86.58621772675184, 39.511405539725764 ], [ -86.586913205438321, 39.512998566587363 ], [ -86.588127667591181, 39.514779186762524 ], [ -86.589337876909767, 39.516836933091795 ], [ -86.589985417012514, 39.517678507153256 ], [ -86.590226231349874, 39.518201331418183 ], [ -86.590772710858857, 39.518999014006397 ], [ -86.591128829927371, 39.519820124978679 ], [ -86.592029676365797, 39.521439469960903 ], [ -86.592595148432679, 39.522255631338609 ], [ -86.592880610682855, 39.523410044156606 ], [ -86.593063235801679, 39.525009115660922 ], [ -86.594090014663465, 39.526594433460595 ], [ -86.596218530421311, 39.528772654825502 ], [ -86.596666353353712, 39.529108344714899 ], [ -86.597660447163321, 39.529520520033287 ], [ -86.598688725692696, 39.529481956746814 ], [ -86.599373124323918, 39.529263240511163 ], [ -86.600622700922415, 39.528655370948506 ], [ -86.601323607202488, 39.528068076009056 ], [ -86.602250275212086, 39.526593998314127 ], [ -86.602521974419574, 39.525317200983928 ], [ -86.603482532902859, 39.52248886150543 ], [ -86.603835530241369, 39.521702897322307 ], [ -86.605486016266468, 39.519619240954867 ], [ -86.60615842629511, 39.519292004733963 ], [ -86.607255673057608, 39.51905540648098 ], [ -86.608170475538714, 39.519120031594433 ], [ -86.610056268657601, 39.51946285095687 ], [ -86.61109495480504, 39.519791835959829 ], [ -86.61278231402045, 39.520590365492701 ], [ -86.613747981021191, 39.521288191835687 ], [ -86.614286104840318, 39.521975660210494 ], [ -86.614637160584167, 39.522731295875651 ], [ -86.615763546809063, 39.524591634500581 ], [ -86.617172995530098, 39.528360257630879 ], [ -86.618462765998842, 39.530431147472811 ], [ -86.61862278178512, 39.531851260679439 ], [ -86.618644633042848, 39.533406369444897 ], [ -86.618937380635273, 39.534210248901367 ], [ -86.619590476044962, 39.535418442013771 ], [ -86.620645554383771, 39.53628209791637 ], [ -86.622585029854065, 39.537221440894982 ], [ -86.624527188845832, 39.537731813253608 ], [ -86.625525899145174, 39.538079110280137 ], [ -86.626674650967701, 39.53828083876607 ], [ -86.629900403641585, 39.538649072322578 ], [ -86.630913345905967, 39.538614422920581 ], [ -86.633442233002938, 39.538070145535826 ], [ -86.634451824452142, 39.537781422944732 ], [ -86.635122408487817, 39.537484148293927 ], [ -86.635697148367314, 39.537013531981266 ], [ -86.636167407974142, 39.536084113141953 ], [ -86.636610958848934, 39.53446562773869 ], [ -86.636627893217764, 39.533434927037085 ], [ -86.636432451777878, 39.53298044918558 ], [ -86.635859677480667, 39.532529809309182 ], [ -86.635402763098142, 39.53244034094282 ], [ -86.634462498712978, 39.532464804230408 ], [ -86.634193884153319, 39.532351188376317 ], [ -86.633821599611551, 39.531752568976351 ], [ -86.634234007416239, 39.531069988643964 ], [ -86.634673131192272, 39.530762578858841 ], [ -86.6354002466271, 39.530492412175974 ], [ -86.637792830316812, 39.530318270826093 ], [ -86.639796503359662, 39.529818325633961 ], [ -86.643471643674602, 39.529163418101994 ], [ -86.643775170144863, 39.52905550175619 ], [ -86.6440180539458, 39.528847948198738 ], [ -86.644302679012583, 39.528312842270324 ], [ -86.644365366004308, 39.527763849226517 ], [ -86.644095628646042, 39.526989644814854 ], [ -86.643939101939381, 39.52544583950597 ], [ -86.643695022575557, 39.52423401342832 ], [ -86.643258042414757, 39.522692057836508 ], [ -86.642798746314227, 39.521642413919714 ], [ -86.642644232515082, 39.520256399348987 ], [ -86.641859454424093, 39.519277594812436 ], [ -86.641238361239274, 39.518909047197681 ], [ -86.640971539966273, 39.518832666676396 ], [ -86.640192462079341, 39.518891565588042 ], [ -86.639892814816619, 39.518983255997284 ], [ -86.639694999933667, 39.519191235654731 ], [ -86.639497611526323, 39.519670034576819 ], [ -86.63966066052609, 39.520684995301629 ], [ -86.640171498091803, 39.521345465156841 ], [ -86.640487064265201, 39.522038288539207 ], [ -86.640190795115259, 39.522388840496774 ], [ -86.639622791929995, 39.522541165341195 ], [ -86.635441575253694, 39.523204110416728 ], [ -86.634256460594727, 39.523212755706012 ], [ -86.63383455258203, 39.523117950711168 ], [ -86.632654741520085, 39.522434191819045 ], [ -86.631893923073164, 39.521744488619476 ], [ -86.631458452057359, 39.521167863384626 ], [ -86.630794155339117, 39.520619356226526 ], [ -86.630256091377674, 39.520031588815101 ], [ -86.629353912884724, 39.519451671760898 ], [ -86.627733298226389, 39.518738080504221 ], [ -86.626787835737943, 39.518224902529852 ], [ -86.625193428707121, 39.516804888495123 ], [ -86.625420116157485, 39.516205014884136 ], [ -86.626766707879355, 39.514706539702182 ], [ -86.627982688425064, 39.513999456471304 ], [ -86.629118913875615, 39.513511507752753 ], [ -86.633430694208286, 39.512310876870949 ], [ -86.635992455661381, 39.511705613628969 ], [ -86.637468035611064, 39.51144616626113 ], [ -86.638971455805049, 39.511481952611724 ], [ -86.641375849012107, 39.511962702063499 ], [ -86.644849674220666, 39.514154904744125 ], [ -86.650190076101012, 39.516668456121693 ], [ -86.650947449250438, 39.516874461402303 ], [ -86.654407224095465, 39.517504013541121 ], [ -86.656811350257286, 39.518377162007823 ], [ -86.660244466120872, 39.520245256014725 ], [ -86.662326297966231, 39.521727342822473 ], [ -86.662703661558794, 39.52187609368017 ], [ -86.663138054365348, 39.521895170628881 ], [ -86.6646714009037, 39.521608036851752 ], [ -86.664910632898625, 39.521444549621876 ], [ -86.665065807996086, 39.52114506276564 ], [ -86.665383174332561, 39.519836893214688 ], [ -86.665693523303659, 39.516797986008257 ], [ -86.665982237543858, 39.51529737735742 ], [ -86.666105105131976, 39.512689053871007 ], [ -86.665693299576233, 39.510746113955797 ], [ -86.665465818049299, 39.509116787142574 ], [ -86.665087520601119, 39.507959816219305 ], [ -86.665020940795671, 39.507159244273566 ], [ -86.664320984974395, 39.50530337222466 ], [ -86.663244591456433, 39.503227282738372 ], [ -86.662478652662685, 39.502254253689038 ], [ -86.660997259368671, 39.500736274328538 ], [ -86.659975777456907, 39.499797907171406 ], [ -86.659246087153477, 39.499309020039249 ], [ -86.657341357055842, 39.498235055414852 ], [ -86.655840579422218, 39.497527279720948 ], [ -86.654148661194967, 39.496605472391217 ], [ -86.648266319184259, 39.493006686075859 ], [ -86.644495388867028, 39.490924550364028 ], [ -86.642992969190516, 39.490593571934092 ], [ -86.640870531290687, 39.490460210468363 ], [ -86.640144516970892, 39.490491714890048 ], [ -86.637420572493994, 39.490851438725294 ], [ -86.635388114727675, 39.491380888017325 ], [ -86.63343105496871, 39.492085571306859 ], [ -86.631771939134424, 39.492793188322402 ], [ -86.629386913667375, 39.493555268937811 ], [ -86.626854063965297, 39.494502897667829 ], [ -86.625117764720542, 39.494937186042257 ], [ -86.620876845579303, 39.495516810601202 ], [ -86.619731757933792, 39.49540058169984 ], [ -86.618954110960019, 39.495028670808288 ], [ -86.618082644078143, 39.494011719087581 ], [ -86.617643518929157, 39.492913174400506 ], [ -86.617496525875282, 39.492192374619719 ], [ -86.617711800511387, 39.491283003888555 ], [ -86.618617397455409, 39.489647016826048 ], [ -86.618966652936138, 39.488826698869772 ], [ -86.618698721549137, 39.487220627796077 ], [ -86.618343491757798, 39.486618061357341 ], [ -86.616718628217072, 39.484990113253517 ], [ -86.61649038748611, 39.484549603633589 ], [ -86.616328068526073, 39.483873867650814 ], [ -86.617371652232606, 39.483102082080748 ], [ -86.618565561493696, 39.482513446990865 ], [ -86.622026083605647, 39.48110644149412 ], [ -86.623868062234081, 39.480472773407882 ], [ -86.628119482222687, 39.479771085204455 ], [ -86.630305269944785, 39.479728473301314 ], [ -86.632013477086332, 39.479781187175874 ], [ -86.635225257917384, 39.480153737313323 ], [ -86.637047802967501, 39.480564934225917 ], [ -86.639165881405191, 39.481202634025472 ], [ -86.64076094124583, 39.481472433150138 ], [ -86.644487137138285, 39.481823698173095 ], [ -86.649091017717808, 39.481885590919461 ], [ -86.650585113545745, 39.482132161050508 ], [ -86.652141713673572, 39.482679074625246 ], [ -86.654144365727959, 39.484024722675315 ], [ -86.654913202522692, 39.484291072590906 ], [ -86.65664915809343, 39.485195864972482 ], [ -86.66049594104328, 39.488005677851646 ], [ -86.663115801178819, 39.489434064385314 ], [ -86.665611524864531, 39.491013878109186 ], [ -86.666717592455555, 39.49147457598874 ], [ -86.668706554965453, 39.492482677211086 ], [ -86.669658731915831, 39.492798893545284 ], [ -86.67269818335258, 39.493436946326497 ], [ -86.674206892986831, 39.493502543581947 ], [ -86.675543315197046, 39.493698140619088 ], [ -86.676770856765287, 39.49365979288379 ], [ -86.678412457068475, 39.493977509627626 ], [ -86.685214969803638, 39.496519647428443 ], [ -86.686254291777558, 39.497207825909889 ], [ -86.687269348828636, 39.497708363286364 ] ] ] } },
{ "type": "Feature", "properties": { "fid_1": 670, "aq_system": "Till Subsystem", "aq_type": "locally discontinuous intertill or basal sand and/or gravel", "aq_thk_ft": "individual units are commonly 5 to 10 but are absent in many areas (generally about 80 percent of the wells started in this system are completed in bedrock)", "yield_gpm": "generally less than 10, domestic only; extremely limited high-capacity potential", "more_info": "http://www.in.gov/dnr/water/4302.htm", "shape_Leng": 40277.27605, "Shape_Le_1": 36374.990038600001, "Shape_Area": 12334934.147500001 }, "geometry": { "type": "MultiPolygon", "coordinates": [ [ [ [ -86.555137660323879, 39.600742454190836 ], [ -86.55180351166328, 39.600731752772077 ], [ -86.55016676550477, 39.59948655355231 ], [ -86.54719633384633, 39.596429134643465 ], [ -86.544073380166822, 39.593872263503819 ], [ -86.541888574038012, 39.592668452101925 ], [ -86.541355509380111, 39.591441567814741 ], [ -86.541319714826628, 39.590236528068367 ], [ -86.54126819318509, 39.588502010691073 ], [ -86.541210659842605, 39.586565001037201 ], [ -86.541836113466019, 39.585496919699047 ], [ -86.542941593240656, 39.583609009043812 ], [ -86.543404305690956, 39.581913568209721 ], [ -86.543761670727861, 39.580604081980923 ], [ -86.544812470386319, 39.579801982632048 ], [ -86.545367871687617, 39.578798263274798 ], [ -86.546325805719732, 39.577067003710482 ], [ -86.547740299902031, 39.575538313975166 ], [ -86.550083094174866, 39.573881489971846 ], [ -86.552034972275024, 39.572501025521689 ], [ -86.554240553156049, 39.571617677941411 ], [ -86.556137025140444, 39.569856418477336 ], [ -86.557790758998095, 39.568320493564613 ], [ -86.558846647193292, 39.566782277612937 ], [ -86.560649442799289, 39.565285431431796 ], [ -86.561624548371086, 39.564045209308716 ], [ -86.562706182220495, 39.563267072356375 ], [ -86.563661506681086, 39.562579779898563 ], [ -86.564756043339344, 39.561792306586341 ], [ -86.566515291441021, 39.560526542175793 ], [ -86.567336303287988, 39.560303021426861 ], [ -86.568652809451308, 39.559944585274309 ], [ -86.572145386846316, 39.558993595218446 ], [ -86.57453644293571, 39.558963813656852 ], [ -86.576082391536517, 39.558661013666949 ], [ -86.57722728702592, 39.558780849255776 ], [ -86.578113202294332, 39.558953550433841 ], [ -86.581450411713604, 39.559312035711351 ], [ -86.583272112673754, 39.559798245655251 ], [ -86.585797237251967, 39.560088755932576 ], [ -86.590068004901653, 39.560668870022013 ], [ -86.593630743418828, 39.561152682973379 ], [ -86.596372581381416, 39.561524940334571 ], [ -86.59879555383587, 39.561411047400981 ], [ -86.600669894743504, 39.561322907444783 ], [ -86.602795649228781, 39.561222909163959 ], [ -86.605087590472849, 39.561115048076786 ], [ -86.606882301085378, 39.560682008459601 ], [ -86.608396809778526, 39.56070883028179 ], [ -86.609526560972967, 39.560728825024029 ], [ -86.610618710909691, 39.560748143988853 ], [ -86.613308250293471, 39.560795675862948 ], [ -86.614274358145536, 39.560424671563851 ], [ -86.617394601926435, 39.560462190659521 ], [ -86.621448861442957, 39.560510815617654 ], [ -86.623585039798996, 39.560745954306945 ], [ -86.625619386580482, 39.560969846543273 ], [ -86.627253497823659, 39.561149662936913 ], [ -86.628697183582602, 39.561308505251901 ], [ -86.630140877229863, 39.561467329663579 ], [ -86.63216874582875, 39.56260052033398 ], [ -86.632969715364894, 39.563446497229492 ], [ -86.633811863321625, 39.564335937610615 ], [ -86.634277311770802, 39.565603512274571 ], [ -86.63419943335856, 39.566419173665736 ], [ -86.634122288623544, 39.567227118852962 ], [ -86.633548885484828, 39.567920691220074 ], [ -86.632340627210993, 39.569382109451098 ], [ -86.631037021965298, 39.570958767233655 ], [ -86.629849544882916, 39.571843090142501 ], [ -86.628054287910572, 39.57228627328508 ], [ -86.625845837751186, 39.572831410858214 ], [ -86.622453550396216, 39.573668670687979 ], [ -86.621458417269778, 39.573434100579917 ], [ -86.616420716793442, 39.574497149137429 ], [ -86.612178707819226, 39.575793970653102 ], [ -86.609580882553445, 39.577057613077685 ], [ -86.606351384563283, 39.579942662369284 ], [ -86.605125744287818, 39.580743912681726 ], [ -86.602585130093132, 39.582404716446014 ], [ -86.601034295671852, 39.583876044606519 ], [ -86.599432136920839, 39.584822899630446 ], [ -86.597032164939208, 39.586241163505655 ], [ -86.592237800478713, 39.588075113031103 ], [ -86.589600138081877, 39.589384238737736 ], [ -86.587885956938038, 39.590874323017687 ], [ -86.585083712829629, 39.593310032681543 ], [ -86.583840547019278, 39.594992160683361 ], [ -86.582367691800201, 39.596984960103626 ], [ -86.579546978772598, 39.600800467479623 ], [ -86.579546386884658, 39.60080126996457 ], [ -86.575646328552423, 39.600804914933633 ], [ -86.57377466812359, 39.600799119235532 ], [ -86.573775752712947, 39.600798325795765 ], [ -86.575488514134804, 39.599721038655346 ], [ -86.576364495262823, 39.598987969709995 ], [ -86.578403580328427, 39.596612750028349 ], [ -86.582672683674502, 39.592212969996424 ], [ -86.585781807959989, 39.588718259840462 ], [ -86.586519237269854, 39.587084501153697 ], [ -86.587293835384855, 39.584682729585339 ], [ -86.587401835641444, 39.583846986183936 ], [ -86.587314479195172, 39.582222674312725 ], [ -86.587373918408716, 39.581640634526188 ], [ -86.587266512287911, 39.58046928172206 ], [ -86.587019046410106, 39.579525436729455 ], [ -86.586177756074676, 39.578115623581724 ], [ -86.585541779373415, 39.577460220900505 ], [ -86.584967054912099, 39.577337796863858 ], [ -86.583989427306705, 39.576994887826665 ], [ -86.580828446036321, 39.576311188805278 ], [ -86.578976641863605, 39.576052638938378 ], [ -86.578048697842533, 39.576014042581669 ], [ -86.573661333408083, 39.576236803603372 ], [ -86.572977621356486, 39.576465129260342 ], [ -86.572172369045958, 39.576622976346584 ], [ -86.568313438901171, 39.577063302407993 ], [ -86.567499127484012, 39.57728510779679 ], [ -86.565958799601447, 39.577534518964612 ], [ -86.564251905590311, 39.577647535274686 ], [ -86.563168709437889, 39.577836621098449 ], [ -86.558539109965238, 39.578373069665339 ], [ -86.557583921770927, 39.578399429107549 ], [ -86.556324334419713, 39.578539547561171 ], [ -86.55445429330247, 39.578950553117977 ], [ -86.552728274526302, 39.579825006025764 ], [ -86.551396752319818, 39.580708860610692 ], [ -86.550861017060072, 39.581378554567515 ], [ -86.549463735571848, 39.582684791434929 ], [ -86.549150779987144, 39.583266956850025 ], [ -86.548915044123049, 39.584172619595826 ], [ -86.548591707324888, 39.58631008682385 ], [ -86.54843943184558, 39.588128274454085 ], [ -86.548488561108087, 39.589685300366931 ], [ -86.548850149081034, 39.592115421296519 ], [ -86.549244998512322, 39.593162357403493 ], [ -86.549656135469021, 39.594805721652349 ], [ -86.550016758861318, 39.595502761624104 ], [ -86.550310727186272, 39.595801163849167 ], [ -86.55146830869775, 39.59645753186539 ], [ -86.552603596499409, 39.597389807474173 ], [ -86.553420668431244, 39.598499565591482 ], [ -86.553769265614662, 39.599106932863364 ], [ -86.554956251681091, 39.60054497923484 ], [ -86.555137660323879, 39.600742454190836 ] ], [ [ -86.599005854349443, 39.580814774595979 ], [ -86.599254360565695, 39.580815878742783 ], [ -86.600057859574179, 39.580616535204754 ], [ -86.600542299975288, 39.580415847391578 ], [ -86.601254945856724, 39.579984043371596 ], [ -86.603322340693182, 39.578371655942661 ], [ -86.60590213974821, 39.576218605649657 ], [ -86.609584922711491, 39.573711450596477 ], [ -86.610677688478731, 39.573126526674429 ], [ -86.613808748358977, 39.571225186785007 ], [ -86.6157810829894, 39.570292057875186 ], [ -86.618810176908283, 39.568709465587752 ], [ -86.619644184763757, 39.568173751569539 ], [ -86.622335090311893, 39.566708511396861 ], [ -86.62511156412522, 39.565375454979311 ], [ -86.62611079582814, 39.564777012388959 ], [ -86.62655646423373, 39.564633785328809 ], [ -86.627262009581315, 39.564626142426597 ], [ -86.629443528599481, 39.56525195048691 ], [ -86.6300592056146, 39.565325166511499 ], [ -86.63130886274719, 39.565040122249407 ], [ -86.631494459653851, 39.564850268831314 ], [ -86.631580434796405, 39.564423886911804 ], [ -86.630670733466587, 39.563138463403114 ], [ -86.630188489945994, 39.562875336783492 ], [ -86.629467549701516, 39.562315314499564 ], [ -86.628623749403388, 39.56195994957303 ], [ -86.627130666490956, 39.561611389651254 ], [ -86.625234497165934, 39.561382556930695 ], [ -86.623483051325223, 39.561328649573468 ], [ -86.62250986429973, 39.561386245645181 ], [ -86.619608586048244, 39.561797737850576 ], [ -86.616749538662603, 39.562382916395961 ], [ -86.614219458259043, 39.563307922232561 ], [ -86.611239107238902, 39.565095771481367 ], [ -86.609778774807538, 39.565655718387944 ], [ -86.606530215276791, 39.566274747260898 ], [ -86.604129486850283, 39.566872209323016 ], [ -86.60171791662431, 39.567906229268274 ], [ -86.599788512752269, 39.568906129448692 ], [ -86.598178405649733, 39.569844126072631 ], [ -86.596503380688716, 39.571109704811342 ], [ -86.595096926582826, 39.572438841877791 ], [ -86.594546326072376, 39.573313727550961 ], [ -86.594482495527217, 39.574369320137194 ], [ -86.594097688992164, 39.575676453029779 ], [ -86.594006830604002, 39.576804462751298 ], [ -86.59435241734171, 39.577786604093639 ], [ -86.595154423346884, 39.578786747712606 ], [ -86.596221664647729, 39.579485468500124 ], [ -86.59828082754079, 39.580374539149389 ], [ -86.599005854349443, 39.580814774595979 ] ] ], [ [ [ -86.555137660323879, 39.600742454190836 ], [ -86.555137979101559, 39.600743239313822 ], [ -86.551805895252897, 39.600735287725364 ], [ -86.551805359863053, 39.600734503559814 ], [ -86.555137660323879, 39.600742454190836 ] ] ] ] } },
{ "type": "Feature", "properties": { "fid_1": 677, "aq_system": "Till Subsystem", "aq_type": "locally discontinuous intertill or basal sand and/or gravel", "aq_thk_ft": "individual units are commonly 5 to 10 but are absent in many areas (generally about 80 percent of the wells started in this system are completed in bedrock)", "yield_gpm": "generally less than 10, domestic only; extremely limited high-capacity potential", "more_info": "http://www.in.gov/dnr/water/4302.htm", "shape_Leng": 18567.9495092, "Shape_Le_1": 18567.9495092, "Shape_Area": 8571755.8367999997 }, "geometry": { "type": "Polygon", "coordinates": [ [ [ -86.397653461882541, 39.586328876972267 ], [ -86.398132998429929, 39.586827082525488 ], [ -86.400233266590718, 39.589566107775696 ], [ -86.401026472900824, 39.590415021255552 ], [ -86.402370442686959, 39.592415813011812 ], [ -86.402807399588085, 39.592924568912579 ], [ -86.40356132816278, 39.59414504133597 ], [ -86.404303414783243, 39.595085864296522 ], [ -86.404865101037501, 39.595635210756946 ], [ -86.405280728142728, 39.595895401306421 ], [ -86.405704638128796, 39.595978265989402 ], [ -86.406583062951114, 39.595884924942915 ], [ -86.407015252472448, 39.59571433020583 ], [ -86.407718873888768, 39.595247693602097 ], [ -86.408184267499891, 39.594690370433362 ], [ -86.408455972430872, 39.593260269840286 ], [ -86.408586178219991, 39.592945259697842 ], [ -86.409008788870764, 39.592307428492305 ], [ -86.409496150902143, 39.591947146114698 ], [ -86.410076512605528, 39.591687194642986 ], [ -86.410487246094775, 39.591642439818685 ], [ -86.411038212312931, 39.591880321917849 ], [ -86.411533126324088, 39.592250645370534 ], [ -86.411944337592274, 39.592698850243146 ], [ -86.412450801467742, 39.59342386103183 ], [ -86.412569962321527, 39.593823449747539 ], [ -86.412491855806323, 39.594551593496931 ], [ -86.412488916411519, 39.595804061427181 ], [ -86.412301619014485, 39.597216497098209 ], [ -86.411865987966053, 39.599300253790872 ], [ -86.411638718553874, 39.599982121797872 ], [ -86.411649658609846, 39.600472470994404 ], [ -86.411991308457957, 39.600706926663861 ], [ -86.413002634532845, 39.600991737418688 ], [ -86.413736177213579, 39.60140348757146 ], [ -86.414230504507373, 39.601897790070595 ], [ -86.414610869707616, 39.602438510610881 ], [ -86.415005775384074, 39.602854173893299 ], [ -86.416752109961976, 39.604555093752325 ], [ -86.417594419338556, 39.605247233439862 ], [ -86.418323634204597, 39.60570703174119 ], [ -86.423677223017521, 39.608554621420033 ], [ -86.424796813686768, 39.608949340156848 ], [ -86.42573305764472, 39.609205712908079 ], [ -86.428508924746637, 39.609784288341032 ], [ -86.42902501989893, 39.609984839460552 ], [ -86.429783229903762, 39.610499878462115 ], [ -86.430668234019265, 39.611601122978435 ], [ -86.431123940175496, 39.612394467915387 ], [ -86.432754783550394, 39.613316679682612 ], [ -86.433429362958648, 39.613546448501481 ], [ -86.433827512855459, 39.613616829179726 ], [ -86.435849554171256, 39.613692146277764 ], [ -86.437174576377117, 39.613559061544102 ], [ -86.438034812202829, 39.613549700351129 ], [ -86.438426297916166, 39.613601854716777 ], [ -86.439299987998169, 39.613954104611395 ], [ -86.440961255833372, 39.615101944008074 ], [ -86.441220813247199, 39.615426010868688 ], [ -86.438097640834542, 39.61635507114066 ], [ -86.436820483919789, 39.616972746083327 ], [ -86.436062651157471, 39.6174716933117 ], [ -86.433743785360562, 39.618345790070812 ], [ -86.432651612757027, 39.618670757088502 ], [ -86.43115665791845, 39.61895465015148 ], [ -86.430048322665968, 39.618947570876188 ], [ -86.42926750730787, 39.618748685951161 ], [ -86.42906768052238, 39.618499688935167 ], [ -86.428852630163988, 39.617886722615154 ], [ -86.428653626422772, 39.617528749159682 ], [ -86.42800335565066, 39.617175313031332 ], [ -86.427095146774903, 39.617248737455206 ], [ -86.426443065691259, 39.617421649988337 ], [ -86.425877079130927, 39.617460064819355 ], [ -86.425693998500392, 39.617515059901407 ], [ -86.42558917663365, 39.617631153145354 ], [ -86.426347272115876, 39.617950929360774 ], [ -86.426969234604186, 39.618554147801305 ], [ -86.427931857603085, 39.622478513346863 ], [ -86.428175142111655, 39.62288239338411 ], [ -86.428463189191064, 39.623107067310308 ], [ -86.428940080907239, 39.623305042472211 ], [ -86.431955878032312, 39.624304526390198 ], [ -86.433077558912046, 39.62462608087413 ], [ -86.432059518684028, 39.625117330934408 ], [ -86.430393200598971, 39.625921370215934 ], [ -86.428808826131728, 39.626335147673714 ], [ -86.427379209989979, 39.626708485716385 ], [ -86.425542909732954, 39.627187995917097 ], [ -86.42432635317904, 39.627505654153211 ], [ -86.42254879638584, 39.627969766976548 ], [ -86.420727120604496, 39.628445364818759 ], [ -86.419395644735189, 39.628940091941502 ], [ -86.419775862809487, 39.62797114504238 ], [ -86.419703292622231, 39.627454948537881 ], [ -86.418942377572534, 39.62650562704895 ], [ -86.417724802255563, 39.625601508440461 ], [ -86.416637162969181, 39.625053188521811 ], [ -86.41267273621466, 39.623397852749555 ], [ -86.411316641316589, 39.622964452025236 ], [ -86.40875410800966, 39.622314193101744 ], [ -86.407972065736018, 39.622012823567601 ], [ -86.407005591524523, 39.621503446269656 ], [ -86.406004476700971, 39.620656957979733 ], [ -86.40577822950516, 39.620504692777025 ], [ -86.405624086561971, 39.620167164001032 ], [ -86.405566189136778, 39.619531626062461 ], [ -86.405636416460339, 39.618992011356667 ], [ -86.40543931147721, 39.618099791671597 ], [ -86.404698602533841, 39.617236581964413 ], [ -86.403924926743315, 39.616742292058454 ], [ -86.402519718404108, 39.616400687703269 ], [ -86.400603442425677, 39.616186677403888 ], [ -86.399824613682384, 39.61629903365862 ], [ -86.399118480134263, 39.616317612903117 ], [ -86.39734218364174, 39.616576523615244 ], [ -86.396350235812264, 39.616555785870247 ], [ -86.394519244200481, 39.616146953332546 ], [ -86.394068547549637, 39.615851519024574 ], [ -86.393469103821758, 39.615122516233548 ], [ -86.3930245566129, 39.614123722084614 ], [ -86.39314928065825, 39.613515469590602 ], [ -86.393787396827534, 39.612700326058807 ], [ -86.395388746298508, 39.611155500119047 ], [ -86.396932555055869, 39.60837061518194 ], [ -86.397336534768101, 39.608008598129238 ], [ -86.398109569966536, 39.607622879398313 ], [ -86.399266552839904, 39.607332410774546 ], [ -86.399215553715834, 39.606787547945459 ], [ -86.398487607732264, 39.605325470692456 ], [ -86.398266420324603, 39.604997426299121 ], [ -86.397856414268531, 39.604620175287927 ], [ -86.397438683461687, 39.6039532521621 ], [ -86.397376234428762, 39.603318105770846 ], [ -86.39765948883894, 39.603111606336881 ], [ -86.398575726188852, 39.602843812870091 ], [ -86.401314738027466, 39.602671563858088 ], [ -86.401870632688599, 39.602546498287353 ], [ -86.402096345381054, 39.602417003958621 ], [ -86.402166072066265, 39.602254063151378 ], [ -86.402116645835932, 39.601781646819092 ], [ -86.402000998694106, 39.601564980335169 ], [ -86.401501031774288, 39.601077409645399 ], [ -86.400091857820669, 39.60017678413714 ], [ -86.398991605516429, 39.599555367119791 ], [ -86.397967357545994, 39.599070110212566 ], [ -86.395997030778304, 39.598306979078821 ], [ -86.395130036006961, 39.598137491447012 ], [ -86.394249428918769, 39.598090083078439 ], [ -86.39261959051457, 39.5976671235777 ], [ -86.391708346243846, 39.597328069538086 ], [ -86.390775147917012, 39.596877536327689 ], [ -86.389101242837697, 39.596358152569401 ], [ -86.387189702851828, 39.595369960674205 ], [ -86.386989517715563, 39.595219019576398 ], [ -86.38688532188398, 39.595001858639947 ], [ -86.386499618051602, 39.592999032333985 ], [ -86.386308036419351, 39.592412352194806 ], [ -86.386455146509022, 39.591241245999846 ], [ -86.386459397021753, 39.590018705554002 ], [ -86.386582014660931, 39.589645721020077 ], [ -86.386957039420182, 39.589088566007135 ], [ -86.387551136612529, 39.588407954220806 ], [ -86.388364634905699, 39.587808845940565 ], [ -86.390604477084707, 39.586667405886168 ], [ -86.391770982836391, 39.586284061506376 ], [ -86.392500891626355, 39.586256934679128 ], [ -86.394082488040837, 39.586336740239055 ], [ -86.396582648737493, 39.586096249523628 ], [ -86.397653461882541, 39.586328876972267 ] ] ] } },
{ "type": "Feature", "properties": { "fid_1": 680, "aq_system": "Till Subsystem", "aq_type": "locally discontinuous intertill or basal sand and/or gravel", "aq_thk_ft": "individual units are commonly 5 to 10 but are absent in many areas (generally about 80 percent of the wells started in this system are completed in bedrock)", "yield_gpm": "generally less than 10, domestic only; extremely limited high-capacity potential", "more_info": "http://www.in.gov/dnr/water/4302.htm", "shape_Leng": 10658.9350104, "Shape_Le_1": 8443.5912973100003, "Shape_Area": 1606380.93282 }, "geometry": { "type": "Polygon", "coordinates": [ [ [ -86.299804750037453, 39.632746022956248 ], [ -86.290283646159494, 39.632910662678817 ], [ -86.290281586134014, 39.632909959907941 ], [ -86.288599772300913, 39.632405874890082 ], [ -86.287995674351194, 39.632280970606431 ], [ -86.287178114294889, 39.632252129000356 ], [ -86.285961139534606, 39.632721179500763 ], [ -86.285535216277509, 39.632988108322685 ], [ -86.285534416067307, 39.632988868370504 ], [ -86.27792275773686, 39.633108797577727 ], [ -86.277923878687886, 39.633108017951812 ], [ -86.279037184819614, 39.632458244226314 ], [ -86.280186160802401, 39.632026034806188 ], [ -86.281973882145692, 39.631178891205394 ], [ -86.283512953792325, 39.630629780731233 ], [ -86.287261722039318, 39.629464906028979 ], [ -86.288331682785326, 39.628873066447014 ], [ -86.288689788530604, 39.62842032773456 ], [ -86.288292737745351, 39.62813001830304 ], [ -86.286917529775209, 39.627586164089628 ], [ -86.286699217418402, 39.627360006294168 ], [ -86.28650752741369, 39.626964934223238 ], [ -86.287097191297761, 39.624645242400341 ], [ -86.287468118536594, 39.623923780976497 ], [ -86.287648387756406, 39.62296059792255 ], [ -86.287672506617156, 39.622098782965359 ], [ -86.288314102768368, 39.619868417236113 ], [ -86.288631323759475, 39.619486812127249 ], [ -86.289325762668213, 39.619319960154911 ], [ -86.29055161352467, 39.619321748325689 ], [ -86.292176693281363, 39.619503411176666 ], [ -86.292863014771115, 39.619465159678761 ], [ -86.292951287895264, 39.618909591430523 ], [ -86.29292473102926, 39.618353357552969 ], [ -86.292372289317825, 39.615944107801567 ], [ -86.292324196524092, 39.615128596105244 ], [ -86.292472913919511, 39.614259815038544 ], [ -86.293044488247531, 39.613509987884974 ], [ -86.293317580237797, 39.613272741923701 ], [ -86.293750751578386, 39.613061974839141 ], [ -86.29446804612418, 39.612858028133026 ], [ -86.295289963215865, 39.612841474867182 ], [ -86.295898845985974, 39.612918823854137 ], [ -86.298487395870396, 39.613694664900684 ], [ -86.299704973076516, 39.614220463774799 ], [ -86.300488552001624, 39.61467441068752 ], [ -86.300653837928991, 39.615062413342265 ], [ -86.300653679333777, 39.615596569426295 ], [ -86.299888541621229, 39.617206921785375 ], [ -86.298779823753549, 39.618357964593741 ], [ -86.297259792913465, 39.620700890246802 ], [ -86.296495325443658, 39.621189765463726 ], [ -86.295276219444204, 39.621427379037193 ], [ -86.293539384987795, 39.621972191002207 ], [ -86.293092332572314, 39.622194235194598 ], [ -86.29262969603306, 39.622553861350816 ], [ -86.292065904580625, 39.6232977596149 ], [ -86.291970939792691, 39.623521553444114 ], [ -86.291925429076784, 39.624132450925856 ], [ -86.292250745873901, 39.624890483192765 ], [ -86.293090755545549, 39.625965068511043 ], [ -86.294254861752322, 39.626796986837832 ], [ -86.295152265673423, 39.627749611350815 ], [ -86.296839789384137, 39.62916469450343 ], [ -86.298573390330475, 39.630400431692628 ], [ -86.2997861047008, 39.632433122498455 ], [ -86.299804706026009, 39.632745302772136 ], [ -86.299804750037453, 39.632746022956248 ] ] ] } },
{ "type": "Feature", "properties": { "fid_1": 681, "aq_system": "Till Subsystem", "aq_type": "locally discontinuous intertill or basal sand and/or gravel", "aq_thk_ft": "individual units are commonly 5 to 10 but are absent in many areas (generally about 80 percent of the wells started in this system are completed in bedrock)", "yield_gpm": "generally less than 10, domestic only; extremely limited high-capacity potential", "more_info": "http://www.in.gov/dnr/water/4302.htm", "shape_Leng": 6307.9132606499998, "Shape_Le_1": 3842.5393125700002, "Shape_Area": 390901.61262099998 }, "geometry": { "type": "Polygon", "coordinates": [ [ [ -86.399579575522893, 39.627944518373113 ], [ -86.401539905523933, 39.627424848710753 ], [ -86.402410152309258, 39.627308071794793 ], [ -86.403799965167991, 39.627281775743803 ], [ -86.40547026485828, 39.627492402683927 ], [ -86.407438004741564, 39.6280702833918 ], [ -86.408737400623949, 39.628362430471753 ], [ -86.413672712493167, 39.629190172953898 ], [ -86.416767315368034, 39.629445845641776 ], [ -86.418784772911863, 39.629221092989837 ], [ -86.419395644735189, 39.628940091941502 ], [ -86.418460031982676, 39.629715176215356 ], [ -86.4186577842638, 39.630437238026225 ], [ -86.418658194729758, 39.630437759073118 ], [ -86.417825563640577, 39.630445541412101 ], [ -86.400231094224551, 39.630677242309581 ], [ -86.400231012792617, 39.630676686855587 ], [ -86.399984193277675, 39.630132442540649 ], [ -86.399815249078458, 39.629535964645228 ], [ -86.399749389818169, 39.628797512440933 ], [ -86.399579575522893, 39.627944518373113 ] ] ] } },
{ "type": "Feature", "properties": { "fid_1": 683, "aq_system": "Till Subsystem", "aq_type": "locally discontinuous intertill or basal sand and/or gravel", "aq_thk_ft": "individual units are commonly 5 to 10 but are absent in many areas (generally about 80 percent of the wells started in this system are completed in bedrock)", "yield_gpm": "generally less than 10, domestic only; extremely limited high-capacity potential", "more_info": "http://www.in.gov/dnr/water/4302.htm", "shape_Leng": 48898.731215100001, "Shape_Le_1": 43804.8363598, "Shape_Area": 16600187.1127 }, "geometry": { "type": "Polygon", "coordinates": [ [ [ -86.283431103556936, 39.589904410069941 ], [ -86.28570775451999, 39.588051833084073 ], [ -86.288860396231755, 39.585777691473339 ], [ -86.291705213843969, 39.583211577121524 ], [ -86.292173269468051, 39.582674183840275 ], [ -86.292512860156947, 39.582004425164818 ], [ -86.292901201243239, 39.580790126648864 ], [ -86.292861675998935, 39.580149488045095 ], [ -86.2943250178635, 39.579667179587119 ], [ -86.29668466686104, 39.579165252942801 ], [ -86.300204598077627, 39.577741004379028 ], [ -86.301628172729437, 39.577668130505138 ], [ -86.30257291364363, 39.577857545852446 ], [ -86.302998173427284, 39.577854866876031 ], [ -86.304632792584599, 39.57751673491591 ], [ -86.306202391564398, 39.577033325336664 ], [ -86.306740117883706, 39.577024857178415 ], [ -86.306911328478648, 39.5771146852409 ], [ -86.307387425649281, 39.57771802040898 ], [ -86.307731090048065, 39.578446718402091 ], [ -86.307744242978373, 39.579307771968985 ], [ -86.307299144409086, 39.580458743851743 ], [ -86.3071465825291, 39.581422487457019 ], [ -86.307204503290166, 39.582299065642168 ], [ -86.307372790404912, 39.582583323833219 ], [ -86.307994883497443, 39.582947495593551 ], [ -86.308463670714602, 39.582877473048427 ], [ -86.30867414624602, 39.582242516085316 ], [ -86.309442227293161, 39.580774843891099 ], [ -86.309912308137072, 39.580226064540568 ], [ -86.310266527771461, 39.579961491484688 ], [ -86.311750948022535, 39.579395514746111 ], [ -86.31311344988984, 39.578717292711225 ], [ -86.313919502295647, 39.578407530734204 ], [ -86.315150199313933, 39.578394791947005 ], [ -86.315969379655328, 39.57852214398406 ], [ -86.316180904476653, 39.57864008450462 ], [ -86.316457327752545, 39.579008467578547 ], [ -86.316692437599087, 39.579632068993249 ], [ -86.316588296397796, 39.580144759140239 ], [ -86.315777770952977, 39.581071946283416 ], [ -86.315801067091058, 39.581731182972192 ], [ -86.315997431498715, 39.582693962119322 ], [ -86.31589959069413, 39.583415527159246 ], [ -86.315703669219957, 39.583697547475737 ], [ -86.31502650057034, 39.584263000520608 ], [ -86.314692562044797, 39.584744600489664 ], [ -86.314445925058024, 39.585302032762279 ], [ -86.314479901515725, 39.585902565080069 ], [ -86.314825530100734, 39.586754320492311 ], [ -86.315667118882658, 39.587457100729488 ], [ -86.316988581142681, 39.588896778305326 ], [ -86.317198980011867, 39.589611960260029 ], [ -86.317171305479206, 39.590445336911301 ], [ -86.317046012936956, 39.590968626271142 ], [ -86.317237832553545, 39.591448916874796 ], [ -86.317482926674643, 39.592614114009102 ], [ -86.31771054071605, 39.592975610229367 ], [ -86.318720239319944, 39.593633817695348 ], [ -86.319871640138331, 39.594237048632294 ], [ -86.320567419826418, 39.594840157408811 ], [ -86.320891438880381, 39.595446496820529 ], [ -86.321262083995137, 39.595872274300433 ], [ -86.322134470569253, 39.596364566443597 ], [ -86.322168345956356, 39.595883522393748 ], [ -86.321956279973037, 39.595336772774566 ], [ -86.321881239133262, 39.594807888050887 ], [ -86.321703455808418, 39.59427334510616 ], [ -86.32142735220161, 39.592693941928452 ], [ -86.321045212553884, 39.592032230926826 ], [ -86.321693697738397, 39.591484641870821 ], [ -86.323906786381642, 39.590030740075576 ], [ -86.329735426063706, 39.587342395134172 ], [ -86.331215665617606, 39.586182400682823 ], [ -86.331521874179373, 39.586154519590394 ], [ -86.331946406080291, 39.586366608080219 ], [ -86.332311346405291, 39.586828694726563 ], [ -86.332213819421227, 39.587687006084046 ], [ -86.332840880382733, 39.588208549735327 ], [ -86.335554043328642, 39.588959888487828 ], [ -86.335890488224393, 39.589004094664254 ], [ -86.336188962371722, 39.588568710957745 ], [ -86.336569405311366, 39.586734242349642 ], [ -86.336536593609125, 39.585189934444571 ], [ -86.336417573075181, 39.58419567078063 ], [ -86.336470437427494, 39.583348448726525 ], [ -86.336715266077647, 39.582295894675077 ], [ -86.33653191523814, 39.581025569542959 ], [ -86.336415928863431, 39.580732582967052 ], [ -86.336180696234564, 39.580570143528107 ], [ -86.334245338337325, 39.580231592447589 ], [ -86.332832497460259, 39.579724271411564 ], [ -86.332067912463387, 39.579317842197526 ], [ -86.331709620360968, 39.578877328158889 ], [ -86.331655917368465, 39.578602822871986 ], [ -86.331823095313553, 39.578171887904411 ], [ -86.332366836930944, 39.577370707505992 ], [ -86.333955194881469, 39.576470991923784 ], [ -86.33492345456456, 39.576105276129518 ], [ -86.335705628997118, 39.575979340616534 ], [ -86.336364117715789, 39.576094305126738 ], [ -86.337137894565032, 39.576348421650657 ], [ -86.338049685081344, 39.576763126810022 ], [ -86.338411345158605, 39.57700692320843 ], [ -86.339246750861932, 39.578013142200795 ], [ -86.340088470874548, 39.579524924415679 ], [ -86.340585681054804, 39.58013236265986 ], [ -86.340956846342706, 39.580402638647271 ], [ -86.341389570948579, 39.580514708264694 ], [ -86.343686577565933, 39.580793973638144 ], [ -86.344668968598796, 39.58070076828227 ], [ -86.345203097198834, 39.580538098899233 ], [ -86.345451741628352, 39.580372635363723 ], [ -86.347062607130908, 39.578278018924323 ], [ -86.347834868303224, 39.577446440270414 ], [ -86.348128484455543, 39.57693135134808 ], [ -86.34897819770157, 39.575817911246205 ], [ -86.349924805144539, 39.574843829257659 ], [ -86.350452882659326, 39.574528331008089 ], [ -86.351327371112816, 39.574190787958756 ], [ -86.354538100029117, 39.573691713792748 ], [ -86.355097996317426, 39.575061869165452 ], [ -86.355338611316057, 39.576402478165996 ], [ -86.355361054593487, 39.57816712524739 ], [ -86.356194699023206, 39.581151964911129 ], [ -86.356221971523823, 39.582282260289759 ], [ -86.356097237018929, 39.583309368341865 ], [ -86.355397516457842, 39.584426205188628 ], [ -86.355273387612613, 39.585056971151992 ], [ -86.354655463906383, 39.587747087935931 ], [ -86.35414629847989, 39.588962559920489 ], [ -86.353894950800495, 39.590417539658688 ], [ -86.353332222524628, 39.591634652212718 ], [ -86.353109805767772, 39.592655995501765 ], [ -86.352335384377596, 39.595008144842495 ], [ -86.352265582202591, 39.595721038197397 ], [ -86.351831267581446, 39.597135079367298 ], [ -86.351605491976827, 39.598342773023425 ], [ -86.351522889478119, 39.598988273475094 ], [ -86.351566446502702, 39.599614616501782 ], [ -86.351336605075218, 39.600154154378927 ], [ -86.351334275796106, 39.600876893025571 ], [ -86.351156661884914, 39.601168654518453 ], [ -86.350294130010525, 39.601739808930077 ], [ -86.349563250593192, 39.601675615420483 ], [ -86.349072079881239, 39.60150752365999 ], [ -86.348084668900469, 39.601004703869336 ], [ -86.346508332223706, 39.599927592876696 ], [ -86.344762185053554, 39.598351864950573 ], [ -86.34421908123754, 39.597673874092941 ], [ -86.344036084496182, 39.597217692109389 ], [ -86.343650785711588, 39.596707592859687 ], [ -86.342956917845456, 39.594308801008069 ], [ -86.342692703835553, 39.593687141441997 ], [ -86.342350908048104, 39.593375833431018 ], [ -86.342047802173227, 39.593218828142064 ], [ -86.341530127817336, 39.593140682841778 ], [ -86.341141265736525, 39.593231938075633 ], [ -86.339932408400088, 39.594095789588046 ], [ -86.339584902718698, 39.594509403397169 ], [ -86.339151153357477, 39.595202933100133 ], [ -86.338605022814733, 39.596404057417175 ], [ -86.338172166594219, 39.596927654600677 ], [ -86.337467952469282, 39.598043282833657 ], [ -86.33645021040698, 39.599974536400779 ], [ -86.33536503003873, 39.601781823540833 ], [ -86.334634713044949, 39.602859767890621 ], [ -86.333603684301281, 39.604154764895391 ], [ -86.331916111083174, 39.606069439484763 ], [ -86.330752024983695, 39.607086718902131 ], [ -86.328771337676798, 39.608644733093044 ], [ -86.32779379506583, 39.609310780724265 ], [ -86.326955262558911, 39.609680565042417 ], [ -86.3266597056585, 39.609952856378676 ], [ -86.326461160867566, 39.610494037695815 ], [ -86.326424084991586, 39.611455847906853 ], [ -86.326496095274237, 39.611921143178982 ], [ -86.326270830105827, 39.612632616692501 ], [ -86.325801091866438, 39.613608095336289 ], [ -86.325109807260901, 39.614005260107561 ], [ -86.324860382139846, 39.613992464236972 ], [ -86.324030525141595, 39.613708280219029 ], [ -86.323733933310663, 39.613706971315558 ], [ -86.323156710511512, 39.61385821285662 ], [ -86.322871271386603, 39.614110748611317 ], [ -86.322985622705218, 39.615474207867109 ], [ -86.323780829062557, 39.616551735870658 ], [ -86.326139900948149, 39.619098836844444 ], [ -86.326820502063654, 39.619547895819096 ], [ -86.328497997612374, 39.62102239417343 ], [ -86.329850718834166, 39.6219995191477 ], [ -86.331214873399958, 39.622575467506842 ], [ -86.333495524959986, 39.623740895086769 ], [ -86.335345042229591, 39.624312009997084 ], [ -86.337083229533604, 39.624985110671851 ], [ -86.338555613494307, 39.625214220052328 ], [ -86.340027926396502, 39.625291785512353 ], [ -86.342387342822107, 39.625237603120645 ], [ -86.344042620716266, 39.625469379329409 ], [ -86.345213832434411, 39.625715039295883 ], [ -86.345923367938482, 39.62603324454912 ], [ -86.346176098968598, 39.626365722759815 ], [ -86.34632445729217, 39.626775670051003 ], [ -86.346512023287573, 39.626941022264987 ], [ -86.347187488423017, 39.627111565080938 ], [ -86.347723191131024, 39.627100839913346 ], [ -86.348682602826344, 39.626841692189487 ], [ -86.350049241504237, 39.62595573891376 ], [ -86.351355402521406, 39.625289341007871 ], [ -86.352694107429187, 39.624188053684165 ], [ -86.354565556692222, 39.623130732834227 ], [ -86.354970819041242, 39.622785230987098 ], [ -86.355254096608022, 39.62269106025407 ], [ -86.355882120096325, 39.622277185947929 ], [ -86.356842659082702, 39.621782069340199 ], [ -86.358314486538632, 39.621116176008158 ], [ -86.36003809784853, 39.620104328878135 ], [ -86.362902010697468, 39.618611738387003 ], [ -86.36415980593307, 39.618181510305 ], [ -86.365567179666627, 39.617854300054766 ], [ -86.36622048101033, 39.6177807585211 ], [ -86.367636420962015, 39.616997776867684 ], [ -86.368017348550651, 39.616238799522932 ], [ -86.36809257472774, 39.615775570354231 ], [ -86.368577974276022, 39.614850041556153 ], [ -86.368596731265981, 39.614341795005281 ], [ -86.368852347815249, 39.613416954759522 ], [ -86.369297545279267, 39.612742625799626 ], [ -86.369469545700753, 39.612630685550123 ], [ -86.370065588343635, 39.613522633860448 ], [ -86.370356404150172, 39.614306344141575 ], [ -86.370428850510478, 39.615005378311693 ], [ -86.370210033478642, 39.615626213813414 ], [ -86.369719120379528, 39.616388160919314 ], [ -86.367790189643657, 39.618719788125723 ], [ -86.365840073262873, 39.620746823148501 ], [ -86.363965869141921, 39.622309876979536 ], [ -86.361391745767335, 39.624159571209404 ], [ -86.360124235530208, 39.625503898142028 ], [ -86.358962356941817, 39.626476476455466 ], [ -86.356323507670893, 39.627854266227459 ], [ -86.353151900454321, 39.629162628012111 ], [ -86.351191846591547, 39.630070502531034 ], [ -86.348558335659078, 39.630907621764706 ], [ -86.347125947341468, 39.631627469217065 ], [ -86.346866988429355, 39.631709189076041 ], [ -86.346660407206585, 39.63177644954483 ], [ -86.346659615478444, 39.631777123564937 ], [ -86.345320009088809, 39.631812042366242 ], [ -86.341385905824495, 39.631877659265172 ], [ -86.341384909807815, 39.631877014790327 ], [ -86.339050146580334, 39.6308846310151 ], [ -86.338462927399988, 39.630735658177514 ], [ -86.337693356390787, 39.630605216746368 ], [ -86.334485437743695, 39.630385036530136 ], [ -86.331549527967098, 39.630485116415159 ], [ -86.330061021265905, 39.630723527204061 ], [ -86.328787536842924, 39.630791717860824 ], [ -86.326955578848597, 39.631057543003493 ], [ -86.324149000171957, 39.631652574268955 ], [ -86.32332606754801, 39.631951810276895 ], [ -86.322852681616013, 39.632216330218249 ], [ -86.322852693495378, 39.632217024077306 ], [ -86.320932772370938, 39.632266250044722 ], [ -86.320932090315722, 39.6322655729914 ], [ -86.320278513177954, 39.631795625564273 ], [ -86.319529109383055, 39.630810230078943 ], [ -86.319210438527037, 39.62993648614075 ], [ -86.318807442473712, 39.628432349333004 ], [ -86.318614907448577, 39.627240436498845 ], [ -86.318875766244375, 39.6260701228614 ], [ -86.319338808177861, 39.625034827199968 ], [ -86.319427350713383, 39.62456855104287 ], [ -86.319372599014741, 39.623613024689639 ], [ -86.319205276462313, 39.623223750288432 ], [ -86.318043635031728, 39.621893990425015 ], [ -86.316620695083557, 39.620484527767786 ], [ -86.315645008108874, 39.619811117565519 ], [ -86.314171242303999, 39.618960201947466 ], [ -86.313023855786582, 39.617850145153447 ], [ -86.311470491121597, 39.616821736506466 ], [ -86.310275016512165, 39.615818567142917 ], [ -86.309847266437671, 39.615356987407033 ], [ -86.309342888156024, 39.614561007081512 ], [ -86.308872240731773, 39.6133835154263 ], [ -86.308807400678347, 39.612790326143333 ], [ -86.30939650480029, 39.612083118219914 ], [ -86.309701233347909, 39.611930771392949 ], [ -86.311839088981799, 39.611897526140275 ], [ -86.313203402749721, 39.611462710535598 ], [ -86.314014595682778, 39.611348361906558 ], [ -86.314445996855952, 39.611375412717031 ], [ -86.31517686462476, 39.611566556853461 ], [ -86.31581769389409, 39.611585231007837 ], [ -86.316257570765458, 39.6099846318657 ], [ -86.316148912707675, 39.608650928964465 ], [ -86.315827376062529, 39.607373188524498 ], [ -86.314850419270911, 39.605065615605952 ], [ -86.31402300555537, 39.603754270014562 ], [ -86.311133528936296, 39.600483830729161 ], [ -86.310557730769347, 39.599999488765384 ], [ -86.310037583746237, 39.599306939068342 ], [ -86.309791757399069, 39.598708262584175 ], [ -86.309647889669364, 39.597807580285135 ], [ -86.308879875035927, 39.595812317927731 ], [ -86.308677475042742, 39.594826045630981 ], [ -86.308769735471444, 39.594005363335889 ], [ -86.308693547133728, 39.593569339014849 ], [ -86.308306930673425, 39.592961872257369 ], [ -86.307764103690161, 39.592406585819383 ], [ -86.307024722906888, 39.592042306612448 ], [ -86.306597671839327, 39.591964581355079 ], [ -86.30459546032057, 39.592114937265798 ], [ -86.303163841320128, 39.592389118340641 ], [ -86.302193276497462, 39.592470013322043 ], [ -86.300172257201183, 39.592554756110566 ], [ -86.297919073261099, 39.592365999353923 ], [ -86.297298684362318, 39.592095596182979 ], [ -86.295360238068582, 39.590109315849695 ], [ -86.295126374099567, 39.590002203731132 ], [ -86.29442592272126, 39.590065504568571 ], [ -86.293582036007862, 39.590435374558282 ], [ -86.292362492875441, 39.590685163003194 ], [ -86.291749017221477, 39.590630020518574 ], [ -86.29075514995391, 39.590247170519071 ], [ -86.289467177509962, 39.590162882524439 ], [ -86.288621914317034, 39.589957885403606 ], [ -86.288083899025466, 39.589978495519432 ], [ -86.287345467563981, 39.5902375348048 ], [ -86.287020437146069, 39.590754958975261 ], [ -86.286980744069226, 39.591354989284 ], [ -86.287059497402353, 39.59164066224475 ], [ -86.287398425354496, 39.592127259748906 ], [ -86.288351458812031, 39.593032010230019 ], [ -86.288836882672555, 39.593744898789637 ], [ -86.289417093535278, 39.595013547388007 ], [ -86.290595438102443, 39.597075809091706 ], [ -86.291202685085665, 39.598498452411718 ], [ -86.291860317346888, 39.599429744482386 ], [ -86.292242266919374, 39.6001469927823 ], [ -86.29248343632095, 39.600403488119127 ], [ -86.292842931186129, 39.600698450012302 ], [ -86.293290049678646, 39.600923365258659 ], [ -86.294820763461004, 39.601323575660849 ], [ -86.296706362867255, 39.60144051175854 ], [ -86.297651130005619, 39.601613009117877 ], [ -86.298879153738511, 39.602130863805201 ], [ -86.300294926365908, 39.602581300450694 ], [ -86.300930189763605, 39.602982328889105 ], [ -86.30112575192183, 39.60322272239533 ], [ -86.30112275861633, 39.603464992987455 ], [ -86.300833203506642, 39.604071051903432 ], [ -86.299906794280076, 39.604763278041361 ], [ -86.298868774507412, 39.605238134716224 ], [ -86.297471133844169, 39.605331095556529 ], [ -86.295110631052182, 39.605346052831727 ], [ -86.291971372864367, 39.605159849647748 ], [ -86.291107411781212, 39.604873281119637 ], [ -86.29043320145324, 39.604337775637489 ], [ -86.289117124534485, 39.60251874531528 ], [ -86.287712718023769, 39.600801916124361 ], [ -86.286970109730746, 39.600085159666733 ], [ -86.286538338315907, 39.599809809881798 ], [ -86.285134797530532, 39.599269471842462 ], [ -86.283544697138481, 39.59828375999605 ], [ -86.282603893389563, 39.597480332912831 ], [ -86.282235537029791, 39.596923818419711 ], [ -86.281987043615217, 39.596407568968537 ], [ -86.281881705004679, 39.595768552792265 ], [ -86.282037857526916, 39.594937704128178 ], [ -86.282940218158501, 39.593182959160629 ], [ -86.283720502220447, 39.592158004162364 ], [ -86.283844979375118, 39.591764816595663 ], [ -86.283676327579556, 39.59043584440743 ], [ -86.283431103556936, 39.589904410069941 ] ] ] } },
{ "type": "Feature", "properties": { "fid_1": 691, "aq_system": "Till Subsystem", "aq_type": "locally discontinuous intertill or basal sand and/or gravel", "aq_thk_ft": "individual units are commonly 5 to 10 but are absent in many areas (generally about 80 percent of the wells started in this system are completed in bedrock)", "yield_gpm": "generally less than 10, domestic only; extremely limited high-capacity potential", "more_info": "http://www.in.gov/dnr/water/4302.htm", "shape_Leng": 47066.8848411, "Shape_Le_1": 0.21720103445300001, "Shape_Area": 0.00171430999217 }, "geometry": { "type": "Polygon", "coordinates": [ [ [ -86.543547435642239, 39.600714389101171 ], [ -86.543547722882579, 39.600715167824589 ], [ -86.543547260482711, 39.600715166909076 ], [ -86.543547435642239, 39.600714389101171 ] ] ] } },
{ "type": "Feature", "properties": { "fid_1": 703, "aq_system": "Till Subsystem", "aq_type": "locally discontinuous intertill or basal sand and/or gravel", "aq_thk_ft": "individual units are commonly 5 to 10 but are absent in many areas (generally about 80 percent of the wells started in this system are completed in bedrock)", "yield_gpm": "generally less than 10, domestic only; extremely limited high-capacity potential", "more_info": "http://www.in.gov/dnr/water/4302.htm", "shape_Leng": 66785.6760908, "Shape_Le_1": 10942.0818354, "Shape_Area": 5536850.9972900003 }, "geometry": { "type": "Polygon", "coordinates": [ [ [ -86.249801745887424, 39.630650186439425 ], [ -86.250903501558994, 39.630128676036399 ], [ -86.251722127150146, 39.629646580484341 ], [ -86.253444369824749, 39.627775354702891 ], [ -86.254433612735482, 39.62626664340025 ], [ -86.255493195300048, 39.62415395057991 ], [ -86.256169266668451, 39.623054936331023 ], [ -86.257306053979136, 39.621635296279237 ], [ -86.259875605966187, 39.619108798646728 ], [ -86.261441922212811, 39.617058629569812 ], [ -86.264120224627959, 39.61298176358455 ], [ -86.265866814519256, 39.609858195390672 ], [ -86.267056733458645, 39.607986678233168 ], [ -86.26747077391731, 39.606834761569665 ], [ -86.267692073697305, 39.605757574289299 ], [ -86.268032313743078, 39.605770548710836 ], [ -86.268413222544666, 39.605676163076126 ], [ -86.26895095766659, 39.605347897563661 ], [ -86.269939875291485, 39.604406785872641 ], [ -86.271767401101059, 39.602909112125268 ], [ -86.272940746995801, 39.601628286325692 ], [ -86.27366375488819, 39.601030751943789 ], [ -86.274446222759067, 39.600585805901154 ], [ -86.275981750751896, 39.59926211597358 ], [ -86.276469456457193, 39.598999428882138 ], [ -86.27680347562972, 39.598909965670082 ], [ -86.277262190713472, 39.598965091388834 ], [ -86.277761164185009, 39.599184102361455 ], [ -86.27844662393376, 39.600029167375915 ], [ -86.278731818027197, 39.600569480494009 ], [ -86.2794412708149, 39.603239316661359 ], [ -86.279409806198842, 39.604019378875201 ], [ -86.279491910006143, 39.604642276145768 ], [ -86.280096974394681, 39.606224096778377 ], [ -86.280339625466368, 39.607972697907883 ], [ -86.279784501007654, 39.609798415430362 ], [ -86.278471269521191, 39.612085017066711 ], [ -86.278082924732516, 39.612912597411601 ], [ -86.277243156508248, 39.613973827077956 ], [ -86.277020664389724, 39.614693607415433 ], [ -86.277157569483165, 39.615142881385751 ], [ -86.277597573457271, 39.615533132701756 ], [ -86.280626211659921, 39.616849762045106 ], [ -86.281295358382181, 39.617272649385903 ], [ -86.28170528370876, 39.617693160023144 ], [ -86.28189516191874, 39.618195487472335 ], [ -86.28204093830503, 39.619879095552434 ], [ -86.282033342024576, 39.621224660692029 ], [ -86.281962081495607, 39.621370027877155 ], [ -86.281360329045057, 39.621780775236275 ], [ -86.280495712000047, 39.622698845926713 ], [ -86.279025434419481, 39.624838231778774 ], [ -86.278436729978552, 39.625423923664307 ], [ -86.277600053028692, 39.626506580787684 ], [ -86.275660917962199, 39.628694330590633 ], [ -86.274251239952505, 39.62985941099565 ], [ -86.273264658792641, 39.630476928387758 ], [ -86.272143917526293, 39.631399024058481 ], [ -86.270408058064021, 39.632455087294339 ], [ -86.269732306759778, 39.633104705845362 ], [ -86.269688801439102, 39.63323719185874 ], [ -86.269688046184669, 39.633237981813281 ], [ -86.268988926837707, 39.633248922441247 ], [ -86.250026766418884, 39.633862378187374 ], [ -86.249832952445388, 39.633870136923299 ], [ -86.249801745887424, 39.630650186439425 ] ] ] } },
{ "type": "Feature", "properties": { "fid_1": 923, "aq_system": "Till", "aq_type": "regionally discontinuous intertill or basal sand and/or gravel", "aq_thk_ft": "individual units are commonly 5 to 15 but are absent in some areas (generally about 40% of the wells started in this system are completed in bedrock)", "yield_gpm": "generally 10 to 25 domestic; typically 200 for large-diameter high-capacity wells", "more_info": "http://www.in.gov/dnr/water/4302.htm", "shape_Leng": 3020.3845618599998, "Shape_Le_1": 3020.3845618599998, "Shape_Area": 471701.70726200001 }, "geometry": { "type": "Polygon", "coordinates": [ [ [ -86.255203905670527, 39.370598938121532 ], [ -86.256619095850837, 39.370394323750851 ], [ -86.257174879467712, 39.370033707316992 ], [ -86.258594966229722, 39.368843159084996 ], [ -86.259924530314535, 39.368380346412685 ], [ -86.260701720293696, 39.367956854229547 ], [ -86.261532287487029, 39.36770506798365 ], [ -86.262669996050164, 39.367112477375819 ], [ -86.264500703046608, 39.366224356444235 ], [ -86.264677485999201, 39.366139826596616 ], [ -86.26438155745268, 39.367059037595091 ], [ -86.264290332521043, 39.367698103729417 ], [ -86.263980609077564, 39.368448893965457 ], [ -86.26377845302504, 39.36893892651684 ], [ -86.263314347778177, 39.370063894887551 ], [ -86.263037704744377, 39.370734446523102 ], [ -86.262543043191641, 39.371310263955024 ], [ -86.262037057161422, 39.372185334291125 ], [ -86.261683121238363, 39.372797431306182 ], [ -86.261308805775172, 39.373444755503286 ], [ -86.260499563336666, 39.374039240416259 ], [ -86.259629300743143, 39.374678531374059 ], [ -86.25932297901393, 39.374903549736082 ], [ -86.258332665824042, 39.375375005100985 ], [ -86.257419657398472, 39.37558339985361 ], [ -86.256700284313766, 39.375750180781608 ], [ -86.255569892469239, 39.375635854189092 ], [ -86.255130825765207, 39.375397411150338 ], [ -86.254804202946616, 39.374966894383213 ], [ -86.254617395738578, 39.374365901095111 ], [ -86.25436932793167, 39.373567799420861 ], [ -86.254384969467282, 39.3728649184091 ], [ -86.254639949460014, 39.372245331273881 ], [ -86.254753982053998, 39.371903318924033 ], [ -86.254981587370338, 39.371262134622818 ], [ -86.255203905670527, 39.370598938121532 ] ] ] } },
{ "type": "Feature", "properties": { "fid_1": 933, "aq_system": "Till", "aq_type": "regionally discontinuous intertill or basal sand and/or gravel", "aq_thk_ft": "individual units are commonly 5 to 15 but are absent in some areas (generally about 40% of the wells started in this system are completed in bedrock)", "yield_gpm": "generally 10 to 25 domestic; typically 200 for large-diameter high-capacity wells", "more_info": "http://www.in.gov/dnr/water/4302.htm", "shape_Leng": 7266.2773031899997, "Shape_Le_1": 7266.2773031899997, "Shape_Area": 2439996.4958899999 }, "geometry": { "type": "Polygon", "coordinates": [ [ [ -86.333537767773123, 39.486833498196482 ], [ -86.333634463459816, 39.486500323886418 ], [ -86.333644383967794, 39.485456667406595 ], [ -86.333600103294856, 39.483108112923944 ], [ -86.333469949061069, 39.482817340882754 ], [ -86.332887367663744, 39.483064837552249 ], [ -86.332231833235738, 39.483770520974211 ], [ -86.33156566621183, 39.484176140698168 ], [ -86.330143306148315, 39.484590107448604 ], [ -86.329066513424294, 39.484544663908729 ], [ -86.329293649775195, 39.482523222599781 ], [ -86.330112301973614, 39.48050149774933 ], [ -86.331253966922716, 39.479071195569141 ], [ -86.332837189372256, 39.47733724194341 ], [ -86.334795680820534, 39.47369594092806 ], [ -86.335224198128245, 39.473286037414731 ], [ -86.335737303705201, 39.472980814800032 ], [ -86.336304868287442, 39.473107002089314 ], [ -86.33752712741024, 39.473559460091209 ], [ -86.339137986496027, 39.474285627022276 ], [ -86.341258773355008, 39.475851421920332 ], [ -86.343480249732622, 39.477091386120918 ], [ -86.344520957725052, 39.478045172815733 ], [ -86.345579620152336, 39.47977880897799 ], [ -86.3466156567399, 39.480541516112005 ], [ -86.347166988683426, 39.481583000526804 ], [ -86.347149419237908, 39.482746320879947 ], [ -86.346776441882795, 39.483891839620767 ], [ -86.345038330035152, 39.485880971164029 ], [ -86.343488986636132, 39.487214074582987 ], [ -86.342660812827575, 39.488617290238224 ], [ -86.342482813793282, 39.489407169094875 ], [ -86.343009185026517, 39.491421252480308 ], [ -86.343061134974704, 39.492507607917887 ], [ -86.342841269123525, 39.494366332435447 ], [ -86.3422425826178, 39.495394993326499 ], [ -86.340437195734395, 39.496806020895555 ], [ -86.33946797635015, 39.497422509597314 ], [ -86.339174393271776, 39.497024981649631 ], [ -86.338571033739939, 39.496620691167237 ], [ -86.337772557445945, 39.49632728833226 ], [ -86.336738099109411, 39.496175591511779 ], [ -86.335872594340543, 39.49593163737137 ], [ -86.335333864600202, 39.495856479609891 ], [ -86.334557659480353, 39.495538958281678 ], [ -86.333698829443506, 39.495006421685481 ], [ -86.332942958125429, 39.494207665788835 ], [ -86.332560730973057, 39.493312670447231 ], [ -86.332563194032033, 39.492702160095206 ], [ -86.332966505460135, 39.490342628653494 ], [ -86.333432332528275, 39.488802762752499 ], [ -86.333537767773123, 39.486833498196482 ] ] ] } },
{ "type": "Feature", "properties": { "fid_1": 948, "aq_system": "Till", "aq_type": "regionally discontinuous intertill or basal sand and/or gravel", "aq_thk_ft": "individual units are commonly 5 to 15 but are absent in some areas (generally about 40% of the wells started in this system are completed in bedrock)", "yield_gpm": "generally 10 to 25 domestic; typically 200 for large-diameter high-capacity wells", "more_info": "http://www.in.gov/dnr/water/4302.htm", "shape_Leng": 4514.4080684099999, "Shape_Le_1": 4514.4080684099999, "Shape_Area": 788100.50522499997 }, "geometry": { "type": "Polygon", "coordinates": [ [ [ -86.371703847996599, 39.584294881677899 ], [ -86.371296531159331, 39.58388788963908 ], [ -86.371081559008402, 39.58334488184132 ], [ -86.371020804637297, 39.581537339917297 ], [ -86.371127797230997, 39.580254453780491 ], [ -86.371647172591011, 39.578760769635139 ], [ -86.372787772898263, 39.577016748963892 ], [ -86.373725773914529, 39.576304975290533 ], [ -86.373822987664795, 39.575909793865947 ], [ -86.373797214835903, 39.57513901409164 ], [ -86.37364016723707, 39.574820771391479 ], [ -86.373233780932097, 39.57438353021054 ], [ -86.372133801100503, 39.573443293276888 ], [ -86.371451977018509, 39.572951957508515 ], [ -86.371303246607681, 39.572294426198695 ], [ -86.37146180528535, 39.571732122504343 ], [ -86.372075712916072, 39.571161598943341 ], [ -86.372811908292434, 39.570802040416403 ], [ -86.373781290212591, 39.570784796264732 ], [ -86.37539809284678, 39.570952082606212 ], [ -86.375755617190336, 39.570935257585845 ], [ -86.376140964894276, 39.570791089513548 ], [ -86.3769144228866, 39.570124151261297 ], [ -86.377005954676008, 39.57113578661022 ], [ -86.377376346369161, 39.573036673350302 ], [ -86.377602615681639, 39.573716092977989 ], [ -86.378494351810133, 39.575691460167015 ], [ -86.378739092356156, 39.577030479589993 ], [ -86.378684734262976, 39.577823566491716 ], [ -86.378418189936255, 39.579081460283554 ], [ -86.378036125029212, 39.579956575097313 ], [ -86.377663729353458, 39.580471675694341 ], [ -86.377116158506709, 39.581887762643106 ], [ -86.376737973308977, 39.582651931910341 ], [ -86.376585359399186, 39.583269726996882 ], [ -86.376563460617078, 39.58414845829963 ], [ -86.376681090373879, 39.58466757094029 ], [ -86.37716494590326, 39.585510994865345 ], [ -86.377678528525976, 39.586177806419052 ], [ -86.375550735709069, 39.585916465839077 ], [ -86.37292134874221, 39.584674776854541 ], [ -86.371703847996599, 39.584294881677899 ] ] ] } },
{ "type": "Feature", "properties": { "fid_1": 961, "aq_system": "Till", "aq_type": "regionally discontinuous intertill or basal sand and/or gravel", "aq_thk_ft": "individual units are commonly 5 to 15 but are absent in some areas (generally about 40% of the wells started in this system are completed in bedrock)", "yield_gpm": "generally 10 to 25 domestic; typically 200 for large-diameter high-capacity wells", "more_info": "http://www.in.gov/dnr/water/4302.htm", "shape_Leng": 19209.124190499999, "Shape_Le_1": 19209.124190499999, "Shape_Area": 3046970.2974100001 }, "geometry": { "type": "Polygon", "coordinates": [ [ [ -86.441220813247199, 39.615426010868688 ], [ -86.442504324831248, 39.614957962958158 ], [ -86.442950530856365, 39.614684109001075 ], [ -86.443356861761401, 39.614243313618886 ], [ -86.443915410138857, 39.613369217221994 ], [ -86.444346321902799, 39.612301960528228 ], [ -86.444799707275521, 39.610246872776685 ], [ -86.444928286719431, 39.609316556912468 ], [ -86.444895410479333, 39.607084803445268 ], [ -86.445216205111592, 39.606117988623566 ], [ -86.446450335075923, 39.604824085192071 ], [ -86.447981128418093, 39.603527203608735 ], [ -86.449862706441252, 39.601740744172915 ], [ -86.45147034781796, 39.600569962117 ], [ -86.453466933086176, 39.599304667892461 ], [ -86.454538893206148, 39.598782800682464 ], [ -86.456777265897884, 39.598123644252617 ], [ -86.458978136252711, 39.597306395903232 ], [ -86.460758075482815, 39.596558864496473 ], [ -86.462029704118493, 39.59577664124371 ], [ -86.462611784964281, 39.595222290170909 ], [ -86.463252105000976, 39.59426428245574 ], [ -86.463722304880321, 39.5926286717458 ], [ -86.464251085211373, 39.59235942426718 ], [ -86.466335421756227, 39.591254631198012 ], [ -86.466747940163131, 39.590866828562206 ], [ -86.467568998655977, 39.589764606270442 ], [ -86.467999660464031, 39.588120388858385 ], [ -86.468290940322035, 39.585690241527047 ], [ -86.468184069344758, 39.583253066507702 ], [ -86.468344158830902, 39.580667731669564 ], [ -86.468613127898493, 39.579967528873162 ], [ -86.470947801644186, 39.576294508354302 ], [ -86.473571261282331, 39.571575014997023 ], [ -86.474549812236845, 39.570222346914186 ], [ -86.476425733842262, 39.568188073550992 ], [ -86.477368244175807, 39.566932141488842 ], [ -86.477933723534761, 39.566008023182228 ], [ -86.478702328705339, 39.565087020810395 ], [ -86.480411250929933, 39.563765379604064 ], [ -86.481249423349013, 39.563449755264493 ], [ -86.481613108907609, 39.564359850094853 ], [ -86.481649501180996, 39.565783800435817 ], [ -86.481814806412103, 39.566627788376763 ], [ -86.482051820228975, 39.568897875962563 ], [ -86.482250069809524, 39.569751266071684 ], [ -86.482489376937579, 39.5703432476869 ], [ -86.482871685972867, 39.570948853679134 ], [ -86.484037192572501, 39.572343985752838 ], [ -86.484481919624571, 39.573493031822053 ], [ -86.48432560479597, 39.574235733885928 ], [ -86.48363066497609, 39.575309724579583 ], [ -86.483326862998737, 39.575572238238699 ], [ -86.482110904179578, 39.576246812961244 ], [ -86.481878807845519, 39.576710898429546 ], [ -86.480279202400439, 39.575973079322218 ], [ -86.478782878447561, 39.576197711342161 ], [ -86.477932761797845, 39.576618005388397 ], [ -86.477082632591461, 39.577038293106753 ], [ -86.476511571716912, 39.577320608903371 ], [ -86.475034760939664, 39.577723058992817 ], [ -86.474133616133656, 39.578297316307498 ], [ -86.472992040132908, 39.57902476485301 ], [ -86.471953227265843, 39.579686706730072 ], [ -86.471266307875396, 39.580124407307615 ], [ -86.470395030643417, 39.580679563721894 ], [ -86.469923086596665, 39.581632508731801 ], [ -86.469555508937944, 39.582374697771179 ], [ -86.469661925456421, 39.583212087337273 ], [ -86.469809989948914, 39.584377161493549 ], [ -86.470293220947582, 39.58537406849625 ], [ -86.470137283855607, 39.586221575298516 ], [ -86.469936170668291, 39.587314592153184 ], [ -86.469432605423322, 39.590051220299983 ], [ -86.468703515566759, 39.591273490727303 ], [ -86.468085110878121, 39.592310169262518 ], [ -86.467686259843049, 39.593967707349883 ], [ -86.467244945447888, 39.595801616755153 ], [ -86.466567481198979, 39.596892778611668 ], [ -86.465945082469219, 39.597895215732159 ], [ -86.46527312706796, 39.598977427780099 ], [ -86.464000965367688, 39.60011960928432 ], [ -86.461852011754942, 39.600880779902695 ], [ -86.460848927372979, 39.601236057006318 ], [ -86.460150058113314, 39.601836763824707 ], [ -86.458653413712454, 39.602022575726146 ], [ -86.457109930751187, 39.601822596771292 ], [ -86.455223328933585, 39.600888439737595 ], [ -86.454074345067411, 39.60123004335253 ], [ -86.453028906566928, 39.601540849050316 ], [ -86.451973266909434, 39.60222258641241 ], [ -86.451039220936252, 39.602825777814672 ], [ -86.450248105200913, 39.603336653962806 ], [ -86.44907134308788, 39.603635403397313 ], [ -86.448415481779662, 39.604634726211643 ], [ -86.447819377065557, 39.605542971506964 ], [ -86.447600586973792, 39.606828498569129 ], [ -86.447372788847957, 39.608166905169107 ], [ -86.447253980148986, 39.608864935456452 ], [ -86.446932366356435, 39.61075441572703 ], [ -86.446596454189532, 39.612727775563854 ], [ -86.446300138038623, 39.614468426299027 ], [ -86.445541046336956, 39.615081050858294 ], [ -86.443907651906642, 39.616399228990147 ], [ -86.443105380264953, 39.617046650149142 ], [ -86.442275138273104, 39.617716622972665 ], [ -86.440930558011658, 39.618801606026423 ], [ -86.440128673038004, 39.619874472422609 ], [ -86.439775845362917, 39.620346520278439 ], [ -86.439207393940251, 39.621107031274789 ], [ -86.43781900374843, 39.621906732903568 ], [ -86.436432797602976, 39.622705140779075 ], [ -86.435540338900381, 39.623219148373366 ], [ -86.434266480622824, 39.623952796265186 ], [ -86.433199889306167, 39.624567049400767 ], [ -86.433077558912046, 39.62462608087413 ], [ -86.431955878032312, 39.624304526390198 ], [ -86.428940080907239, 39.623305042472211 ], [ -86.428463189191064, 39.623107067310308 ], [ -86.428175142111655, 39.62288239338411 ], [ -86.427931857603085, 39.622478513346863 ], [ -86.426969234604186, 39.618554147801305 ], [ -86.426347272115876, 39.617950929360774 ], [ -86.42558917663365, 39.617631153145354 ], [ -86.425693998500392, 39.617515059901407 ], [ -86.425877079130927, 39.617460064819355 ], [ -86.426443065691259, 39.617421649988337 ], [ -86.427095146774903, 39.617248737455206 ], [ -86.42800335565066, 39.617175313031332 ], [ -86.428653626422772, 39.617528749159682 ], [ -86.428852630163988, 39.617886722615154 ], [ -86.42906768052238, 39.618499688935167 ], [ -86.42926750730787, 39.618748685951161 ], [ -86.430048322665968, 39.618947570876188 ], [ -86.43115665791845, 39.61895465015148 ], [ -86.432651612757027, 39.618670757088502 ], [ -86.433743785360562, 39.618345790070812 ], [ -86.436062651157471, 39.6174716933117 ], [ -86.436820483919789, 39.616972746083327 ], [ -86.438097640834542, 39.61635507114066 ], [ -86.441220813247199, 39.615426010868688 ] ] ] } },
{ "type": "Feature", "properties": { "fid_1": 1351, "aq_system": "Alluvial, Lacustrine, and Backwater Deposits", "aq_type": "alluvial and/or lacustrine fine sand and gravel", "aq_thk_ft": "individual units, if present, are generally less than 5 (almost all of the wells started in this system are completed in bedrock)", "yield_gpm": "generally less than 5; dry holes common", "more_info": "http://www.in.gov/dnr/water/4302.htm", "shape_Leng": 7925.28166246, "Shape_Le_1": 5145.6567819499996, "Shape_Area": 643040.21814400004 }, "geometry": { "type": "Polygon", "coordinates": [ [ [ -86.385061499394695, 39.353754958107579 ], [ -86.385733896081661, 39.353292086929066 ], [ -86.387137857553242, 39.351851136264067 ], [ -86.387838955006671, 39.350624824466941 ], [ -86.388257784499402, 39.349381411935163 ], [ -86.388175396565444, 39.348441155053635 ], [ -86.387710727125295, 39.34697087568405 ], [ -86.386983294258386, 39.345655449105905 ], [ -86.386667666068021, 39.344748169295812 ], [ -86.386561660118105, 39.343523368111498 ], [ -86.386655205413263, 39.343017880218881 ], [ -86.386919342712929, 39.342575664952996 ], [ -86.387646541555426, 39.341901610106127 ], [ -86.389333496627728, 39.340848865621162 ], [ -86.389906986755292, 39.340372014950574 ], [ -86.390254361115566, 39.339827558969013 ], [ -86.39035780581986, 39.33967974279475 ], [ -86.39389713528594, 39.339615545000285 ], [ -86.393896343750711, 39.339616770843101 ], [ -86.39389632728799, 39.339616795987425 ], [ -86.391300386265712, 39.341587963484997 ], [ -86.389042122777809, 39.343000128520792 ], [ -86.388763030552923, 39.343404526850819 ], [ -86.388613394546184, 39.344255524479664 ], [ -86.388661210284738, 39.344499740025526 ], [ -86.389530591957708, 39.346016085901255 ], [ -86.390952966575568, 39.347564344546235 ], [ -86.391654921794697, 39.348611803675567 ], [ -86.393257049453851, 39.350473841376882 ], [ -86.394223391228564, 39.35218295503995 ], [ -86.394524036753751, 39.35309120066588 ], [ -86.394529280667314, 39.35382993130586 ], [ -86.394272862912644, 39.355284065063756 ], [ -86.393930815493235, 39.356568785938947 ], [ -86.392115959865123, 39.355661661468851 ], [ -86.388132045902765, 39.354340196004514 ], [ -86.385931694755044, 39.353829278597203 ], [ -86.385061499394695, 39.353754958107579 ] ] ] } },
{ "type": "Feature", "properties": { "fid_1": 1352, "aq_system": "Alluvial, Lacustrine, and Backwater Deposits", "aq_type": "alluvial and/or lacustrine fine sand and gravel", "aq_thk_ft": "individual units, if present, are generally less than 5 (almost all of the wells started in this system are completed in bedrock)", "yield_gpm": "generally less than 5; dry holes common", "more_info": "http://www.in.gov/dnr/water/4302.htm", "shape_Leng": 14076.2211286, "Shape_Le_1": 8191.8591398400004, "Shape_Area": 1077615.44747 }, "geometry": { "type": "Polygon", "coordinates": [ [ [ -86.538799017819727, 39.362985153234284 ], [ -86.539128524125388, 39.362230346940564 ], [ -86.539357137746123, 39.361865348526592 ], [ -86.539401896354306, 39.361700401196558 ], [ -86.53960436698253, 39.361387825988203 ], [ -86.539863465844547, 39.360839947096387 ], [ -86.539867318674141, 39.360435476500911 ], [ -86.538277779564808, 39.35951285612451 ], [ -86.536403408225382, 39.358030070300927 ], [ -86.536215816115586, 39.357796353700621 ], [ -86.535963279478779, 39.357191741608851 ], [ -86.535283931841079, 39.355939112524958 ], [ -86.534983420654655, 39.35552169947384 ], [ -86.534720033605993, 39.355255067615786 ], [ -86.533646264190295, 39.35452487842025 ], [ -86.532750548399676, 39.353757962700094 ], [ -86.531446739165247, 39.351700982913137 ], [ -86.530850277503973, 39.350061857854712 ], [ -86.530191072227609, 39.348756431836762 ], [ -86.529639918521369, 39.348005303711183 ], [ -86.528312200254234, 39.346737525875547 ], [ -86.527698223094305, 39.346284012339567 ], [ -86.527316848510026, 39.345905260185823 ], [ -86.526486732431792, 39.345344099133342 ], [ -86.5261380304471, 39.345176362044974 ], [ -86.525084933266299, 39.344834672615306 ], [ -86.524030619290329, 39.344258998853832 ], [ -86.523279873148027, 39.343726507094466 ], [ -86.522107957871455, 39.342427478977989 ], [ -86.520983033515989, 39.341557349159089 ], [ -86.517304599891389, 39.338861005983688 ], [ -86.518227009867374, 39.33887812302828 ], [ -86.518222026075122, 39.338864586246835 ], [ -86.521306853894288, 39.3389178625496 ], [ -86.521575088677977, 39.338921325329551 ], [ -86.521597071813915, 39.339197012760316 ], [ -86.521790222317009, 39.339682710182188 ], [ -86.522171516938499, 39.339987032529031 ], [ -86.523313560449466, 39.340624766829016 ], [ -86.524447792886562, 39.340976350823823 ], [ -86.525907214477385, 39.341591065623724 ], [ -86.526991164766358, 39.342203797994436 ], [ -86.529125041758334, 39.343880770080332 ], [ -86.533495867676564, 39.346704688159413 ], [ -86.535679804135611, 39.348676280946897 ], [ -86.536047346098371, 39.349145020222132 ], [ -86.536273022525535, 39.349741238697447 ], [ -86.536271679319341, 39.352383068455993 ], [ -86.536346354114798, 39.352812823815817 ], [ -86.536523598529783, 39.353158904688918 ], [ -86.537420016865369, 39.35408928985958 ], [ -86.539676320731118, 39.356028379923345 ], [ -86.540185559381101, 39.357169116221392 ], [ -86.540931463573386, 39.35843214149785 ], [ -86.5413057364579, 39.358892516418308 ], [ -86.542937833030621, 39.360400619453273 ], [ -86.546071165037844, 39.362056915424958 ], [ -86.546335670883664, 39.362196726649898 ], [ -86.546683287866628, 39.36277981366127 ], [ -86.546705331699613, 39.363354200737263 ], [ -86.545415022181473, 39.362781454220865 ], [ -86.543496981034878, 39.362318930902354 ], [ -86.54269771627439, 39.362386948002253 ], [ -86.539258164449933, 39.36296921089167 ], [ -86.538799017819727, 39.362985153234284 ] ] ] } },
{ "type": "Feature", "properties": { "fid_1": 1353, "aq_system": "Alluvial, Lacustrine, and Backwater Deposits", "aq_type": "alluvial and/or lacustrine fine sand and gravel", "aq_thk_ft": "individual units, if present, are generally less than 5 (almost all of the wells started in this system are completed in bedrock)", "yield_gpm": "generally less than 5; dry holes common", "more_info": "http://www.in.gov/dnr/water/4302.htm", "shape_Leng": 12212.0306213, "Shape_Le_1": 8705.31455284, "Shape_Area": 1165599.01572 }, "geometry": { "type": "Polygon", "coordinates": [ [ [ -86.479300601770305, 39.370262330271899 ], [ -86.479928368880593, 39.369286367178191 ], [ -86.480813680772528, 39.36685391905732 ], [ -86.481552276191124, 39.365223022969197 ], [ -86.481701169513983, 39.364149467066994 ], [ -86.482011174372943, 39.363157200063164 ], [ -86.482185549973991, 39.361827725872196 ], [ -86.482627257389595, 39.359941127202021 ], [ -86.482570353340563, 39.358556794957423 ], [ -86.48236652519924, 39.357440885586605 ], [ -86.482327406273726, 39.356746881727169 ], [ -86.482099246562214, 39.356169371727859 ], [ -86.481640643994581, 39.355547519570649 ], [ -86.480780971861094, 39.354657568293632 ], [ -86.480047582099232, 39.354231933018369 ], [ -86.477251914202768, 39.352355887510491 ], [ -86.479181178587524, 39.350797730986891 ], [ -86.479910771391161, 39.350106096166797 ], [ -86.479353797562808, 39.349599635139079 ], [ -86.478968250337942, 39.34900074899052 ], [ -86.478180055508275, 39.346505113634656 ], [ -86.477761837294452, 39.345508213530756 ], [ -86.477376942884334, 39.344918244439981 ], [ -86.476713837391245, 39.343622450519192 ], [ -86.476333050556434, 39.343049393255264 ], [ -86.475813412116068, 39.341862922459185 ], [ -86.475246713446452, 39.34084583558424 ], [ -86.474270002447142, 39.339850478410092 ], [ -86.473670570280376, 39.339324531885062 ], [ -86.472174807684823, 39.338396088776243 ], [ -86.472032261865124, 39.338311070951519 ], [ -86.474455969274416, 39.338335363067408 ], [ -86.474456454114346, 39.338336474480769 ], [ -86.475709840667136, 39.33929590033727 ], [ -86.476522847108171, 39.339732958107952 ], [ -86.47723672221106, 39.340246265443135 ], [ -86.477706555364335, 39.340765273043033 ], [ -86.478057692989736, 39.341381448301462 ], [ -86.478740235040775, 39.343389860786878 ], [ -86.479535331949052, 39.345403708130938 ], [ -86.480330108398206, 39.347025974372691 ], [ -86.480590151047551, 39.347737663059824 ], [ -86.481800036361818, 39.349962304064896 ], [ -86.48251002992059, 39.351056317822675 ], [ -86.483439009515408, 39.353060416924905 ], [ -86.48467375069724, 39.3546469848187 ], [ -86.485638220617304, 39.355356572090216 ], [ -86.486215027391054, 39.355928903796524 ], [ -86.487919539892943, 39.357786161953818 ], [ -86.488275804997357, 39.358279180585889 ], [ -86.488349043285581, 39.358924401440035 ], [ -86.488114306368956, 39.360113394470062 ], [ -86.487622417558526, 39.361563914807554 ], [ -86.487116991373782, 39.362514400410582 ], [ -86.486219169748068, 39.364620884474697 ], [ -86.48569114626639, 39.36636436619019 ], [ -86.485459904076905, 39.368206349821897 ], [ -86.485808885981797, 39.369406720926321 ], [ -86.48580209269565, 39.369651703892984 ], [ -86.485471355754413, 39.369661360318574 ], [ -86.484857738090838, 39.369578990879873 ], [ -86.483706957246952, 39.369517124332724 ], [ -86.483109948200493, 39.369544058929556 ], [ -86.482050034356988, 39.369704503485025 ], [ -86.479813573495079, 39.370311542335408 ], [ -86.479546397909118, 39.370322039104266 ], [ -86.479300601770305, 39.370262330271899 ] ] ] } },
{ "type": "Feature", "properties": { "fid_1": 1356, "aq_system": "Alluvial, Lacustrine, and Backwater Deposits", "aq_type": "alluvial and/or lacustrine fine sand and gravel", "aq_thk_ft": "individual units, if present, are generally less than 5 (almost all of the wells started in this system are completed in bedrock)", "yield_gpm": "generally less than 5; dry holes common", "more_info": "http://www.in.gov/dnr/water/4302.htm", "shape_Leng": 6434.9935590100004, "Shape_Le_1": 6434.9935590100004, "Shape_Area": 933423.00203199999 }, "geometry": { "type": "Polygon", "coordinates": [ [ [ -86.543574383457326, 39.415836061567909 ], [ -86.544463494902402, 39.415327339364808 ], [ -86.544643944544291, 39.414998630607371 ], [ -86.544702217244037, 39.414460981865844 ], [ -86.54499646017085, 39.414526109650559 ], [ -86.545393917250408, 39.414732875836314 ], [ -86.546662112091084, 39.415751223680246 ], [ -86.547313969612048, 39.41616323154927 ], [ -86.54766808558152, 39.416537342890265 ], [ -86.548032271511858, 39.41713161536277 ], [ -86.548420346785079, 39.418603808081166 ], [ -86.548279492370028, 39.419708209560646 ], [ -86.547947914727828, 39.420841548039782 ], [ -86.547877419119899, 39.421511092377088 ], [ -86.547879089202411, 39.422065362748441 ], [ -86.54805772414052, 39.422895184188782 ], [ -86.548836408351477, 39.425293977762081 ], [ -86.549177442621058, 39.425961634247628 ], [ -86.549640367929371, 39.42647191413409 ], [ -86.550840918515902, 39.42730957708438 ], [ -86.5512261386109, 39.427727059902651 ], [ -86.551352687328389, 39.428125555203877 ], [ -86.551083620345835, 39.429589442303964 ], [ -86.551186863961604, 39.430176075401029 ], [ -86.551499195445743, 39.430803930120192 ], [ -86.551523015108103, 39.43184726146724 ], [ -86.551384965316245, 39.432002967202934 ], [ -86.54967678959504, 39.433053694977104 ], [ -86.549147513127835, 39.433501805006628 ], [ -86.549137349425536, 39.434840664012142 ], [ -86.548347871146134, 39.436147829281097 ], [ -86.548208767642137, 39.436509750494288 ], [ -86.548197646348399, 39.436745709986987 ], [ -86.548391512309976, 39.437405974784717 ], [ -86.548264997945921, 39.438152760641223 ], [ -86.548079678782912, 39.438447085495227 ], [ -86.547656090278835, 39.438564846818103 ], [ -86.547032396099098, 39.438513741549606 ], [ -86.546324830311818, 39.438229181220294 ], [ -86.546005673167983, 39.437935530438089 ], [ -86.545673400292358, 39.437240150174311 ], [ -86.545452868417485, 39.43579379876202 ], [ -86.545367720614237, 39.433310294687331 ], [ -86.545802821302445, 39.431286554126324 ], [ -86.546879584495912, 39.430253132220912 ], [ -86.547890026095374, 39.429514801098023 ], [ -86.547966258091989, 39.428682217179123 ], [ -86.547885865874633, 39.428295925071161 ], [ -86.547475407520352, 39.427682404855467 ], [ -86.546956139930643, 39.427224364203894 ], [ -86.545901463875424, 39.426849617180274 ], [ -86.545317483451996, 39.426560456167977 ], [ -86.542688833885776, 39.425961878631249 ], [ -86.541888328916855, 39.425549884544004 ], [ -86.54128084993593, 39.424997417088022 ], [ -86.541145561815412, 39.424766579625548 ], [ -86.541270542068844, 39.424048824337866 ], [ -86.542014298626583, 39.422975985874253 ], [ -86.54346614466148, 39.421368442889822 ], [ -86.545222891229841, 39.419694228791101 ], [ -86.545446357871214, 39.419259504795363 ], [ -86.545429253172571, 39.418223841009599 ], [ -86.545007899571317, 39.417360041845782 ], [ -86.543574383457326, 39.415836061567909 ] ] ] } },
{ "type": "Feature", "properties": { "fid_1": 1358, "aq_system": "Alluvial, Lacustrine, and Backwater Deposits", "aq_type": "alluvial and/or lacustrine fine sand and gravel", "aq_thk_ft": "individual units, if present, are generally less than 5 (almost all of the wells started in this system are completed in bedrock)", "yield_gpm": "generally less than 5; dry holes common", "more_info": "http://www.in.gov/dnr/water/4302.htm", "shape_Leng": 13228.469923799999, "Shape_Le_1": 13228.469923799999, "Shape_Area": 1806280.7111800001 }, "geometry": { "type": "Polygon", "coordinates": [ [ [ -86.472097185082831, 39.426993810918496 ], [ -86.472493721384481, 39.427055876447142 ], [ -86.47340910407523, 39.427371312933758 ], [ -86.474428806880297, 39.427547876084112 ], [ -86.475635860187836, 39.42738142792907 ], [ -86.476098996029791, 39.427165145951335 ], [ -86.476483490521332, 39.426862511745462 ], [ -86.47787978614133, 39.425097710681243 ], [ -86.477905430168875, 39.426244397008709 ], [ -86.47817063796424, 39.427163677522174 ], [ -86.478378663507272, 39.427512080823043 ], [ -86.478655676864875, 39.430320010633729 ], [ -86.479160961905961, 39.431754326855859 ], [ -86.479620766341498, 39.433464324947437 ], [ -86.480541412079859, 39.435513077389075 ], [ -86.480876899765747, 39.436058104098116 ], [ -86.481906217698977, 39.43851649972931 ], [ -86.484631242722912, 39.443847486404124 ], [ -86.485594229780546, 39.44526519304133 ], [ -86.486297825663158, 39.446116853908677 ], [ -86.487277338380864, 39.44721003871021 ], [ -86.4882608357631, 39.448073108446373 ], [ -86.489322011618725, 39.448744343810731 ], [ -86.49093445561202, 39.449412635850024 ], [ -86.495977337009464, 39.450854381531315 ], [ -86.498068414670882, 39.451316843880612 ], [ -86.500154198243081, 39.45198359885854 ], [ -86.500764448741634, 39.452078624452604 ], [ -86.501642443621563, 39.45176283747665 ], [ -86.502658468557556, 39.450942738306395 ], [ -86.503603684696685, 39.449665500730895 ], [ -86.50402403892376, 39.448789958594354 ], [ -86.504608507950422, 39.448381903357181 ], [ -86.504856428194756, 39.448679159880051 ], [ -86.504952130402145, 39.449024499162363 ], [ -86.505020978250357, 39.449808901326044 ], [ -86.5049641023883, 39.451815115426832 ], [ -86.505260498272833, 39.452660998711188 ], [ -86.505919913544702, 39.45332970426459 ], [ -86.507785190398607, 39.454210721389657 ], [ -86.509038314390054, 39.454709457708617 ], [ -86.510111257188427, 39.455330727070276 ], [ -86.510399048372463, 39.455661407446442 ], [ -86.510456164452975, 39.456053145222938 ], [ -86.510357546637664, 39.456390378331157 ], [ -86.510184535210641, 39.456614692763253 ], [ -86.509763803369069, 39.456891834566648 ], [ -86.50944561646601, 39.456994313742811 ], [ -86.508977958676425, 39.457004919900974 ], [ -86.508113976112639, 39.456808631674186 ], [ -86.507283081084324, 39.457349325782104 ], [ -86.505840520501394, 39.458520768453361 ], [ -86.505416867885742, 39.458614453588325 ], [ -86.504971395820007, 39.458233302947505 ], [ -86.504444333975698, 39.45725055657087 ], [ -86.504164144578326, 39.456427493571219 ], [ -86.504141012430807, 39.455899355812392 ], [ -86.503814748574072, 39.455289750742594 ], [ -86.503159424684256, 39.454723990594864 ], [ -86.502108032954737, 39.454376292816264 ], [ -86.500452656681432, 39.454130846331658 ], [ -86.499796878058604, 39.454123797286051 ], [ -86.498486748776514, 39.454364481173769 ], [ -86.497895049097693, 39.454300712057716 ], [ -86.497645507941897, 39.454176036266155 ], [ -86.49715844941781, 39.453656945511831 ], [ -86.496161871906381, 39.452840662433388 ], [ -86.495489251395782, 39.452415444747416 ], [ -86.494645458672835, 39.452042239215039 ], [ -86.493242813481331, 39.452075431275112 ], [ -86.492403300691251, 39.452325885107619 ], [ -86.491524509703254, 39.452469772249515 ], [ -86.490689293436191, 39.45288229684251 ], [ -86.490096090859439, 39.45284419319448 ], [ -86.489455494212606, 39.452597688009988 ], [ -86.489152331577941, 39.452190587607923 ], [ -86.486272417176266, 39.449430500406969 ], [ -86.485677058668998, 39.449051541893759 ], [ -86.485124168541475, 39.448866608651763 ], [ -86.483035694936177, 39.448576825883229 ], [ -86.482141405618222, 39.448512738731786 ], [ -86.48186742950017, 39.448554066527429 ], [ -86.481576783564577, 39.448810412050456 ], [ -86.481309623942963, 39.449206165273289 ], [ -86.480933499542772, 39.450459781014821 ], [ -86.480643291038831, 39.450991112904049 ], [ -86.480259313256795, 39.451546157160465 ], [ -86.479605312958071, 39.452255222021364 ], [ -86.478972224698126, 39.452557671531338 ], [ -86.478179566482964, 39.452633074832093 ], [ -86.477913303623268, 39.452595936669354 ], [ -86.477413038286826, 39.452304241163468 ], [ -86.477275404279638, 39.451999944388938 ], [ -86.476994596852819, 39.451684661345737 ], [ -86.476863894714171, 39.451302004051669 ], [ -86.476915065410523, 39.450210537886989 ], [ -86.477501871833709, 39.449473740732415 ], [ -86.4780503542258, 39.449124922116326 ], [ -86.478535133387538, 39.448625482625673 ], [ -86.479124903052494, 39.448248404749194 ], [ -86.480514630734774, 39.447114849061002 ], [ -86.480842560323438, 39.446178999950533 ], [ -86.480786427204578, 39.444865087686139 ], [ -86.480566082333539, 39.444221116769604 ], [ -86.479809541515152, 39.442983956099418 ], [ -86.477938026566179, 39.44060209802592 ], [ -86.477424424630939, 39.43962846953076 ], [ -86.476981181947622, 39.438175695400773 ], [ -86.476700308309091, 39.435381472143078 ], [ -86.476417651957348, 39.433772374918526 ], [ -86.475233668349048, 39.429820449289743 ], [ -86.474727201857803, 39.429222367835578 ], [ -86.473558174649455, 39.42850269150442 ], [ -86.472097185082831, 39.426993810918496 ] ] ] } },
{ "type": "Feature", "properties": { "fid_1": 1360, "aq_system": "Alluvial, Lacustrine, and Backwater Deposits", "aq_type": "alluvial and/or lacustrine fine sand and gravel", "aq_thk_ft": "individual units, if present, are generally less than 5 (almost all of the wells started in this system are completed in bedrock)", "yield_gpm": "generally less than 5; dry holes common", "more_info": "http://www.in.gov/dnr/water/4302.htm", "shape_Leng": 7153.6480408300004, "Shape_Le_1": 7153.6480408300004, "Shape_Area": 813278.93840099999 }, "geometry": { "type": "Polygon", "coordinates": [ [ [ -86.435196196227267, 39.485721497768573 ], [ -86.43606259532568, 39.48499595271344 ], [ -86.436832469165495, 39.484524048334777 ], [ -86.43782740566138, 39.483784586512051 ], [ -86.438052815860473, 39.483530550339125 ], [ -86.438532177805797, 39.483177175577246 ], [ -86.43887420384506, 39.482714851271183 ], [ -86.438963482801, 39.482469283928886 ], [ -86.438979561917563, 39.482369387930454 ], [ -86.439180306480509, 39.482601111338759 ], [ -86.439273215030227, 39.482977795656716 ], [ -86.439809596639961, 39.483458629863129 ], [ -86.440582758055228, 39.484467978751333 ], [ -86.441712109464206, 39.486504112256299 ], [ -86.441867710535021, 39.487056502157799 ], [ -86.44178493776802, 39.487850136899588 ], [ -86.441914094653555, 39.488456406898244 ], [ -86.441939666716564, 39.489150082572181 ], [ -86.442075712625609, 39.489466814412552 ], [ -86.443303464028176, 39.490493175035418 ], [ -86.445049507590014, 39.491334533752472 ], [ -86.44649226342851, 39.492271153384024 ], [ -86.44778538743391, 39.493283163485643 ], [ -86.449379828756193, 39.49470484362179 ], [ -86.449862911462219, 39.495246927410982 ], [ -86.450483509828473, 39.495797374869838 ], [ -86.451363814554327, 39.49676986785741 ], [ -86.452331492833622, 39.498073139444223 ], [ -86.453223829059439, 39.49970955782139 ], [ -86.45345298243771, 39.500307355762835 ], [ -86.453739994615361, 39.501742371681132 ], [ -86.454678137100728, 39.504681506460642 ], [ -86.455178084878497, 39.505505347084913 ], [ -86.455967514304007, 39.506546520143786 ], [ -86.456303375906117, 39.507282656362818 ], [ -86.456299697336121, 39.507656456520778 ], [ -86.456196297265365, 39.507904669676996 ], [ -86.455633068290695, 39.508308204203075 ], [ -86.454999044237582, 39.508400141252672 ], [ -86.454484630367432, 39.508347719533113 ], [ -86.453611942849335, 39.507887013954104 ], [ -86.452818197948744, 39.507336947820036 ], [ -86.452164968465553, 39.505375451916564 ], [ -86.451506776199338, 39.503932378778231 ], [ -86.450632646749909, 39.501023057258067 ], [ -86.450322220208548, 39.500455807221456 ], [ -86.449246926558772, 39.499163726986893 ], [ -86.449191440625839, 39.498891605564999 ], [ -86.448223659662673, 39.497548646106381 ], [ -86.446750960275779, 39.495863289756016 ], [ -86.446249321718696, 39.494930648834341 ], [ -86.445654012319196, 39.494341719965078 ], [ -86.444888975609985, 39.493679363915007 ], [ -86.444104983337624, 39.493113093953404 ], [ -86.442502923230222, 39.492317367829003 ], [ -86.440110206560178, 39.490933138235917 ], [ -86.439826911959869, 39.490543435071501 ], [ -86.439657594341682, 39.489739929355281 ], [ -86.439443267944228, 39.489278612186233 ], [ -86.439235763621113, 39.488224883382557 ], [ -86.438986217128459, 39.4876891550552 ], [ -86.437805850653803, 39.48670661656579 ], [ -86.437068266293068, 39.486221537637654 ], [ -86.436285349549109, 39.485877951692999 ], [ -86.435196196227267, 39.485721497768573 ] ] ] } },
{ "type": "Feature", "properties": { "fid_1": 1490, "aq_system": "Dissected Till and Residuum / Till Veneer / Unglaciated Southern Hills and Lowlands (southern IN only)", "aq_type": "residual, intertill, or basal fine-grained sand and gravel and/or weathered bedrock", "aq_thk_ft": "individual units, if present, are generally less than 3 (almost all of the wells started in these systems are completed in bedrock)", "yield_gpm": "generally less than 5; dry holes common", "more_info": "http://www.in.gov/dnr/water/4302.htm", "shape_Leng": 4183.4080836200001, "Shape_Le_1": 4183.4080836200001, "Shape_Area": 505159.634356 }, "geometry": { "type": "Polygon", "coordinates": [ [ [ -86.383675872025364, 39.364477387132204 ], [ -86.383888088934313, 39.364594051332951 ], [ -86.384955374616624, 39.365483749172306 ], [ -86.385685674198385, 39.365924541214468 ], [ -86.386810471253114, 39.367079769497408 ], [ -86.387358219574537, 39.368007646374416 ], [ -86.387761323125957, 39.369063826870843 ], [ -86.388152470053498, 39.370526465241277 ], [ -86.388189770905328, 39.371088130384962 ], [ -86.388431853925667, 39.37153154616265 ], [ -86.389268120984369, 39.372362907700932 ], [ -86.390980715011992, 39.373672115303812 ], [ -86.392595810626062, 39.37515455505396 ], [ -86.393066324335805, 39.375681174621846 ], [ -86.395265416038413, 39.377862011299975 ], [ -86.396155184108551, 39.37885726349846 ], [ -86.396285558486753, 39.379167106918096 ], [ -86.395417595814592, 39.378869185951437 ], [ -86.393918526769255, 39.378197268610514 ], [ -86.3919497105868, 39.377571536750445 ], [ -86.389554749200144, 39.376512985249782 ], [ -86.387264278425505, 39.3754252391374 ], [ -86.3868801786749, 39.37511302261057 ], [ -86.38636883505616, 39.37454090488675 ], [ -86.385329412857374, 39.372978456303905 ], [ -86.384479600389184, 39.371426074989941 ], [ -86.383828071249766, 39.370491789521793 ], [ -86.383559293837209, 39.368846349277696 ], [ -86.383741765789836, 39.367476802548254 ], [ -86.383666573593388, 39.366853473168113 ], [ -86.383725186347334, 39.365397074587293 ], [ -86.38360530650219, 39.364672016400483 ], [ -86.383675872025364, 39.364477387132204 ] ] ] } },
{ "type": "Feature", "properties": { "fid_1": 1491, "aq_system": "Dissected Till and Residuum / Till Veneer / Unglaciated Southern Hills and Lowlands (southern IN only)", "aq_type": "residual, intertill, or basal fine-grained sand and gravel and/or weathered bedrock", "aq_thk_ft": "individual units, if present, are generally less than 3 (almost all of the wells started in these systems are completed in bedrock)", "yield_gpm": "generally less than 5; dry holes common", "more_info": "http://www.in.gov/dnr/water/4302.htm", "shape_Leng": 5146.0429927499999, "Shape_Le_1": 5146.0429927499999, "Shape_Area": 1731866.9709399999 }, "geometry": { "type": "Polygon", "coordinates": [ [ [ -86.472697234051054, 39.38146061766588 ], [ -86.473519183016478, 39.381372764816881 ], [ -86.474231632683825, 39.381708703236022 ], [ -86.475384931947204, 39.383028215998081 ], [ -86.476903989013493, 39.383971341142505 ], [ -86.477875537325417, 39.384698491651051 ], [ -86.481396839985763, 39.386896083306539 ], [ -86.483916131369128, 39.388635701425088 ], [ -86.483532616556985, 39.390133157211977 ], [ -86.48182753642314, 39.391266864250191 ], [ -86.48053901891754, 39.39198000492491 ], [ -86.47847506760634, 39.392825757029549 ], [ -86.477141773738865, 39.393204575713384 ], [ -86.474676127932653, 39.394759409679629 ], [ -86.473957953797367, 39.395002544506369 ], [ -86.47251788435895, 39.395123393190985 ], [ -86.468921257386654, 39.39520067878189 ], [ -86.466518276482788, 39.395141381953664 ], [ -86.465039220414639, 39.395029075867534 ], [ -86.463541204725658, 39.394538160579494 ], [ -86.463552195735161, 39.393736107707028 ], [ -86.46336522955167, 39.392583527861291 ], [ -86.463493987196856, 39.392044236486221 ], [ -86.463438769939273, 39.390104029050207 ], [ -86.463551633003604, 39.389775399432779 ], [ -86.46397492417924, 39.389362446507619 ], [ -86.465079623892763, 39.388667385604123 ], [ -86.465939078385489, 39.387889517685934 ], [ -86.4668779708648, 39.38594581432303 ], [ -86.468067697461976, 39.384000895097273 ], [ -86.469387098054924, 39.383218470761371 ], [ -86.471272946217951, 39.382538228746839 ], [ -86.472697234051054, 39.38146061766588 ] ] ] } },
{ "type": "Feature", "properties": { "fid_1": 1492, "aq_system": "Dissected Till and Residuum / Till Veneer / Unglaciated Southern Hills and Lowlands (southern IN only)", "aq_type": "residual, intertill, or basal fine-grained sand and gravel and/or weathered bedrock", "aq_thk_ft": "individual units, if present, are generally less than 3 (almost all of the wells started in these systems are completed in bedrock)", "yield_gpm": "generally less than 5; dry holes common", "more_info": "http://www.in.gov/dnr/water/4302.htm", "shape_Leng": 2179.3256233699999, "Shape_Le_1": 2179.3256233699999, "Shape_Area": 353388.686911 }, "geometry": { "type": "Polygon", "coordinates": [ [ [ -86.423085638167564, 39.405339512431311 ], [ -86.422376628804642, 39.405216658389122 ], [ -86.421324685833568, 39.405214052874669 ], [ -86.420608229038166, 39.405044988616901 ], [ -86.419550276733204, 39.404475807653235 ], [ -86.418409141763433, 39.403669678268074 ], [ -86.418134193465193, 39.40335536304395 ], [ -86.417891411030524, 39.40286969506105 ], [ -86.417695039773619, 39.4014814501489 ], [ -86.417851259933101, 39.400537095598764 ], [ -86.418181641817881, 39.400119338782311 ], [ -86.41838939659381, 39.400047080451714 ], [ -86.419403974806073, 39.399932028845896 ], [ -86.419851140442432, 39.399805822642698 ], [ -86.421514019477044, 39.39954572056029 ], [ -86.423029967337953, 39.399870895200216 ], [ -86.423990383439872, 39.400300423210183 ], [ -86.424335481150464, 39.400400876225625 ], [ -86.424779180376547, 39.400729492272319 ], [ -86.425081182350254, 39.401141607379344 ], [ -86.425312859749553, 39.402081067427368 ], [ -86.425654262207857, 39.402890223258503 ], [ -86.425823404787664, 39.403612789909069 ], [ -86.425831008167449, 39.404108205493145 ], [ -86.425506059052253, 39.404682429055981 ], [ -86.425196771492651, 39.405010798027675 ], [ -86.424581192708089, 39.40523629635927 ], [ -86.423803148136159, 39.405325947141321 ], [ -86.423085638167564, 39.405339512431311 ] ] ] } },
{ "type": "Feature", "properties": { "fid_1": 1493, "aq_system": "Dissected Till and Residuum / Till Veneer / Unglaciated Southern Hills and Lowlands (southern IN only)", "aq_type": "residual, intertill, or basal fine-grained sand and gravel and/or weathered bedrock", "aq_thk_ft": "individual units, if present, are generally less than 3 (almost all of the wells started in these systems are completed in bedrock)", "yield_gpm": "generally less than 5; dry holes common", "more_info": "http://www.in.gov/dnr/water/4302.htm", "shape_Leng": 2989.5742153800002, "Shape_Le_1": 2989.5742153800002, "Shape_Area": 599408.36614000006 }, "geometry": { "type": "Polygon", "coordinates": [ [ [ -86.540842383493114, 39.407310731512688 ], [ -86.541031665013023, 39.404301412391703 ], [ -86.540839757360743, 39.403448267934287 ], [ -86.540803651771256, 39.402886343187028 ], [ -86.540956553037418, 39.40182335788159 ], [ -86.541306798741942, 39.400749016595661 ], [ -86.541760922039899, 39.400114308825678 ], [ -86.542365199489225, 39.399709272956585 ], [ -86.542976077317491, 39.399402087901876 ], [ -86.543642165632804, 39.399269407100199 ], [ -86.544529360549319, 39.39924278438049 ], [ -86.545511910207068, 39.399716648198009 ], [ -86.545891408013034, 39.400011307867757 ], [ -86.546396366036177, 39.400257138240278 ], [ -86.547088495614886, 39.400394608288472 ], [ -86.547511233762819, 39.400588817719871 ], [ -86.548601034793975, 39.401461385083877 ], [ -86.549055321239607, 39.401981123854085 ], [ -86.549412237998709, 39.402555667850166 ], [ -86.549724595556441, 39.403680013930334 ], [ -86.549771069770301, 39.404695849211159 ], [ -86.54997389946179, 39.405720154628774 ], [ -86.549804120939669, 39.40631209007843 ], [ -86.549543396407529, 39.406668363033916 ], [ -86.549073140642179, 39.40693292378684 ], [ -86.548404857483732, 39.406945763321517 ], [ -86.547503874149129, 39.407112953442116 ], [ -86.54664876680323, 39.40706308881424 ], [ -86.545725620128309, 39.407226943950128 ], [ -86.545195707817953, 39.407234865517864 ], [ -86.544430646631824, 39.407510605514688 ], [ -86.543521949239448, 39.407685976599168 ], [ -86.541889478980849, 39.408231751618544 ], [ -86.541165237293896, 39.408211872749916 ], [ -86.540931677403805, 39.40789064286362 ], [ -86.540842383493114, 39.407310731512688 ] ] ] } },
{ "type": "Feature", "properties": { "fid_1": 1498, "aq_system": "Dissected Till and Residuum / Till Veneer / Unglaciated Southern Hills and Lowlands (southern IN only)", "aq_type": "residual, intertill, or basal fine-grained sand and gravel and/or weathered bedrock", "aq_thk_ft": "individual units, if present, are generally less than 3 (almost all of the wells started in these systems are completed in bedrock)", "yield_gpm": "generally less than 5; dry holes common", "more_info": "http://www.in.gov/dnr/water/4302.htm", "shape_Leng": 40686.364728599998, "Shape_Le_1": 40686.364728599998, "Shape_Area": 43959865.513800003 }, "geometry": { "type": "Polygon", "coordinates": [ [ [ -86.310225557552869, 39.364074732321697 ], [ -86.310902751861349, 39.363704216090873 ], [ -86.311938763287131, 39.363431259844354 ], [ -86.315160615801432, 39.363533156677228 ], [ -86.316320177286016, 39.363762884321105 ], [ -86.317496496118068, 39.364188978943858 ], [ -86.318541263115577, 39.364448332957785 ], [ -86.319929124044577, 39.364921888838388 ], [ -86.3215118860725, 39.366039286431416 ], [ -86.322391115659471, 39.367337191901122 ], [ -86.322793697279465, 39.368493887747611 ], [ -86.323065680592379, 39.369659281752455 ], [ -86.323073072430276, 39.37056094299831 ], [ -86.323312786079057, 39.372106006957637 ], [ -86.3236794723868, 39.37269061095153 ], [ -86.324397541637509, 39.373244087072372 ], [ -86.325199583277822, 39.373529923805052 ], [ -86.327919768410084, 39.373565016921582 ], [ -86.330376700038954, 39.373320572006278 ], [ -86.331965389263331, 39.372979234748378 ], [ -86.33651368212513, 39.372507629020888 ], [ -86.337627852051796, 39.372233796256545 ], [ -86.338572266572427, 39.371795201207469 ], [ -86.339113809063562, 39.371317131258124 ], [ -86.339307484524298, 39.371030852172979 ], [ -86.339220087482119, 39.36937043200809 ], [ -86.33937575570927, 39.368578398817732 ], [ -86.339701900022575, 39.367801029860431 ], [ -86.340828854605462, 39.366523056109294 ], [ -86.342244421107765, 39.364133586203053 ], [ -86.34282414587561, 39.36343351877106 ], [ -86.343299467825418, 39.363101823934969 ], [ -86.344461097155133, 39.363088803941565 ], [ -86.345321532274028, 39.363258329541068 ], [ -86.345841731155105, 39.363503360968053 ], [ -86.346527615559609, 39.363702153284535 ], [ -86.348235313875662, 39.36402503589936 ], [ -86.348797523467653, 39.364016791120292 ], [ -86.351510610082713, 39.363277519815661 ], [ -86.352562005866332, 39.36290302959663 ], [ -86.356267021101047, 39.360915143570459 ], [ -86.358231498359501, 39.360134232763627 ], [ -86.360358196703132, 39.358894632461372 ], [ -86.360840248031153, 39.358771104295293 ], [ -86.361075075370991, 39.358780951228617 ], [ -86.362902922165645, 39.359520960509684 ], [ -86.363901502340099, 39.359624792650706 ], [ -86.363608075778089, 39.360936935995767 ], [ -86.363632342718674, 39.361529536684372 ], [ -86.363390793505445, 39.363275472111965 ], [ -86.363363111310179, 39.364156867338316 ], [ -86.363185801819597, 39.364905636376342 ], [ -86.362803470502982, 39.365784367271736 ], [ -86.362105879110715, 39.366573350938872 ], [ -86.360689486878243, 39.367830815092113 ], [ -86.355660653031862, 39.371628689965512 ], [ -86.354590303066757, 39.372842648531289 ], [ -86.353951720848812, 39.373762915251682 ], [ -86.353634607435453, 39.375135484002698 ], [ -86.353831830158725, 39.375944841111824 ], [ -86.354693977456606, 39.377155287890119 ], [ -86.355834492746482, 39.378455138710486 ], [ -86.356764812738575, 39.379314174759358 ], [ -86.357576477567619, 39.380306620514524 ], [ -86.358039233788247, 39.380726192138489 ], [ -86.359086814655328, 39.381312803763564 ], [ -86.360497338285711, 39.382370576983959 ], [ -86.362590231981528, 39.384389574707818 ], [ -86.363022537141063, 39.384917827134501 ], [ -86.363475487198315, 39.386151112878814 ], [ -86.363759875691116, 39.38782393707163 ], [ -86.363719484610257, 39.388489831787382 ], [ -86.362881587632202, 39.390094630537789 ], [ -86.361964762438404, 39.391020021055752 ], [ -86.359093782822995, 39.3933861211612 ], [ -86.357321554214181, 39.394377523261348 ], [ -86.353260780500193, 39.397001640206057 ], [ -86.352657141910782, 39.397735080374055 ], [ -86.352401099590367, 39.398542004181401 ], [ -86.352543839610888, 39.399146472678197 ], [ -86.353354673131449, 39.401229359101947 ], [ -86.353794784128169, 39.401826705538333 ], [ -86.354634179047906, 39.402551738746475 ], [ -86.355491319337233, 39.403161853513581 ], [ -86.357196742224218, 39.404151914524377 ], [ -86.358288951135165, 39.4049503874555 ], [ -86.360601268614829, 39.40630883664339 ], [ -86.361953198283587, 39.406965480281428 ], [ -86.364412900738614, 39.408377198231889 ], [ -86.365221814436296, 39.408949359211967 ], [ -86.365625675862788, 39.4093959746439 ], [ -86.366234899483288, 39.410454995677817 ], [ -86.366321474246234, 39.410882636974513 ], [ -86.366264415223952, 39.411453096121761 ], [ -86.366052511049858, 39.411844211290806 ], [ -86.365328098345046, 39.412511634737065 ], [ -86.364917645310783, 39.412725033915514 ], [ -86.364182104392967, 39.412946357040418 ], [ -86.362844981183471, 39.413220614678416 ], [ -86.360301463713199, 39.413164034052855 ], [ -86.35902517434937, 39.413540749869966 ], [ -86.358009297077302, 39.413692500291234 ], [ -86.35651796036565, 39.413794322479802 ], [ -86.355304658373385, 39.413995801173179 ], [ -86.3533955068593, 39.414849023737652 ], [ -86.352476848146352, 39.415405094128275 ], [ -86.35124130303079, 39.416014985766218 ], [ -86.350925610587836, 39.416325518586675 ], [ -86.350323564461959, 39.417288759755586 ], [ -86.349107552242117, 39.418614744544804 ], [ -86.348549935834683, 39.419263552211078 ], [ -86.347529288070575, 39.421155041638066 ], [ -86.347157671715195, 39.422291193119371 ], [ -86.347068598405613, 39.423350928384608 ], [ -86.348683166824884, 39.427965644647394 ], [ -86.349775029802188, 39.429891865993724 ], [ -86.350420641874848, 39.431525384517748 ], [ -86.350545281538217, 39.432390108944631 ], [ -86.350473048887977, 39.433053036048648 ], [ -86.350065861217359, 39.434456976502702 ], [ -86.349802147000659, 39.434871911712804 ], [ -86.348970878104808, 39.43567503061135 ], [ -86.348376235322874, 39.436042883009435 ], [ -86.347861840310912, 39.436245445526154 ], [ -86.347423437121563, 39.436309164816848 ], [ -86.346436370396376, 39.436273980678145 ], [ -86.34527297690029, 39.436079696379856 ], [ -86.344338439204606, 39.435622441467608 ], [ -86.343455190784454, 39.434988539774189 ], [ -86.342805544692197, 39.434421711478628 ], [ -86.341970839146796, 39.433328111132873 ], [ -86.34097284097615, 39.432269748931922 ], [ -86.339915428999802, 39.431398331041954 ], [ -86.339009495009734, 39.430918198749083 ], [ -86.338424761418551, 39.430282658520717 ], [ -86.335747298620078, 39.425332458763663 ], [ -86.334755404981976, 39.424376691494324 ], [ -86.333769578952285, 39.422573563789648 ], [ -86.333082157391075, 39.421893792226861 ], [ -86.332423402649297, 39.42156216531744 ], [ -86.331525623232153, 39.421277840128958 ], [ -86.330478646337824, 39.421020548869528 ], [ -86.328093479339287, 39.420620132518003 ], [ -86.326245276692319, 39.420581270950493 ], [ -86.324776729873776, 39.421001102804453 ], [ -86.323586769849101, 39.421782807233612 ], [ -86.32325717545568, 39.422407373287221 ], [ -86.323155452143098, 39.42462307076169 ], [ -86.323421925408525, 39.42716145246051 ], [ -86.323367312177979, 39.428672162410486 ], [ -86.32234657101958, 39.434908866208815 ], [ -86.322034236891312, 39.435521766273034 ], [ -86.321393270813644, 39.436129279495255 ], [ -86.320098927613259, 39.43717728846508 ], [ -86.318241171964218, 39.43797272996764 ], [ -86.316194065503922, 39.438468878377023 ], [ -86.31502911754437, 39.438849159370129 ], [ -86.313676415121336, 39.439146710545344 ], [ -86.311425854644284, 39.439394572368279 ], [ -86.310061943966105, 39.439337953677523 ], [ -86.307893193268256, 39.438963375533739 ], [ -86.306289905617817, 39.438434638244672 ], [ -86.304166690676254, 39.438019094873219 ], [ -86.302825944789745, 39.437594550921702 ], [ -86.301273078959142, 39.436995476148503 ], [ -86.300152033601364, 39.436903206374538 ], [ -86.299390852709493, 39.437044921870452 ], [ -86.298729203295352, 39.437470669173649 ], [ -86.298124459329969, 39.438039072226566 ], [ -86.297053554821645, 39.439827574746836 ], [ -86.296889233836708, 39.440310959434839 ], [ -86.296969430565014, 39.441979998069144 ], [ -86.297459154347507, 39.443161074265568 ], [ -86.298006650377118, 39.444024492570797 ], [ -86.298039515066336, 39.444416463632557 ], [ -86.297953809989281, 39.444724925711959 ], [ -86.29747411668798, 39.445115408452395 ], [ -86.296933529026361, 39.445276064233596 ], [ -86.295362377004679, 39.445367924599012 ], [ -86.29410157170507, 39.445298417416879 ], [ -86.293192009070594, 39.445138421386972 ], [ -86.292496522417665, 39.44486121415985 ], [ -86.291523569951167, 39.444329969352474 ], [ -86.290771429142509, 39.443814807027472 ], [ -86.290254865715454, 39.443402556968827 ], [ -86.28886634775175, 39.441929626607283 ], [ -86.288040415761785, 39.441293368590316 ], [ -86.287347089664522, 39.440948566558475 ], [ -86.287061549639105, 39.440678297232743 ], [ -86.286857483294426, 39.4402401549629 ], [ -86.285678497547266, 39.438434856320356 ], [ -86.285536603441756, 39.437815468844718 ], [ -86.285061718687601, 39.436712751121014 ], [ -86.284682955051665, 39.435883186922126 ], [ -86.283831150449146, 39.434495524116805 ], [ -86.283615525346534, 39.433705926668161 ], [ -86.283233785124793, 39.432870133528823 ], [ -86.28284811621478, 39.432249435369663 ], [ -86.281945835853733, 39.431201658268066 ], [ -86.280745703490979, 39.430322076185831 ], [ -86.279120823778342, 39.429592239253218 ], [ -86.276852130302188, 39.428138917816852 ], [ -86.273449882101502, 39.426698187875175 ], [ -86.269969691217938, 39.424758810025473 ], [ -86.268575276195932, 39.424418393513903 ], [ -86.267539691086299, 39.424277521759798 ], [ -86.265689024084907, 39.423657027689487 ], [ -86.265235828725167, 39.423237175447206 ], [ -86.264851387757702, 39.422429853312927 ], [ -86.264780277846071, 39.421911774416252 ], [ -86.264842374822123, 39.421535144417568 ], [ -86.264795938488092, 39.420477488886789 ], [ -86.265021210418496, 39.419766561871263 ], [ -86.26546470519294, 39.419009109623808 ], [ -86.266585829010594, 39.418176231375597 ], [ -86.267217249672555, 39.417879004561371 ], [ -86.268365762933485, 39.417472601920295 ], [ -86.27108773942409, 39.416873848072278 ], [ -86.272384363437439, 39.416422979727457 ], [ -86.273303920358401, 39.416238205572689 ], [ -86.275617754619802, 39.41554445734819 ], [ -86.277454131415709, 39.415286942089359 ], [ -86.278067822171636, 39.415259413444559 ], [ -86.278811338270387, 39.415104359704387 ], [ -86.280403528269062, 39.415205215586418 ], [ -86.281600707222722, 39.415596560027112 ], [ -86.282375459596892, 39.415980676307491 ], [ -86.283258659511006, 39.416613114861214 ], [ -86.284595928055779, 39.417764391709461 ], [ -86.285406863352549, 39.418751052534063 ], [ -86.286351385859106, 39.419472033328674 ], [ -86.287347515040821, 39.419751921840202 ], [ -86.287870970829999, 39.420000674548142 ], [ -86.290097748487156, 39.420553764207654 ], [ -86.29329608364425, 39.421067375690846 ], [ -86.294899442637401, 39.421389776699186 ], [ -86.295737378829656, 39.421405378040618 ], [ -86.298527333004984, 39.421241525052224 ], [ -86.299598609626656, 39.420991365407659 ], [ -86.300685843969006, 39.420569544864861 ], [ -86.301693382616662, 39.419545896971698 ], [ -86.30183897270453, 39.419305906455499 ], [ -86.301914271291537, 39.418917309610187 ], [ -86.301596303985292, 39.41779774257347 ], [ -86.301221108798813, 39.417118668816457 ], [ -86.300164573137579, 39.415626751333797 ], [ -86.297480321242048, 39.412665611077614 ], [ -86.296709571694791, 39.412107561789298 ], [ -86.295820914317801, 39.411237323913269 ], [ -86.294693584553443, 39.410442653105648 ], [ -86.292898041929107, 39.409384349160142 ], [ -86.29245984830392, 39.408902906440538 ], [ -86.291696187064574, 39.408308846197201 ], [ -86.291125639307126, 39.40774681364659 ], [ -86.289674068457188, 39.405834635577477 ], [ -86.288045287057642, 39.403040422171813 ], [ -86.286281007083758, 39.401000706017832 ], [ -86.284967581940904, 39.399732851362366 ], [ -86.284491495391023, 39.399067107386749 ], [ -86.284099033616982, 39.39831732324064 ], [ -86.283723564270318, 39.397105092050936 ], [ -86.283693110824473, 39.396286441717784 ], [ -86.283978906565693, 39.395594060900549 ], [ -86.284763625869076, 39.394359607562073 ], [ -86.285695436880118, 39.392543399559251 ], [ -86.286785840161997, 39.391034737274907 ], [ -86.287507309924194, 39.3897140079794 ], [ -86.288358885925419, 39.388405145527322 ], [ -86.290056635573677, 39.383956864956396 ], [ -86.290768556947341, 39.382675482089532 ], [ -86.291540113817987, 39.380749507344945 ], [ -86.291837147117405, 39.380283363681848 ], [ -86.292878260864924, 39.379209135731543 ], [ -86.295126039944833, 39.377465168354234 ], [ -86.296229195886696, 39.376857793251325 ], [ -86.297286553575745, 39.376372900966167 ], [ -86.302816769072365, 39.374244116254232 ], [ -86.304095085416421, 39.373680025613872 ], [ -86.305699391320331, 39.372757345797339 ], [ -86.307366517972767, 39.371643387126461 ], [ -86.308015188570366, 39.371052282068028 ], [ -86.308792518981534, 39.370020281329523 ], [ -86.309700872325294, 39.368558655775537 ], [ -86.310202202839534, 39.367396820037179 ], [ -86.310356907384275, 39.366675287576307 ], [ -86.310440203370362, 39.365647002565659 ], [ -86.310379651232125, 39.364462125548961 ], [ -86.310225557552869, 39.364074732321697 ] ] ] } },
{ "type": "Feature", "properties": { "fid_1": 1504, "aq_system": "Dissected Till and Residuum / Till Veneer / Unglaciated Southern Hills and Lowlands (southern IN only)", "aq_type": "residual, intertill, or basal fine-grained sand and gravel and/or weathered bedrock", "aq_thk_ft": "individual units, if present, are generally less than 3 (almost all of the wells started in these systems are completed in bedrock)", "yield_gpm": "generally less than 5; dry holes common", "more_info": "http://www.in.gov/dnr/water/4302.htm", "shape_Leng": 5395.25509908, "Shape_Le_1": 5395.25509908, "Shape_Area": 738422.31738799997 }, "geometry": { "type": "Polygon", "coordinates": [ [ [ -86.316228250502434, 39.460134285736565 ], [ -86.316903230648521, 39.458920095014506 ], [ -86.317522830921874, 39.456419825606901 ], [ -86.317930251936801, 39.45373283209922 ], [ -86.318045642744082, 39.452312453571558 ], [ -86.318183655517558, 39.452058329589072 ], [ -86.318415460292087, 39.451906108300314 ], [ -86.318773745891264, 39.451843036099177 ], [ -86.31920190345933, 39.451874465208483 ], [ -86.32047909608329, 39.452531124449791 ], [ -86.321112183866418, 39.453201006341253 ], [ -86.32143080190032, 39.454056539657238 ], [ -86.321640867037104, 39.455684593528829 ], [ -86.321495870643176, 39.458496127205592 ], [ -86.321379334344883, 39.459220513166862 ], [ -86.320013081211002, 39.461039611107225 ], [ -86.319825696435601, 39.461494207834257 ], [ -86.3198160598686, 39.461951230691909 ], [ -86.320102117373395, 39.462308454835807 ], [ -86.321487606229468, 39.463508282968775 ], [ -86.323031186342064, 39.464685661435148 ], [ -86.323844495971144, 39.46563078797201 ], [ -86.324057802283917, 39.465992285427909 ], [ -86.324410706717416, 39.467081612975939 ], [ -86.324952055481873, 39.468078136620072 ], [ -86.32558554881463, 39.468564553908635 ], [ -86.326674529998812, 39.468972898830295 ], [ -86.327034936911787, 39.469531619146693 ], [ -86.327161275311013, 39.469727470952179 ], [ -86.327093272651609, 39.470357719271604 ], [ -86.326808379319772, 39.470739743133436 ], [ -86.325751507650182, 39.471394230649643 ], [ -86.325322904184347, 39.471258697437861 ], [ -86.324653148840724, 39.470717685384294 ], [ -86.322296214497086, 39.468370060346835 ], [ -86.321399864377412, 39.467783710361552 ], [ -86.320791818721773, 39.46758749695848 ], [ -86.319676738138298, 39.467475944202405 ], [ -86.317891678369648, 39.467620242923736 ], [ -86.317077937608303, 39.467570943371165 ], [ -86.316910092231581, 39.467194740197428 ], [ -86.316900730287387, 39.466828570233616 ], [ -86.317102493530442, 39.466310643593815 ], [ -86.317600357261455, 39.465408740626089 ], [ -86.317862579728384, 39.464433567512643 ], [ -86.318008922910792, 39.464102573147564 ], [ -86.318056276329386, 39.463764974609447 ], [ -86.317623809445763, 39.462387544111962 ], [ -86.316840164521892, 39.461289591024311 ], [ -86.31643890505174, 39.460284768936276 ], [ -86.316228250502434, 39.460134285736565 ] ] ] } },
{ "type": "Feature", "properties": { "fid_1": 1505, "aq_system": "Dissected Till and Residuum / Till Veneer / Unglaciated Southern Hills and Lowlands (southern IN only)", "aq_type": "residual, intertill, or basal fine-grained sand and gravel and/or weathered bedrock", "aq_thk_ft": "individual units, if present, are generally less than 3 (almost all of the wells started in these systems are completed in bedrock)", "yield_gpm": "generally less than 5; dry holes common", "more_info": "http://www.in.gov/dnr/water/4302.htm", "shape_Leng": 2357.8422060900002, "Shape_Le_1": 2357.8422060900002, "Shape_Area": 318338.502507 }, "geometry": { "type": "Polygon", "coordinates": [ [ [ -86.351526237467056, 39.469892853629993 ], [ -86.351425328560779, 39.470012056850543 ], [ -86.351228317537291, 39.470695398437293 ], [ -86.350652746924069, 39.471502541956184 ], [ -86.35015153377546, 39.472015079453655 ], [ -86.349290212238017, 39.472619968186791 ], [ -86.348297053299831, 39.471819345058684 ], [ -86.34686769140886, 39.470868512577837 ], [ -86.34479893128217, 39.469028032564637 ], [ -86.342857986485356, 39.466158515800771 ], [ -86.342740093806285, 39.465330260370408 ], [ -86.344713556935872, 39.465365777960457 ], [ -86.346785117502336, 39.465887553187699 ], [ -86.348400072793055, 39.466462085622517 ], [ -86.349371365576701, 39.467067426318764 ], [ -86.349735318921603, 39.467607977513318 ], [ -86.35078571321921, 39.468772757575195 ], [ -86.351526237467056, 39.469892853629993 ] ] ] } },
{ "type": "Feature", "properties": { "fid_1": 1508, "aq_system": "Dissected Till and Residuum / Till Veneer / Unglaciated Southern Hills and Lowlands (southern IN only)", "aq_type": "residual, intertill, or basal fine-grained sand and gravel and/or weathered bedrock", "aq_thk_ft": "individual units, if present, are generally less than 3 (almost all of the wells started in these systems are completed in bedrock)", "yield_gpm": "generally less than 5; dry holes common", "more_info": "http://www.in.gov/dnr/water/4302.htm", "shape_Leng": 20506.340538199998, "Shape_Le_1": 20506.340538199998, "Shape_Area": 14022022.423599999 }, "geometry": { "type": "Polygon", "coordinates": [ [ [ -86.385480996644915, 39.485625930322435 ], [ -86.385588019327642, 39.485954677333282 ], [ -86.386096105821622, 39.485482232638354 ], [ -86.386753898694508, 39.484168842737972 ], [ -86.387327545599263, 39.48342035892388 ], [ -86.387707009487229, 39.483057114974116 ], [ -86.389358799698357, 39.481890081039616 ], [ -86.389941175049728, 39.481651585053541 ], [ -86.391830921545534, 39.481315915772043 ], [ -86.393079014180415, 39.48083850114687 ], [ -86.395199123646961, 39.480588612180533 ], [ -86.396027971054878, 39.480415232897563 ], [ -86.396610516232755, 39.479899107375289 ], [ -86.397730274470646, 39.479284927662633 ], [ -86.398837257601585, 39.478432815843973 ], [ -86.39944476403187, 39.477623880101731 ], [ -86.399913517438236, 39.4764881820509 ], [ -86.400260412003064, 39.474805046152902 ], [ -86.400225381929488, 39.473986153824704 ], [ -86.400081589258733, 39.473332885076715 ], [ -86.399456440003505, 39.472261134934932 ], [ -86.397909531503927, 39.470771849084805 ], [ -86.396834021623874, 39.469950517112878 ], [ -86.395038933868364, 39.468777315675027 ], [ -86.393455174538374, 39.467190005993729 ], [ -86.392376926938937, 39.466420161248408 ], [ -86.392004836754381, 39.465914790660996 ], [ -86.391792066659022, 39.465218240372444 ], [ -86.391050496693182, 39.463999841873957 ], [ -86.390773698859732, 39.462927312957262 ], [ -86.390762308187462, 39.462582261324414 ], [ -86.390960663175775, 39.461085610392885 ], [ -86.391147451058472, 39.460516385947393 ], [ -86.391670987925863, 39.459396828977866 ], [ -86.392972781062539, 39.45856887967421 ], [ -86.393634362768012, 39.457640461879812 ], [ -86.394330612451654, 39.457520108401873 ], [ -86.395111686376879, 39.457181873543561 ], [ -86.395747560811188, 39.456803724633104 ], [ -86.396612517111151, 39.456515198622881 ], [ -86.397780893526459, 39.456321081535961 ], [ -86.398873223742072, 39.456038584210226 ], [ -86.403766467941722, 39.454037037920578 ], [ -86.407661956328312, 39.452119681889066 ], [ -86.409171863953489, 39.451029857509056 ], [ -86.410029472804069, 39.450293175863777 ], [ -86.410706665571894, 39.449549603364268 ], [ -86.412955988173735, 39.44761364310596 ], [ -86.415537917796527, 39.445050363129027 ], [ -86.416312527431387, 39.444174492811406 ], [ -86.416852682758872, 39.443054130146791 ], [ -86.41684209519633, 39.442128404007669 ], [ -86.415812198964787, 39.440858044783418 ], [ -86.413524541147652, 39.438792673577098 ], [ -86.412697364056839, 39.437742601609166 ], [ -86.411476825079077, 39.435504507255374 ], [ -86.411345059695037, 39.434568333160598 ], [ -86.411834020055338, 39.433137497291987 ], [ -86.412290293049097, 39.432330591913562 ], [ -86.4125542385015, 39.432001445460017 ], [ -86.413595627515349, 39.431079570227958 ], [ -86.415127021751474, 39.431014317095403 ], [ -86.416425058829731, 39.430699920553401 ], [ -86.418367432824866, 39.430657140836914 ], [ -86.419525183448897, 39.43074199846815 ], [ -86.420602195938571, 39.430916464634635 ], [ -86.422469387337003, 39.431365858562771 ], [ -86.4237411178662, 39.431578158906085 ], [ -86.42830344711092, 39.431869119124308 ], [ -86.429012448091328, 39.432109302875105 ], [ -86.429747507788477, 39.432616765313519 ], [ -86.430543959156353, 39.433810190504445 ], [ -86.430602250785057, 39.4343129806389 ], [ -86.430377928596243, 39.435283534499206 ], [ -86.429295983636209, 39.437875255893694 ], [ -86.428985274969676, 39.439054602078642 ], [ -86.428995904628039, 39.439830914628487 ], [ -86.429196016603399, 39.440714847865124 ], [ -86.429225339096931, 39.444030081920815 ], [ -86.428075594223927, 39.448347956876937 ], [ -86.426444697169032, 39.450862537938242 ], [ -86.426072919945966, 39.451737022303924 ], [ -86.425621482133209, 39.45250010896379 ], [ -86.42519949486578, 39.453594203665055 ], [ -86.425022002353884, 39.454451322169625 ], [ -86.424983775361582, 39.455835440348054 ], [ -86.424450598585679, 39.45874279283229 ], [ -86.424605468259074, 39.459289367330797 ], [ -86.425736864227659, 39.461167280808823 ], [ -86.425906954699599, 39.461934446504209 ], [ -86.426474687052703, 39.463540669969859 ], [ -86.42749918167182, 39.465249820945949 ], [ -86.427586900918342, 39.465837617905052 ], [ -86.427439040584119, 39.466564656538019 ], [ -86.422056227597622, 39.469854147929993 ], [ -86.418574049830852, 39.472171893713615 ], [ -86.417444570694755, 39.473239539638705 ], [ -86.416737045614838, 39.474255259859177 ], [ -86.41625771042618, 39.475291742598117 ], [ -86.415975880638655, 39.477908938906801 ], [ -86.416183248743707, 39.478863555892282 ], [ -86.417247703274455, 39.480516051288582 ], [ -86.417454660261754, 39.483250716754881 ], [ -86.417409837803987, 39.483621209183838 ], [ -86.416908468624811, 39.485304682419191 ], [ -86.41625557592441, 39.486928187885077 ], [ -86.414903989074148, 39.489011142523204 ], [ -86.414193352034886, 39.490380974601706 ], [ -86.414113265314143, 39.490780835729986 ], [ -86.414124307012045, 39.492115956955615 ], [ -86.413994637907876, 39.492552981434557 ], [ -86.413199903447747, 39.493676737456767 ], [ -86.412057100572966, 39.494465973218112 ], [ -86.410335295752986, 39.495178924352743 ], [ -86.408667260982355, 39.495689496182905 ], [ -86.407129408215482, 39.495916070858016 ], [ -86.40510018955095, 39.496048745667679 ], [ -86.403295482086563, 39.496070475773983 ], [ -86.401879208734499, 39.495948236487664 ], [ -86.400698777174256, 39.495604909677638 ], [ -86.397793554315896, 39.494365122092169 ], [ -86.394881180573478, 39.493387676967906 ], [ -86.393754890134389, 39.493243558225672 ], [ -86.393015758186877, 39.493329783492236 ], [ -86.390722808650352, 39.493364462314013 ], [ -86.388882226207627, 39.49306207890006 ], [ -86.386947230986365, 39.492295909413741 ], [ -86.386373923039415, 39.491974772397022 ], [ -86.385885768333267, 39.491517361599115 ], [ -86.385454576544603, 39.490912867852138 ], [ -86.385059270546378, 39.489192959122832 ], [ -86.384996497569205, 39.488402755117583 ], [ -86.385154723811169, 39.487434213511335 ], [ -86.385176308241782, 39.486227787263815 ], [ -86.385299376267099, 39.485739025269943 ], [ -86.385480996644915, 39.485625930322435 ] ] ] } },
{ "type": "Feature", "properties": { "fid_1": 1509, "aq_system": "Dissected Till and Residuum / Till Veneer / Unglaciated Southern Hills and Lowlands (southern IN only)", "aq_type": "residual, intertill, or basal fine-grained sand and gravel and/or weathered bedrock", "aq_thk_ft": "individual units, if present, are generally less than 3 (almost all of the wells started in these systems are completed in bedrock)", "yield_gpm": "generally less than 5; dry holes common", "more_info": "http://www.in.gov/dnr/water/4302.htm", "shape_Leng": 4373.5246011199997, "Shape_Le_1": 4373.5246011199997, "Shape_Area": 805201.54386800004 }, "geometry": { "type": "Polygon", "coordinates": [ [ [ -86.328101078852626, 39.487800943478042 ], [ -86.328989315974582, 39.487668932422643 ], [ -86.329711239171317, 39.487403409947945 ], [ -86.330220787079568, 39.48711516439888 ], [ -86.331679686762513, 39.485901079638047 ], [ -86.332321843160756, 39.485648468266191 ], [ -86.332971591214886, 39.486145874704469 ], [ -86.333537767773123, 39.486833498196482 ], [ -86.333432332528275, 39.488802762752499 ], [ -86.332966505460135, 39.490342628653494 ], [ -86.332563194032033, 39.492702160095206 ], [ -86.332560730973057, 39.493312670447231 ], [ -86.332942958125429, 39.494207665788835 ], [ -86.333698829443506, 39.495006421685481 ], [ -86.334557659480353, 39.495538958281678 ], [ -86.335333864600202, 39.495856479609891 ], [ -86.335872594340543, 39.49593163737137 ], [ -86.336738099109411, 39.496175591511779 ], [ -86.337772557445945, 39.49632728833226 ], [ -86.338571033739939, 39.496620691167237 ], [ -86.339174393271776, 39.497024981649631 ], [ -86.33946797635015, 39.497422509597314 ], [ -86.339123145256238, 39.497723047711276 ], [ -86.338536936841408, 39.498063074255967 ], [ -86.337202142461209, 39.498551386264658 ], [ -86.33496157606244, 39.499571745338478 ], [ -86.33393210939829, 39.499927088917701 ], [ -86.332665764633745, 39.500123271807674 ], [ -86.331746840816805, 39.499397554928755 ], [ -86.33093080972678, 39.498519037764119 ], [ -86.329840677744329, 39.497693673781235 ], [ -86.328435735637242, 39.496240860534009 ], [ -86.327498429812835, 39.494771215597517 ], [ -86.326700836777121, 39.493189667204049 ], [ -86.326340346531893, 39.492195631525725 ], [ -86.326297469354628, 39.491454383366715 ], [ -86.326481428992196, 39.490826195417043 ], [ -86.327885246517141, 39.488036642866369 ], [ -86.328101078852626, 39.487800943478042 ] ] ] } },
{ "type": "Feature", "properties": { "fid_1": 1515, "aq_system": "Dissected Till and Residuum / Till Veneer / Unglaciated Southern Hills and Lowlands (southern IN only)", "aq_type": "residual, intertill, or basal fine-grained sand and gravel and/or weathered bedrock", "aq_thk_ft": "individual units, if present, are generally less than 3 (almost all of the wells started in these systems are completed in bedrock)", "yield_gpm": "generally less than 5; dry holes common", "more_info": "http://www.in.gov/dnr/water/4302.htm", "shape_Leng": 15357.7094173, "Shape_Le_1": 15357.7094173, "Shape_Area": 5639743.2059000004 }, "geometry": { "type": "Polygon", "coordinates": [ [ [ -86.351409473863598, 39.539709754121375 ], [ -86.351231117845884, 39.539275445469151 ], [ -86.351121966543062, 39.538505300307079 ], [ -86.351168976075755, 39.537582223519934 ], [ -86.351067330678063, 39.536859000269992 ], [ -86.350314773081536, 39.535265435927741 ], [ -86.350216411663425, 39.534378219729668 ], [ -86.349875578726454, 39.533609904070715 ], [ -86.348653384239356, 39.531473634082772 ], [ -86.348215319449437, 39.530548885387212 ], [ -86.347168062201717, 39.528774025518508 ], [ -86.346963593842233, 39.528349935801316 ], [ -86.346694490072508, 39.527425056022693 ], [ -86.3467229528666, 39.526393789704976 ], [ -86.346991259880099, 39.524460040833702 ], [ -86.34702308511298, 39.523268841398604 ], [ -86.346891985669089, 39.520320094258572 ], [ -86.346779782460359, 39.519733076263435 ], [ -86.346464175947474, 39.519141082648048 ], [ -86.345874868738434, 39.518292121331271 ], [ -86.345292317185184, 39.517620008672743 ], [ -86.344918611382397, 39.517007891151962 ], [ -86.343683050372945, 39.515771311276488 ], [ -86.343005724535814, 39.514874739651042 ], [ -86.342544872039909, 39.513995090924389 ], [ -86.342331143495358, 39.51298385156457 ], [ -86.342414729074818, 39.512245427154831 ], [ -86.343234919514472, 39.510163709235933 ], [ -86.343866380939488, 39.509313974164137 ], [ -86.344775132577297, 39.508312925445317 ], [ -86.345294312996884, 39.50785438258923 ], [ -86.346074753090349, 39.507398519976398 ], [ -86.346736186220511, 39.507171012127614 ], [ -86.349525192118165, 39.506873696238614 ], [ -86.350658384683427, 39.506965685285138 ], [ -86.353903437906368, 39.507663291946812 ], [ -86.355931770623584, 39.508253521665338 ], [ -86.357023389673586, 39.508703093097431 ], [ -86.36164391453876, 39.510153570412157 ], [ -86.363449336312414, 39.510603228794764 ], [ -86.364392099039861, 39.511020604589973 ], [ -86.365823502584902, 39.511520511595002 ], [ -86.367640034539477, 39.512418595258112 ], [ -86.368381195680939, 39.513013226429038 ], [ -86.369188579589093, 39.51424859601417 ], [ -86.369754732889007, 39.515403178274589 ], [ -86.369933002960593, 39.515933988914739 ], [ -86.370192835126062, 39.517692915855243 ], [ -86.370140015449223, 39.518161359534353 ], [ -86.369897938360808, 39.518803678384266 ], [ -86.369633241242283, 39.519062270452416 ], [ -86.368718293663889, 39.519413767814882 ], [ -86.367688576207868, 39.51997443112208 ], [ -86.366773981856241, 39.521127485826682 ], [ -86.366247240567446, 39.521653473371366 ], [ -86.366141571518725, 39.52201579907868 ], [ -86.366197463227806, 39.52315766352654 ], [ -86.365929519307088, 39.525143147120801 ], [ -86.365483447973162, 39.526499766959816 ], [ -86.36453704523224, 39.528419679642575 ], [ -86.36322771523065, 39.530492041332451 ], [ -86.362619620942326, 39.531063413412866 ], [ -86.361848969836245, 39.532100509170277 ], [ -86.360959346592026, 39.533056104962895 ], [ -86.360758141774113, 39.533544058213138 ], [ -86.360733998092186, 39.533850665406838 ], [ -86.360443555279019, 39.534776825651484 ], [ -86.360374672949533, 39.535332748106676 ], [ -86.36041601708952, 39.536404734178255 ], [ -86.36187517280392, 39.539016549557516 ], [ -86.362823496331615, 39.539843043908384 ], [ -86.364022393697624, 39.540536857467778 ], [ -86.364959779655592, 39.541219964759264 ], [ -86.365136171571862, 39.541448058280686 ], [ -86.36538775265295, 39.542530827330729 ], [ -86.365086804950451, 39.543223424983843 ], [ -86.36474907739192, 39.545095435181359 ], [ -86.364424771370551, 39.546029400849825 ], [ -86.363809878542725, 39.54699086623171 ], [ -86.363451184951018, 39.548022452996697 ], [ -86.362994316876154, 39.548917318158793 ], [ -86.362799923987879, 39.549148741593008 ], [ -86.362190363196774, 39.549463635494597 ], [ -86.359987583107568, 39.550072308647863 ], [ -86.359226181351687, 39.550164236313542 ], [ -86.358567048896347, 39.550166988009401 ], [ -86.358769975101922, 39.548170740626546 ], [ -86.35856890681552, 39.545377887401465 ], [ -86.358270172868856, 39.544459767768309 ], [ -86.357975495519, 39.543887940417669 ], [ -86.357641160849028, 39.543542356138175 ], [ -86.35703160520103, 39.54311851072611 ], [ -86.354159633809587, 39.541604750501321 ], [ -86.351409473863598, 39.539709754121375 ] ], [ [ -86.352289904378082, 39.511409193094636 ], [ -86.351929207568347, 39.511794899100124 ], [ -86.351791983042787, 39.512062497746193 ], [ -86.351598911090676, 39.512859576716096 ], [ -86.351537863794874, 39.513365050428646 ], [ -86.351880252692979, 39.514132464971134 ], [ -86.352035865195049, 39.514702863907296 ], [ -86.352126255575357, 39.515843543300051 ], [ -86.352344153588064, 39.516911799573066 ], [ -86.352446717258175, 39.518172184980187 ], [ -86.352854018004749, 39.521054792571888 ], [ -86.352986731308704, 39.521476252968853 ], [ -86.353183838732335, 39.521746537576959 ], [ -86.353473130285735, 39.522009712644305 ], [ -86.353860399692152, 39.522175505291642 ], [ -86.354339138687209, 39.522172959051481 ], [ -86.354988528186297, 39.521831618394508 ], [ -86.355950540954908, 39.520750355480672 ], [ -86.356655951623196, 39.519846971415248 ], [ -86.357127008194468, 39.518961410884579 ], [ -86.357448865489218, 39.518490609709765 ], [ -86.358196309801841, 39.51669362454269 ], [ -86.358317748609636, 39.516107194911363 ], [ -86.35834569540728, 39.515623283577305 ], [ -86.358510202040662, 39.514968993060151 ], [ -86.358443268871397, 39.514373068112242 ], [ -86.358184550916917, 39.513259215192576 ], [ -86.357722958381416, 39.51202891246399 ], [ -86.357517819244578, 39.511734824771601 ], [ -86.357277172734442, 39.511542960440849 ], [ -86.356299430448587, 39.511017737758664 ], [ -86.355947404591078, 39.510910304500662 ], [ -86.355887165078229, 39.511029080862357 ], [ -86.355523734202876, 39.510967476982479 ], [ -86.355009582196871, 39.510776098963753 ], [ -86.3540300965103, 39.510577554002786 ], [ -86.35354001930915, 39.510569500214181 ], [ -86.353114243611444, 39.510710963029886 ], [ -86.352289904378082, 39.511409193094636 ] ] ] } },
{ "type": "Feature", "properties": { "fid_1": 1516, "aq_system": "Dissected Till and Residuum / Till Veneer / Unglaciated Southern Hills and Lowlands (southern IN only)", "aq_type": "residual, intertill, or basal fine-grained sand and gravel and/or weathered bedrock", "aq_thk_ft": "individual units, if present, are generally less than 3 (almost all of the wells started in these systems are completed in bedrock)", "yield_gpm": "generally less than 5; dry holes common", "more_info": "http://www.in.gov/dnr/water/4302.htm", "shape_Leng": 8038.4363184000003, "Shape_Le_1": 8038.4363184000003, "Shape_Area": 3948130.9797800002 }, "geometry": { "type": "Polygon", "coordinates": [ [ [ -86.532074893977921, 39.552137842731916 ], [ -86.531523123235473, 39.551959152293875 ], [ -86.530346501107687, 39.551315258747856 ], [ -86.529822315119475, 39.551205290726614 ], [ -86.528777233718031, 39.551165684241759 ], [ -86.527628720554958, 39.550708505949203 ], [ -86.528079755622443, 39.550058754169825 ], [ -86.528284977561029, 39.547835637770831 ], [ -86.528820208772061, 39.546344070793801 ], [ -86.528917220182123, 39.545378725602248 ], [ -86.528727131873822, 39.542958715621687 ], [ -86.5288376370424, 39.541892475975644 ], [ -86.528782238393276, 39.540424382758061 ], [ -86.528588431493333, 39.538994668417253 ], [ -86.528775348055831, 39.536958899298519 ], [ -86.529022456052999, 39.536017724998104 ], [ -86.529336020007392, 39.53392830593684 ], [ -86.530037724330739, 39.532417238042164 ], [ -86.530497828568613, 39.531959312687817 ], [ -86.531018835790675, 39.531672654501307 ], [ -86.531475457248959, 39.531517563114306 ], [ -86.532910108599097, 39.531518659383693 ], [ -86.533916209145147, 39.531981547186483 ], [ -86.534473384035138, 39.532375836437282 ], [ -86.535957026024903, 39.533065030181362 ], [ -86.537370443874039, 39.533335651238055 ], [ -86.539392746406747, 39.53347445391654 ], [ -86.540460642865142, 39.533655720144893 ], [ -86.546480821030158, 39.533755309650815 ], [ -86.548456934024145, 39.533609553430345 ], [ -86.552040255562275, 39.533667965511441 ], [ -86.553278860427724, 39.533776261600735 ], [ -86.553753648268625, 39.534044404305796 ], [ -86.554361040735969, 39.534650032682983 ], [ -86.555009307007538, 39.535622117128192 ], [ -86.555855827696604, 39.538538383473117 ], [ -86.556015477181901, 39.539653653241466 ], [ -86.555635918668401, 39.540983652479625 ], [ -86.553392094726078, 39.545141701253968 ], [ -86.552832164488095, 39.545970857809202 ], [ -86.552545250655641, 39.546237330875847 ], [ -86.551998390210073, 39.546745226093563 ], [ -86.551091848844024, 39.547112337431678 ], [ -86.550080748436272, 39.547240302269365 ], [ -86.548934695355129, 39.547490264221302 ], [ -86.546605415143887, 39.548134134034775 ], [ -86.544462036326806, 39.548963230613275 ], [ -86.543822384382182, 39.549113357997498 ], [ -86.541255109589045, 39.549259467758318 ], [ -86.538819752689776, 39.549117934286627 ], [ -86.537806546772785, 39.549185888693714 ], [ -86.537005959756442, 39.549369355590876 ], [ -86.535507826871537, 39.55025923379425 ], [ -86.533691774770134, 39.551509378618952 ], [ -86.532380606477872, 39.552160419756611 ], [ -86.532074893977921, 39.552137842731916 ] ] ] } },
{ "type": "Feature", "properties": { "fid_1": 1517, "aq_system": "Dissected Till and Residuum / Till Veneer / Unglaciated Southern Hills and Lowlands (southern IN only)", "aq_type": "residual, intertill, or basal fine-grained sand and gravel and/or weathered bedrock", "aq_thk_ft": "individual units, if present, are generally less than 3 (almost all of the wells started in these systems are completed in bedrock)", "yield_gpm": "generally less than 5; dry holes common", "more_info": "http://www.in.gov/dnr/water/4302.htm", "shape_Leng": 2543.2915619300002, "Shape_Le_1": 2543.2915619300002, "Shape_Area": 193562.01390600001 }, "geometry": { "type": "Polygon", "coordinates": [ [ [ -86.303093212256698, 39.542151399488461 ], [ -86.303378311745661, 39.542349967511647 ], [ -86.304912631696595, 39.544070505929461 ], [ -86.305344966283755, 39.544869312229388 ], [ -86.306047239709997, 39.546585564003344 ], [ -86.307551618264256, 39.548755294231434 ], [ -86.307735185341826, 39.549255837562647 ], [ -86.307402222209646, 39.549798777248789 ], [ -86.30687102002554, 39.550115369034245 ], [ -86.305320142223252, 39.55038449346624 ], [ -86.304616455026377, 39.550735271664252 ], [ -86.303588585518639, 39.550983425207335 ], [ -86.302675293533312, 39.551335988156694 ], [ -86.302054038856738, 39.551380715070735 ], [ -86.302175000180839, 39.551004860932117 ], [ -86.302817227515305, 39.549846808340313 ], [ -86.303260988399373, 39.549249997324473 ], [ -86.304022658491206, 39.547899486365857 ], [ -86.304335352193604, 39.546927942649752 ], [ -86.304180194729483, 39.545863272504057 ], [ -86.303745883348839, 39.544495342598481 ], [ -86.303293026284365, 39.543833393138193 ], [ -86.303009334168465, 39.543217620064652 ], [ -86.302987103336065, 39.542405188647379 ], [ -86.303093212256698, 39.542151399488461 ] ] ] } },
{ "type": "Feature", "properties": { "fid_1": 1521, "aq_system": "Dissected Till and Residuum / Till Veneer / Unglaciated Southern Hills and Lowlands (southern IN only)", "aq_type": "residual, intertill, or basal fine-grained sand and gravel and/or weathered bedrock", "aq_thk_ft": "individual units, if present, are generally less than 3 (almost all of the wells started in these systems are completed in bedrock)", "yield_gpm": "generally less than 5; dry holes common", "more_info": "http://www.in.gov/dnr/water/4302.htm", "shape_Leng": 2100826.2499799998, "Shape_Le_1": 169669.74701600001, "Shape_Area": 134662758.37200001 }, "geometry": { "type": "MultiPolygon", "coordinates": [ [ [ [ -86.251474829932889, 39.356521359123938 ], [ -86.251534423693997, 39.341825350683962 ], [ -86.27014873427926, 39.341587644950138 ], [ -86.270281543044419, 39.341579467013901 ], [ -86.288869206261921, 39.341383652801859 ], [ -86.289242785762113, 39.341376924069785 ], [ -86.307637286882397, 39.341122867861714 ], [ -86.30858033942522, 39.341101441869377 ], [ -86.326340943430864, 39.340836156079753 ], [ -86.327395413383428, 39.340842254531616 ], [ -86.344902851023605, 39.340491575819229 ], [ -86.346125181232651, 39.340462406375238 ], [ -86.362362367222289, 39.340128989585189 ], [ -86.36236228535806, 39.340137999855607 ], [ -86.381327496616805, 39.339830365959649 ], [ -86.381484789390754, 39.339840212660967 ], [ -86.39035780581986, 39.33967974279475 ], [ -86.390254361115566, 39.339827558969013 ], [ -86.389906986755292, 39.340372014950574 ], [ -86.389333496627728, 39.340848865621162 ], [ -86.387646541555426, 39.341901610106127 ], [ -86.386919342712929, 39.342575664952996 ], [ -86.386655205413263, 39.343017880218881 ], [ -86.386561660118105, 39.343523368111498 ], [ -86.386667666068021, 39.344748169295812 ], [ -86.386983294258386, 39.345655449105905 ], [ -86.387710727125295, 39.34697087568405 ], [ -86.388175396565444, 39.348441155053635 ], [ -86.388257784499402, 39.349381411935163 ], [ -86.387838955006671, 39.350624824466941 ], [ -86.387137857553242, 39.351851136264067 ], [ -86.385733896081661, 39.353292086929066 ], [ -86.385061499394695, 39.353754958107579 ], [ -86.383149038466726, 39.353422947770227 ], [ -86.381473465580598, 39.352916955687974 ], [ -86.380594925197684, 39.352845670675549 ], [ -86.380026876176345, 39.352674281875082 ], [ -86.37918759088717, 39.352160145254842 ], [ -86.378477297246278, 39.351542406989033 ], [ -86.377247891734541, 39.350189527179431 ], [ -86.375376605437694, 39.348476789521051 ], [ -86.374728223528152, 39.348182937765266 ], [ -86.374084183845554, 39.348079939990988 ], [ -86.372096376265688, 39.348608803810563 ], [ -86.370491978841997, 39.348880859196591 ], [ -86.369084050494266, 39.349264750595118 ], [ -86.366460381365727, 39.35030431724099 ], [ -86.363755758382652, 39.350611425300301 ], [ -86.362488208904708, 39.350598297656937 ], [ -86.360198733833698, 39.350827739841527 ], [ -86.359368617433816, 39.351149154429066 ], [ -86.358732428486277, 39.351561493676286 ], [ -86.355068297859916, 39.353441007868433 ], [ -86.352202299755163, 39.354599140557646 ], [ -86.35064285781398, 39.354961115478176 ], [ -86.349546372554485, 39.35415514285129 ], [ -86.348838593886867, 39.35322014236192 ], [ -86.348108599935401, 39.352003409880865 ], [ -86.347495694708726, 39.350655489143612 ], [ -86.347053619641144, 39.348071079477712 ], [ -86.346842609788197, 39.347603453792274 ], [ -86.346549917312529, 39.347231502495134 ], [ -86.3459771712578, 39.346714958254303 ], [ -86.345469885702258, 39.346483099459874 ], [ -86.344196343388973, 39.346241753875574 ], [ -86.342951594736249, 39.345755427050193 ], [ -86.342101925975996, 39.345570073441372 ], [ -86.339952359252692, 39.34581863098159 ], [ -86.337210866308425, 39.346588080513968 ], [ -86.336476218812876, 39.34690474122084 ], [ -86.335334125908531, 39.347533571473228 ], [ -86.333429406370016, 39.348941777186226 ], [ -86.332759893274712, 39.349547102400564 ], [ -86.332264341866988, 39.350303476956817 ], [ -86.33144974194866, 39.351209853401592 ], [ -86.330006994136085, 39.351632719959554 ], [ -86.329295859723004, 39.351737062108747 ], [ -86.324780561963152, 39.351503949417989 ], [ -86.323523219566098, 39.351294565092878 ], [ -86.319323633228279, 39.350266034201695 ], [ -86.316446865185227, 39.349743993802697 ], [ -86.315407872449427, 39.349993243377341 ], [ -86.309608262002016, 39.35207021316711 ], [ -86.308744032550734, 39.352292975919532 ], [ -86.306436395415957, 39.352512533930643 ], [ -86.304673773455647, 39.352475883518665 ], [ -86.30257512040474, 39.352748134562496 ], [ -86.300099121278635, 39.352876796965177 ], [ -86.298567424880645, 39.353230702883835 ], [ -86.295814897148702, 39.35324910320476 ], [ -86.293532926116328, 39.353052987206873 ], [ -86.292366080536524, 39.35276371630254 ], [ -86.289968984143485, 39.351337135587279 ], [ -86.288889143542207, 39.350572796107393 ], [ -86.287175844612804, 39.349655526456388 ], [ -86.286097994377755, 39.34921182807696 ], [ -86.283241632760834, 39.348555650021453 ], [ -86.280193538049247, 39.348214935239263 ], [ -86.279619740326069, 39.348215465032645 ], [ -86.278162231586336, 39.348608639311067 ], [ -86.2773502981197, 39.349048103504309 ], [ -86.277103334871043, 39.349321853964021 ], [ -86.276873086361647, 39.349908505123558 ], [ -86.276591994244541, 39.351218575000459 ], [ -86.276546860833818, 39.352739020543659 ], [ -86.27681703728561, 39.354374514716319 ], [ -86.276690025820884, 39.354678801278858 ], [ -86.2758983177321, 39.355747996851072 ], [ -86.274975099647463, 39.355855868842887 ], [ -86.272779324195483, 39.355455747171476 ], [ -86.270918464230419, 39.354671942628528 ], [ -86.268125974379146, 39.35371810965416 ], [ -86.267037922267136, 39.353453817543958 ], [ -86.265138070471949, 39.3531499668454 ], [ -86.26422190433702, 39.352861667805819 ], [ -86.262304014173978, 39.352771114932189 ], [ -86.261703889515303, 39.35282334666195 ], [ -86.261063291840046, 39.3529824911273 ], [ -86.259948155921151, 39.353533476084877 ], [ -86.259310083447787, 39.353953368351945 ], [ -86.258929604819187, 39.354322573665328 ], [ -86.258139156910772, 39.355602249121851 ], [ -86.257039316590252, 39.358037621003419 ], [ -86.256614764211278, 39.358660431915602 ], [ -86.255771298983447, 39.359577885523215 ], [ -86.253245881654522, 39.361755391864861 ], [ -86.25279192259508, 39.362064464289297 ], [ -86.251505072494069, 39.362870553842093 ], [ -86.251505067104119, 39.362870515061658 ], [ -86.251474829932889, 39.356521359123938 ] ] ], [ [ [ -86.555234026749616, 39.358272225598327 ], [ -86.55396038470063, 39.358205805933565 ], [ -86.552365991901269, 39.3585421935677 ], [ -86.551692911548557, 39.358765670625012 ], [ -86.549497364919148, 39.359688442020506 ], [ -86.548222808625198, 39.360399783196016 ], [ -86.547040596020793, 39.361099125015791 ], [ -86.546071165037844, 39.362056915424958 ], [ -86.542937833030621, 39.360400619453273 ], [ -86.5413057364579, 39.358892516418308 ], [ -86.540931463573386, 39.35843214149785 ], [ -86.540185559381101, 39.357169116221392 ], [ -86.539676320731118, 39.356028379923345 ], [ -86.537420016865369, 39.35408928985958 ], [ -86.536523598529783, 39.353158904688918 ], [ -86.536346354114798, 39.352812823815817 ], [ -86.536271679319341, 39.352383068455993 ], [ -86.536273022525535, 39.349741238697447 ], [ -86.536047346098371, 39.349145020222132 ], [ -86.535679804135611, 39.348676280946897 ], [ -86.533495867676564, 39.346704688159413 ], [ -86.529125041758334, 39.343880770080332 ], [ -86.526991164766358, 39.342203797994436 ], [ -86.525907214477385, 39.341591065623724 ], [ -86.524447792886562, 39.340976350823823 ], [ -86.523313560449466, 39.340624766829016 ], [ -86.522171516938499, 39.339987032529031 ], [ -86.521790222317009, 39.339682710182188 ], [ -86.521597071813915, 39.339197012760316 ], [ -86.521575088677977, 39.338921325329551 ], [ -86.536669151837998, 39.339115190799603 ], [ -86.539741221274696, 39.339127379280079 ], [ -86.555747390200111, 39.339365282314695 ], [ -86.558780032824814, 39.33942187168779 ], [ -86.574565530097658, 39.339714920361125 ], [ -86.592903308885383, 39.340014783095668 ], [ -86.593416729001135, 39.340025588475896 ], [ -86.611915024118062, 39.340314005869679 ], [ -86.612097836449024, 39.340305604478161 ], [ -86.612128271967791, 39.340310211299993 ], [ -86.630226131616439, 39.340783610171684 ], [ -86.630867304026921, 39.340776634572144 ], [ -86.630815350006117, 39.346154070795897 ], [ -86.629196412556766, 39.34643908681884 ], [ -86.627847721403782, 39.346687806774312 ], [ -86.624949316109905, 39.347658672335655 ], [ -86.623038195777525, 39.348445526046127 ], [ -86.621061725500354, 39.349535086758074 ], [ -86.618850102038621, 39.351389504468209 ], [ -86.617770773575003, 39.351907804709036 ], [ -86.614372336323186, 39.353023406097464 ], [ -86.611570266182639, 39.353712042214113 ], [ -86.610417031946909, 39.354114601998425 ], [ -86.608873335798236, 39.354705804596783 ], [ -86.60661766203232, 39.35585479493124 ], [ -86.605104779181815, 39.356437733562352 ], [ -86.603846259021992, 39.356665430383366 ], [ -86.602807159679628, 39.356969773790482 ], [ -86.601443856685435, 39.357107420848187 ], [ -86.600704198353171, 39.35729381496607 ], [ -86.599524433930043, 39.358376472271516 ], [ -86.599081763774592, 39.358929091699565 ], [ -86.597178086501387, 39.360827668310506 ], [ -86.596292064486761, 39.362035033205999 ], [ -86.595474825221459, 39.362689798134348 ], [ -86.594695606003242, 39.362916873677804 ], [ -86.593497269396195, 39.362885855510505 ], [ -86.593089360078579, 39.362786482209856 ], [ -86.590380967636463, 39.361275725767428 ], [ -86.588608324895603, 39.359919037886193 ], [ -86.584041200761334, 39.356000656521672 ], [ -86.582752691785302, 39.355352592169659 ], [ -86.581918029994583, 39.355228345300503 ], [ -86.580306361481007, 39.355274574403452 ], [ -86.575221564836028, 39.356048568566266 ], [ -86.574430207587724, 39.356317205808047 ], [ -86.572952372012466, 39.357186055450889 ], [ -86.570627242772503, 39.358842831452463 ], [ -86.567031520398302, 39.361743568301485 ], [ -86.566243970586342, 39.362623906633331 ], [ -86.565209497047022, 39.364090664366032 ], [ -86.564084701546705, 39.36513416593462 ], [ -86.562241731298016, 39.366340847420119 ], [ -86.560958954663477, 39.36688951562958 ], [ -86.558975856177227, 39.365325592486066 ], [ -86.558425222843894, 39.364557886323368 ], [ -86.557740865207919, 39.362910754513727 ], [ -86.557499933331314, 39.36125758926385 ], [ -86.557129013655853, 39.360260247768075 ], [ -86.556350352453762, 39.359036686337113 ], [ -86.555782688100592, 39.358533732446304 ], [ -86.555234026749616, 39.358272225598327 ] ] ], [ [ [ -86.49995270009137, 39.378875760364927 ], [ -86.497862888493501, 39.378743144941325 ], [ -86.49552183789045, 39.378378847129426 ], [ -86.494653027691044, 39.378180683968168 ], [ -86.493661722423766, 39.377698066766847 ], [ -86.492453602679845, 39.376842313953503 ], [ -86.49089084042356, 39.375883145872521 ], [ -86.490216668076869, 39.375286416842684 ], [ -86.487906571413518, 39.372631353787838 ], [ -86.487091921585247, 39.371221251900785 ], [ -86.486390822267381, 39.370506749579462 ], [ -86.48580209269565, 39.369651703892984 ], [ -86.485808885981797, 39.369406720926321 ], [ -86.485459904076905, 39.368206349821897 ], [ -86.48569114626639, 39.36636436619019 ], [ -86.486219169748068, 39.364620884474697 ], [ -86.487116991373782, 39.362514400410582 ], [ -86.487622417558526, 39.361563914807554 ], [ -86.488114306368956, 39.360113394470062 ], [ -86.488349043285581, 39.358924401440035 ], [ -86.488275804997357, 39.358279180585889 ], [ -86.487919539892943, 39.357786161953818 ], [ -86.486215027391054, 39.355928903796524 ], [ -86.485638220617304, 39.355356572090216 ], [ -86.48467375069724, 39.3546469848187 ], [ -86.483439009515408, 39.353060416924905 ], [ -86.48251002992059, 39.351056317822675 ], [ -86.481800036361818, 39.349962304064896 ], [ -86.480590151047551, 39.347737663059824 ], [ -86.480330108398206, 39.347025974372691 ], [ -86.479535331949052, 39.345403708130938 ], [ -86.478740235040775, 39.343389860786878 ], [ -86.478057692989736, 39.341381448301462 ], [ -86.477706555364335, 39.340765273043033 ], [ -86.47723672221106, 39.340246265443135 ], [ -86.476522847108171, 39.339732958107952 ], [ -86.475709840667136, 39.33929590033727 ], [ -86.474456454114346, 39.338336474480769 ], [ -86.474455969274416, 39.338335363067408 ], [ -86.483003804904527, 39.338420632960904 ], [ -86.483544583741363, 39.33845457138451 ], [ -86.499512340594151, 39.33863696170868 ], [ -86.502586388390867, 39.338672666266284 ], [ -86.512600561293752, 39.338773601368118 ], [ -86.517304599891389, 39.338861005983688 ], [ -86.520983033515989, 39.341557349159089 ], [ -86.522107957871455, 39.342427478977989 ], [ -86.523279873148027, 39.343726507094466 ], [ -86.524030619290329, 39.344258998853832 ], [ -86.525084933266299, 39.344834672615306 ], [ -86.5261380304471, 39.345176362044974 ], [ -86.526486732431792, 39.345344099133342 ], [ -86.527316848510026, 39.345905260185823 ], [ -86.527698223094305, 39.346284012339567 ], [ -86.528312200254234, 39.346737525875547 ], [ -86.529639918521369, 39.348005303711183 ], [ -86.530191072227609, 39.348756431836762 ], [ -86.530850277503973, 39.350061857854712 ], [ -86.531446739165247, 39.351700982913137 ], [ -86.532750548399676, 39.353757962700094 ], [ -86.533646264190295, 39.35452487842025 ], [ -86.534720033605993, 39.355255067615786 ], [ -86.534983420654655, 39.35552169947384 ], [ -86.535283931841079, 39.355939112524958 ], [ -86.535963279478779, 39.357191741608851 ], [ -86.536215816115586, 39.357796353700621 ], [ -86.536403408225382, 39.358030070300927 ], [ -86.538277779564808, 39.35951285612451 ], [ -86.539867318674141, 39.360435476500911 ], [ -86.539863465844547, 39.360839947096387 ], [ -86.53960436698253, 39.361387825988203 ], [ -86.539401896354306, 39.361700401196558 ], [ -86.539357137746123, 39.361865348526592 ], [ -86.539128524125388, 39.362230346940564 ], [ -86.538799017819727, 39.362985153234284 ], [ -86.537522750672196, 39.36312355094347 ], [ -86.534235899076336, 39.363236249453436 ], [ -86.532662405703533, 39.363366443068621 ], [ -86.531351195792865, 39.363346798898085 ], [ -86.529627856036058, 39.363626223450957 ], [ -86.527199477069161, 39.364284843132573 ], [ -86.525493299540244, 39.364874656072992 ], [ -86.523739741830397, 39.365627173871708 ], [ -86.522489031952134, 39.366325544914304 ], [ -86.521094181933265, 39.367427638559505 ], [ -86.52016036691299, 39.36854877714763 ], [ -86.519491701290875, 39.369897821885871 ], [ -86.5190907288261, 39.371018910227207 ], [ -86.518929301345949, 39.373042374523322 ], [ -86.518654053544182, 39.373956704231553 ], [ -86.518338315446115, 39.374491465854717 ], [ -86.51717493387747, 39.375995341417052 ], [ -86.516041578007119, 39.377046151467937 ], [ -86.515593412923792, 39.377615409705399 ], [ -86.515059576305845, 39.377992227898538 ], [ -86.514378484227123, 39.3782604844898 ], [ -86.512827704386495, 39.37853988217622 ], [ -86.508447869317067, 39.378858045902142 ], [ -86.506673392225437, 39.378887260406977 ], [ -86.501659899382304, 39.378769862090103 ], [ -86.49995270009137, 39.378875760364927 ] ] ], [ [ [ -86.438821123182493, 39.400701369001787 ], [ -86.438049963673649, 39.400341423330119 ], [ -86.436922368084439, 39.400361620316566 ], [ -86.434724172560664, 39.400225583012237 ], [ -86.433392041176148, 39.399802445150399 ], [ -86.432622790010029, 39.399332328436934 ], [ -86.431512712513793, 39.398946636743339 ], [ -86.430405091980646, 39.397887787712584 ], [ -86.428462413842794, 39.397172540111406 ], [ -86.427570076008053, 39.396924024866799 ], [ -86.427123831215553, 39.396641436765634 ], [ -86.426574014258748, 39.396094637942504 ], [ -86.425996290042079, 39.395699873451143 ], [ -86.425009464352755, 39.395162453928748 ], [ -86.423981613348246, 39.394851368818635 ], [ -86.423297365576502, 39.394705919037193 ], [ -86.422211449632059, 39.39480634444007 ], [ -86.420749915209257, 39.394811626377312 ], [ -86.419699275701731, 39.394592910513026 ], [ -86.417433906390272, 39.394775917025477 ], [ -86.416800569892033, 39.394657525806771 ], [ -86.415434336521486, 39.394562238047968 ], [ -86.413579911931762, 39.393893595762933 ], [ -86.412716518990692, 39.393135500615209 ], [ -86.411387680846659, 39.391391300609229 ], [ -86.410724025611685, 39.390164051676884 ], [ -86.410480899607194, 39.388927333476715 ], [ -86.409654817371532, 39.385795422584792 ], [ -86.409548505485901, 39.384058570182063 ], [ -86.409736118675184, 39.381635783632277 ], [ -86.409636493260052, 39.380743219913647 ], [ -86.409230538276319, 39.379886860348748 ], [ -86.408246882053646, 39.379035231778822 ], [ -86.407591730346127, 39.378199149593527 ], [ -86.407401036185263, 39.377198460274911 ], [ -86.407082338291275, 39.376307161233939 ], [ -86.407007775391079, 39.37552777925417 ], [ -86.406643057622148, 39.374044603833092 ], [ -86.406123728948913, 39.372777358429744 ], [ -86.404362367016276, 39.370056562333808 ], [ -86.403805715295377, 39.369464480360868 ], [ -86.402541755936426, 39.368597202256026 ], [ -86.40191196882283, 39.36825397039528 ], [ -86.400047634115879, 39.367762998234859 ], [ -86.398914737628473, 39.367330509359128 ], [ -86.397914819791168, 39.366455875290804 ], [ -86.397789987985206, 39.36605870670482 ], [ -86.397777095555639, 39.365358484920449 ], [ -86.398214103339939, 39.363275918851727 ], [ -86.398303315559687, 39.361978191984548 ], [ -86.398025169189793, 39.360677256738022 ], [ -86.397721783687246, 39.360162534875641 ], [ -86.396530702565258, 39.358682346369584 ], [ -86.395003892596236, 39.357345508977481 ], [ -86.393930815493235, 39.356568785938947 ], [ -86.394272862912644, 39.355284065063756 ], [ -86.394529280667314, 39.35382993130586 ], [ -86.394524036753751, 39.35309120066588 ], [ -86.394223391228564, 39.35218295503995 ], [ -86.393257049453851, 39.350473841376882 ], [ -86.391654921794697, 39.348611803675567 ], [ -86.390952966575568, 39.347564344546235 ], [ -86.389530591957708, 39.346016085901255 ], [ -86.388661210284738, 39.344499740025526 ], [ -86.388613394546184, 39.344255524479664 ], [ -86.388763030552923, 39.343404526850819 ], [ -86.389042122777809, 39.343000128520792 ], [ -86.391300386265712, 39.341587963484997 ], [ -86.39389632728799, 39.339616795987425 ], [ -86.393896343750711, 39.339616770843101 ], [ -86.39389713528594, 39.339615545000285 ], [ -86.400191930344391, 39.339501100275136 ], [ -86.418511998986872, 39.339116498940733 ], [ -86.418855750902225, 39.339118215791345 ], [ -86.437075937308293, 39.338775246698781 ], [ -86.437527128636873, 39.33876391185089 ], [ -86.45564505087107, 39.338399519499006 ], [ -86.456228986350752, 39.338384227507646 ], [ -86.46497283529294, 39.338240028367288 ], [ -86.472032261865124, 39.338311070951519 ], [ -86.472174807684823, 39.338396088776243 ], [ -86.473670570280376, 39.339324531885062 ], [ -86.474270002447142, 39.339850478410092 ], [ -86.475246713446452, 39.34084583558424 ], [ -86.475813412116068, 39.341862922459185 ], [ -86.476333050556434, 39.343049393255264 ], [ -86.476713837391245, 39.343622450519192 ], [ -86.477376942884334, 39.344918244439981 ], [ -86.477761837294452, 39.345508213530756 ], [ -86.478180055508275, 39.346505113634656 ], [ -86.478968250337942, 39.34900074899052 ], [ -86.479353797562808, 39.349599635139079 ], [ -86.479910771391161, 39.350106096166797 ], [ -86.479181178587524, 39.350797730986891 ], [ -86.477251914202768, 39.352355887510491 ], [ -86.480047582099232, 39.354231933018369 ], [ -86.480780971861094, 39.354657568293632 ], [ -86.481640643994581, 39.355547519570649 ], [ -86.482099246562214, 39.356169371727859 ], [ -86.482327406273726, 39.356746881727169 ], [ -86.48236652519924, 39.357440885586605 ], [ -86.482570353340563, 39.358556794957423 ], [ -86.482627257389595, 39.359941127202021 ], [ -86.482185549973991, 39.361827725872196 ], [ -86.482011174372943, 39.363157200063164 ], [ -86.481701169513983, 39.364149467066994 ], [ -86.481552276191124, 39.365223022969197 ], [ -86.480813680772528, 39.36685391905732 ], [ -86.479928368880593, 39.369286367178191 ], [ -86.479300601770305, 39.370262330271899 ], [ -86.478703951658673, 39.370920307933503 ], [ -86.477796303048052, 39.371413139257285 ], [ -86.477179227398139, 39.371597010847175 ], [ -86.476612947142954, 39.370907665555237 ], [ -86.476425095726242, 39.370237469963001 ], [ -86.476648977108908, 39.367611272780245 ], [ -86.476477935523107, 39.365529599703251 ], [ -86.476090067582305, 39.363227477430684 ], [ -86.475567720135572, 39.362660764382277 ], [ -86.474230096552034, 39.36177521671133 ], [ -86.473637087802459, 39.361535626174302 ], [ -86.472175349360924, 39.361189681650771 ], [ -86.471149669686085, 39.361144006527567 ], [ -86.470302885538928, 39.360895408868089 ], [ -86.469028262601711, 39.36091056014012 ], [ -86.468480641968227, 39.361035820602964 ], [ -86.467112619189493, 39.361165102778962 ], [ -86.466375976849307, 39.361301853039308 ], [ -86.465177592624443, 39.361831012747942 ], [ -86.464073535952735, 39.362593484552576 ], [ -86.463459011570919, 39.362837805166208 ], [ -86.461827782837972, 39.363853034196126 ], [ -86.461186026949036, 39.364383002365805 ], [ -86.460156316815414, 39.365675677198688 ], [ -86.459482766743363, 39.366387030621631 ], [ -86.457504015624778, 39.369159227272704 ], [ -86.454728683090778, 39.371877301513706 ], [ -86.453948522377345, 39.372391839526074 ], [ -86.453675970320518, 39.372681813961016 ], [ -86.453408245384452, 39.373580915528159 ], [ -86.453498753138859, 39.374748649255523 ], [ -86.454472413307514, 39.376870242579436 ], [ -86.454978798903468, 39.378201970876965 ], [ -86.455426288978387, 39.380173344820804 ], [ -86.455467040397281, 39.381826595442746 ], [ -86.454847382685742, 39.383869907413633 ], [ -86.452392680629018, 39.387690815833736 ], [ -86.451723729786664, 39.388475184066401 ], [ -86.451130695975266, 39.389610574772341 ], [ -86.449256748389573, 39.392511894502128 ], [ -86.446030449846475, 39.3968115959321 ], [ -86.44491435617276, 39.398043741603821 ], [ -86.442502195821774, 39.400204115584152 ], [ -86.441648602545783, 39.400656465796082 ], [ -86.440748795911347, 39.400907960904036 ], [ -86.440312496859804, 39.400942728119922 ], [ -86.438821123182493, 39.400701369001787 ] ] ], [ [ [ -86.250537317035381, 39.56051295159191 ], [ -86.250491971891321, 39.54674484353864 ], [ -86.250486924893792, 39.545929373260229 ], [ -86.250382407186905, 39.531980641933373 ], [ -86.250364562083533, 39.531273211696764 ], [ -86.250213558070996, 39.5167790163297 ], [ -86.251515867892223, 39.516701809764193 ], [ -86.25146777164305, 39.505397933222731 ], [ -86.25145413856994, 39.503145238859837 ], [ -86.251405590563323, 39.490255494868954 ], [ -86.251376613380884, 39.488552333433113 ], [ -86.251341022700132, 39.475468915907335 ], [ -86.251337480302908, 39.473833492514011 ], [ -86.251309603001999, 39.460569882173658 ], [ -86.25130912190528, 39.459326430904675 ], [ -86.251282753620586, 39.444630125597676 ], [ -86.251251145508007, 39.430555477194986 ], [ -86.251281135138399, 39.429992511531253 ], [ -86.25128439350199, 39.429213120765802 ], [ -86.251383781652876, 39.415648375440163 ], [ -86.251391854177328, 39.41543667918581 ], [ -86.251463139803548, 39.40089407285322 ], [ -86.251476527709187, 39.400592304410189 ], [ -86.251560468425595, 39.386284018523128 ], [ -86.251532351867269, 39.386130657345284 ], [ -86.251562682088419, 39.386076788807294 ], [ -86.2515493929467, 39.374778786295913 ], [ -86.251710948268794, 39.375096014429658 ], [ -86.251929297254961, 39.375476848519838 ], [ -86.25210265707031, 39.37589746506918 ], [ -86.253072631404805, 39.376702610577489 ], [ -86.254665980287598, 39.379214912886283 ], [ -86.255508895439306, 39.380358657477309 ], [ -86.256212591422724, 39.381774429409532 ], [ -86.257224930235964, 39.383493400443527 ], [ -86.257819971047013, 39.384818212737478 ], [ -86.258557210389554, 39.386189428866274 ], [ -86.259418681599854, 39.388385018418468 ], [ -86.259875078865136, 39.390191997094796 ], [ -86.25988984713689, 39.390589911893507 ], [ -86.259203793990835, 39.393318575525655 ], [ -86.258606833306573, 39.394857020627398 ], [ -86.258188765403574, 39.396171681393767 ], [ -86.257935279047061, 39.397322979300654 ], [ -86.257213787371171, 39.398676342479909 ], [ -86.256665417194156, 39.400257946822144 ], [ -86.25653249563517, 39.400960553981477 ], [ -86.256496466400947, 39.401667305995851 ], [ -86.256636535817478, 39.401980666522235 ], [ -86.256497984068218, 39.402609144323186 ], [ -86.256481406549497, 39.403570415313716 ], [ -86.256350847737224, 39.404255443786447 ], [ -86.256630964681634, 39.411262118726071 ], [ -86.256534911771112, 39.414284080166105 ], [ -86.257069607245043, 39.417575556226289 ], [ -86.257476444536991, 39.419309873470631 ], [ -86.258100236127646, 39.421184961539275 ], [ -86.258605834563241, 39.42324195805552 ], [ -86.259296409940561, 39.425160534729031 ], [ -86.260442162634931, 39.427138783448171 ], [ -86.261445369179242, 39.429673270738128 ], [ -86.261714804906376, 39.430492334823256 ], [ -86.262653988111211, 39.434562002637463 ], [ -86.263935444062085, 39.436817221497215 ], [ -86.264347699023119, 39.437271456545844 ], [ -86.265238157370405, 39.438658365596005 ], [ -86.266845709983485, 39.440338138667101 ], [ -86.267055327645153, 39.440675176821223 ], [ -86.267127179589394, 39.44103031916584 ], [ -86.267060579448213, 39.441798575972513 ], [ -86.266892865458061, 39.442204627224953 ], [ -86.266640546577577, 39.442537957838958 ], [ -86.265948220695449, 39.442955990394637 ], [ -86.265141848455144, 39.443102769859188 ], [ -86.264620420631758, 39.443048848557893 ], [ -86.263846542160138, 39.44285948680843 ], [ -86.260755388550635, 39.442703101878863 ], [ -86.258671468968217, 39.441875961499029 ], [ -86.257557447003393, 39.441609789511595 ], [ -86.256533049240403, 39.441690457845077 ], [ -86.255844414718013, 39.442217475666986 ], [ -86.25553901128464, 39.442856601893915 ], [ -86.255479863781261, 39.44329849932663 ], [ -86.255657061671926, 39.444014923758594 ], [ -86.256400394962682, 39.445476912917641 ], [ -86.256576556313931, 39.446295688576448 ], [ -86.256665695658214, 39.452559061684447 ], [ -86.25648489196665, 39.453333465480405 ], [ -86.255848472710539, 39.454521302845144 ], [ -86.255341612532533, 39.455305395408331 ], [ -86.254490282265593, 39.45629316970075 ], [ -86.254383224801103, 39.45669400118598 ], [ -86.254507359867006, 39.457091500468344 ], [ -86.254996149322608, 39.457747399238997 ], [ -86.255216832594371, 39.457897666188074 ], [ -86.257569270713248, 39.458105550598177 ], [ -86.259201952773211, 39.458034912704214 ], [ -86.259883400252974, 39.457941124434441 ], [ -86.261192696147461, 39.457618848825057 ], [ -86.26253336921522, 39.457503869196273 ], [ -86.263852116445392, 39.457291749857802 ], [ -86.265265900712492, 39.457292539500614 ], [ -86.266612770272275, 39.457185203659606 ], [ -86.269864360756486, 39.457327691665213 ], [ -86.273115091684971, 39.457654495133312 ], [ -86.277908614175089, 39.457967086176595 ], [ -86.282581652969839, 39.458099068789657 ], [ -86.283915673951171, 39.457951379007163 ], [ -86.284651187996545, 39.457957714850416 ], [ -86.2856928117438, 39.4580590736606 ], [ -86.286735895946123, 39.45830782243015 ], [ -86.287330108120486, 39.457596508290955 ], [ -86.288337159191329, 39.454443218474481 ], [ -86.288763957037048, 39.453998151726033 ], [ -86.289203288874319, 39.453809371352946 ], [ -86.289594207056666, 39.453765001613036 ], [ -86.289942706720211, 39.453815516350758 ], [ -86.290400925234479, 39.454031864147197 ], [ -86.290851995602409, 39.454324560427246 ], [ -86.291067317117097, 39.454613080727448 ], [ -86.29157175551434, 39.456572622398483 ], [ -86.291803167838196, 39.458329794361823 ], [ -86.292113171580866, 39.461898525312179 ], [ -86.291774771781874, 39.464559204256929 ], [ -86.291241322254251, 39.465655444520671 ], [ -86.289209675583606, 39.468191509754526 ], [ -86.289036363082872, 39.468632839498063 ], [ -86.289116576986572, 39.469134345845767 ], [ -86.288580997635506, 39.469366804894712 ], [ -86.287051197123716, 39.469807899274819 ], [ -86.284166978105588, 39.470172759720015 ], [ -86.283460571570544, 39.470339943627479 ], [ -86.282132437122044, 39.470295650870113 ], [ -86.2785114668239, 39.470519197029354 ], [ -86.276767381135528, 39.470813626543624 ], [ -86.275350062075645, 39.470881802123401 ], [ -86.273204826590771, 39.471324545570376 ], [ -86.27192045807378, 39.471880814279842 ], [ -86.271281766317813, 39.472029773749178 ], [ -86.265393035994578, 39.47206649085517 ], [ -86.262310042244806, 39.472253722868466 ], [ -86.260654947876262, 39.472575694532395 ], [ -86.25991375090733, 39.472930601278314 ], [ -86.258889002574662, 39.473563100508528 ], [ -86.258851942592429, 39.474075030565579 ], [ -86.259305661920479, 39.474759057572122 ], [ -86.25956528047746, 39.474969092630154 ], [ -86.261423164150827, 39.475515212860408 ], [ -86.262282747726744, 39.475577884110599 ], [ -86.263024994772735, 39.475447183986866 ], [ -86.264434106648608, 39.474997987399988 ], [ -86.267022392165543, 39.474369960423772 ], [ -86.268972127070711, 39.474223787421153 ], [ -86.273157569628836, 39.474388618110595 ], [ -86.275902984636588, 39.474096868708727 ], [ -86.282005765032679, 39.473632804868096 ], [ -86.289070328657658, 39.472318858531708 ], [ -86.291379163345454, 39.471773702315751 ], [ -86.293091169004754, 39.471210961277677 ], [ -86.293221832202732, 39.471411010847973 ], [ -86.293430960486376, 39.471515860944443 ], [ -86.294561874001019, 39.471737186667504 ], [ -86.296910290208757, 39.472513093425846 ], [ -86.298457465614618, 39.472856724318092 ], [ -86.298998971250711, 39.472845717316766 ], [ -86.300570555190163, 39.472348025938835 ], [ -86.301577187959353, 39.471678959499066 ], [ -86.304683196211968, 39.470416164856175 ], [ -86.305411987671548, 39.470050415797893 ], [ -86.306870876336006, 39.468931572700299 ], [ -86.314048292424019, 39.467729152056251 ], [ -86.314475151946681, 39.46780196734202 ], [ -86.315188725272094, 39.468130614763368 ], [ -86.316464146173942, 39.469262657581304 ], [ -86.318590500041566, 39.470345629737992 ], [ -86.319341305942302, 39.47084081993885 ], [ -86.320364823021862, 39.471307244873877 ], [ -86.321871920237939, 39.472429500854084 ], [ -86.322594932955184, 39.473678130874731 ], [ -86.323032867435614, 39.475259599048691 ], [ -86.323023933780703, 39.475923136828058 ], [ -86.32274988830163, 39.476973441678609 ], [ -86.32260530378953, 39.478869150719376 ], [ -86.322901572029224, 39.480973048049989 ], [ -86.322888348713818, 39.481929862379431 ], [ -86.322587743320625, 39.483021357451783 ], [ -86.32181813885154, 39.485040944090976 ], [ -86.320394368581432, 39.487527263682168 ], [ -86.320189546361348, 39.48933890395741 ], [ -86.322084656686201, 39.495003972877157 ], [ -86.322734723463981, 39.496500526205914 ], [ -86.323574360226118, 39.499280729644489 ], [ -86.324132276810857, 39.500227750623552 ], [ -86.32510348628665, 39.50133674299191 ], [ -86.326504753719163, 39.503195446467956 ], [ -86.326996405875008, 39.504259479213218 ], [ -86.326804055751879, 39.505192127051373 ], [ -86.32606002706251, 39.506507303425934 ], [ -86.32517046722765, 39.507428849222514 ], [ -86.323775319909601, 39.509131762645545 ], [ -86.322931731133721, 39.509797756092567 ], [ -86.322065285582568, 39.510045248797795 ], [ -86.32019870594057, 39.510300137352218 ], [ -86.319554509619252, 39.510520912506969 ], [ -86.317596508424913, 39.511512239387471 ], [ -86.31671399694865, 39.512045876494206 ], [ -86.314961549279374, 39.513435057247897 ], [ -86.311960967488133, 39.514966098437853 ], [ -86.310697832959818, 39.515136387959139 ], [ -86.308523010547603, 39.514983075372385 ], [ -86.307419726899994, 39.515071640771311 ], [ -86.30468476256334, 39.515696793512241 ], [ -86.303655287116868, 39.516093194967972 ], [ -86.301191367307894, 39.517671719162465 ], [ -86.299114466158386, 39.519701199264432 ], [ -86.298430062379836, 39.520557565067435 ], [ -86.297576010111527, 39.521991008268124 ], [ -86.296688444977747, 39.524079246819063 ], [ -86.294420384110836, 39.527307785828022 ], [ -86.293614822139034, 39.528296227622164 ], [ -86.292872844994719, 39.528828701373676 ], [ -86.291127959600928, 39.529734245198398 ], [ -86.291256450567019, 39.530406359533814 ], [ -86.29205577363814, 39.531779568848883 ], [ -86.292205698645745, 39.532346975585249 ], [ -86.292034642679496, 39.534725500483866 ], [ -86.291934228553501, 39.535258359190749 ], [ -86.291722077101213, 39.535721991278429 ], [ -86.291293613924466, 39.536284086243022 ], [ -86.290703125928616, 39.536813460857331 ], [ -86.288572470459499, 39.538421114902327 ], [ -86.287744982535571, 39.539268926323402 ], [ -86.285935864362258, 39.54071017155001 ], [ -86.285324523930385, 39.541370008217186 ], [ -86.2835106953288, 39.543950090598116 ], [ -86.283248621355767, 39.544514131852331 ], [ -86.282513517383975, 39.545658129159897 ], [ -86.282004904853167, 39.546860581786284 ], [ -86.281062277853437, 39.548524998424199 ], [ -86.280250222722955, 39.548588053027487 ], [ -86.278859023226602, 39.54888445568276 ], [ -86.278261364258256, 39.549044183150791 ], [ -86.278007383208205, 39.549236557477641 ], [ -86.277893435509043, 39.549422643512166 ], [ -86.277824099872973, 39.549988864785881 ], [ -86.276872208041567, 39.551301029301172 ], [ -86.273331485891987, 39.554688027994118 ], [ -86.272838097106373, 39.555307262192045 ], [ -86.272522969829907, 39.555485398113341 ], [ -86.27170962023078, 39.555719183097395 ], [ -86.270280898315733, 39.555715140948692 ], [ -86.269562933813333, 39.555995495874434 ], [ -86.269828744471525, 39.556932092188369 ], [ -86.269617294973543, 39.55757607865764 ], [ -86.268788714008892, 39.557784007419492 ], [ -86.267879113279989, 39.557724545016356 ], [ -86.267544742228083, 39.557782032625518 ], [ -86.266716388938278, 39.558103381112097 ], [ -86.264837467594859, 39.559083401532106 ], [ -86.264640193194666, 39.559226316318352 ], [ -86.264414705661622, 39.559638915691721 ], [ -86.26396265776188, 39.560117299820476 ], [ -86.263675354171468, 39.560803064735687 ], [ -86.263089015789603, 39.561263635146126 ], [ -86.262123136305405, 39.561771036701018 ], [ -86.259853185906323, 39.562631564845489 ], [ -86.259247584512082, 39.562890198258046 ], [ -86.258964006891489, 39.563011302234294 ], [ -86.258546118275021, 39.563189764481912 ], [ -86.253613111968434, 39.565296253108471 ], [ -86.25189566306284, 39.565857090373235 ], [ -86.250564033908759, 39.566167778114234 ], [ -86.250563801946598, 39.566167805451414 ], [ -86.250552159882872, 39.561296946841537 ], [ -86.250537317035381, 39.56051295159191 ] ], [ [ -86.283433602157842, 39.523996605761752 ], [ -86.282958577319761, 39.523881932226146 ], [ -86.282470206104051, 39.524097332851007 ], [ -86.282330619241677, 39.524279507682472 ], [ -86.282454954970277, 39.525435626549111 ], [ -86.283049766847157, 39.526591251745018 ], [ -86.284194911072191, 39.527900811523814 ], [ -86.284457129996767, 39.52864311706071 ], [ -86.284422047523492, 39.529073001802963 ], [ -86.283967956672484, 39.529174607257438 ], [ -86.283123487590714, 39.529237451604018 ], [ -86.281931945557517, 39.528943112222322 ], [ -86.280888220388874, 39.528337635093884 ], [ -86.280215420783406, 39.527785836813727 ], [ -86.279920670496381, 39.527435104230243 ], [ -86.278695449743324, 39.527702113471342 ], [ -86.276490092098925, 39.527827312218626 ], [ -86.274747583823853, 39.527452524350508 ], [ -86.273917698320233, 39.527412709438124 ], [ -86.272516202930561, 39.527189055134947 ], [ -86.271060954245641, 39.527257516329151 ], [ -86.268545766657354, 39.527198777688611 ], [ -86.267766136064395, 39.527039249927263 ], [ -86.266890127695859, 39.526765111402256 ], [ -86.266255288672724, 39.526734768524882 ], [ -86.265521070901869, 39.527180729941485 ], [ -86.265227975193184, 39.527782417411331 ], [ -86.265163643825915, 39.528169218981347 ], [ -86.265397711299286, 39.529037629947581 ], [ -86.266088161660988, 39.5301037913801 ], [ -86.266765150160126, 39.530743026099614 ], [ -86.267347413134942, 39.531096912541202 ], [ -86.271731554543948, 39.532821049462896 ], [ -86.272548910563103, 39.53346512139904 ], [ -86.273142415078297, 39.534581391137756 ], [ -86.273263298812054, 39.535344154596253 ], [ -86.273184474984816, 39.536833339878285 ], [ -86.273033039310235, 39.53766898901938 ], [ -86.272390111890218, 39.539347054044299 ], [ -86.272042172856999, 39.540930437345565 ], [ -86.272024196286225, 39.541601127561748 ], [ -86.271787056412379, 39.542922176080751 ], [ -86.271935071874552, 39.543306968740879 ], [ -86.272353315768243, 39.543757905356529 ], [ -86.273182173011207, 39.543649781430716 ], [ -86.273681157081199, 39.543403097913682 ], [ -86.275296429326275, 39.542247612584688 ], [ -86.277056242850023, 39.540761351260528 ], [ -86.279303315694222, 39.539029007289358 ], [ -86.282076454307784, 39.53735387052059 ], [ -86.283507370667408, 39.536584627463348 ], [ -86.28475935885993, 39.535757762465138 ], [ -86.286247672692028, 39.534602147517667 ], [ -86.287247344300113, 39.533383947461211 ], [ -86.288191013841512, 39.531513354446552 ], [ -86.288278973670728, 39.530747346828633 ], [ -86.288862718034608, 39.528949889829754 ], [ -86.288820348091264, 39.527858627487511 ], [ -86.288499091873788, 39.527488437861244 ], [ -86.287131823711164, 39.526674088359513 ], [ -86.28622598849887, 39.52635578396 ], [ -86.285699027876987, 39.526296523946662 ], [ -86.285121596275332, 39.526102531230642 ], [ -86.284023166874576, 39.52545184761729 ], [ -86.283781232847574, 39.524233865731702 ], [ -86.283433602157842, 39.523996605761752 ] ], [ [ -86.256652323212421, 39.49816272865332 ], [ -86.255225109851779, 39.497906231347024 ], [ -86.254541097468888, 39.497929024934969 ], [ -86.253919866070135, 39.498138567634612 ], [ -86.253057869672958, 39.498330449787616 ], [ -86.252457458215687, 39.498726696573307 ], [ -86.252274288856142, 39.49914161968546 ], [ -86.252404463892347, 39.499671673842876 ], [ -86.252583695854511, 39.499916845862629 ], [ -86.253325748776462, 39.500567151070186 ], [ -86.253589308535879, 39.500909545908826 ], [ -86.25430142080728, 39.502049434427541 ], [ -86.25455840892964, 39.502750433323435 ], [ -86.254726376393435, 39.503011179046716 ], [ -86.255322346529056, 39.503538900307809 ], [ -86.256559955371344, 39.504220778478775 ], [ -86.25796368653279, 39.505273844136582 ], [ -86.259022589651138, 39.505850405587609 ], [ -86.25970625646454, 39.506116643596258 ], [ -86.26027856785916, 39.506250754745373 ], [ -86.262273551533596, 39.506961423906937 ], [ -86.262723075042217, 39.507216272835343 ], [ -86.263897032667586, 39.507682695759648 ], [ -86.26531261565836, 39.508064004203909 ], [ -86.265869431648696, 39.508142574917429 ], [ -86.266254303833406, 39.508110069415061 ], [ -86.266995077692627, 39.507475515653027 ], [ -86.266870355412635, 39.507035013124799 ], [ -86.266519694354969, 39.506587978983077 ], [ -86.266226971432246, 39.506303156588139 ], [ -86.265399871680359, 39.505699487676921 ], [ -86.265053984311322, 39.505201734283077 ], [ -86.264801393725335, 39.504503607509385 ], [ -86.264564482478519, 39.502814329860115 ], [ -86.264410645266864, 39.502449317976129 ], [ -86.263146906020523, 39.500952732083455 ], [ -86.262551851902316, 39.50050799837296 ], [ -86.260872529555314, 39.499444712677871 ], [ -86.258856655383397, 39.498727167009953 ], [ -86.256652323212421, 39.49816272865332 ] ] ] ] } },
{ "type": "Feature", "properties": { "fid_1": 1522, "aq_system": "Dissected Till and Residuum / Till Veneer / Unglaciated Southern Hills and Lowlands (southern IN only)", "aq_type": "residual, intertill, or basal fine-grained sand and gravel and/or weathered bedrock", "aq_thk_ft": "individual units, if present, are generally less than 3 (almost all of the wells started in these systems are completed in bedrock)", "yield_gpm": "generally less than 5; dry holes common", "more_info": "http://www.in.gov/dnr/water/4302.htm", "shape_Leng": 5841.9461494200004, "Shape_Le_1": 5841.9461494200004, "Shape_Area": 1338568.6484699999 }, "geometry": { "type": "Polygon", "coordinates": [ [ [ -86.365891281378126, 39.563355042337633 ], [ -86.366728634682488, 39.56339197253633 ], [ -86.367117235420849, 39.563479151875534 ], [ -86.368177458320844, 39.564014202937365 ], [ -86.36851448410647, 39.564279262992947 ], [ -86.368747958724583, 39.564376782049038 ], [ -86.369660920602911, 39.564562313500119 ], [ -86.370775639873074, 39.5645872553375 ], [ -86.371833691928074, 39.564399959720348 ], [ -86.374362593390444, 39.563598656732026 ], [ -86.376064422076425, 39.562870462981699 ], [ -86.376971424746856, 39.562385902045499 ], [ -86.37758795293972, 39.562186317863308 ], [ -86.378863888738181, 39.561967340428929 ], [ -86.379702394301972, 39.562375900361147 ], [ -86.379400015800556, 39.562679215441094 ], [ -86.37919738506055, 39.563124196708316 ], [ -86.378592542990518, 39.564020297576072 ], [ -86.378081641199671, 39.565516756624518 ], [ -86.377877651296245, 39.56592304290487 ], [ -86.376900077298288, 39.569965601743512 ], [ -86.3769144228866, 39.570124151261297 ], [ -86.376140964894276, 39.570791089513548 ], [ -86.375755617190336, 39.570935257585845 ], [ -86.37539809284678, 39.570952082606212 ], [ -86.373781290212591, 39.570784796264732 ], [ -86.372811908292434, 39.570802040416403 ], [ -86.372075712916072, 39.571161598943341 ], [ -86.37146180528535, 39.571732122504343 ], [ -86.371303246607681, 39.572294426198695 ], [ -86.371451977018509, 39.572951957508515 ], [ -86.372133801100503, 39.573443293276888 ], [ -86.373233780932097, 39.57438353021054 ], [ -86.37364016723707, 39.574820771391479 ], [ -86.373797214835903, 39.57513901409164 ], [ -86.373822987664795, 39.575909793865947 ], [ -86.373725773914529, 39.576304975290533 ], [ -86.372787772898263, 39.577016748963892 ], [ -86.37191115996086, 39.576887390132448 ], [ -86.370246936321934, 39.576867016577772 ], [ -86.369186041771883, 39.576683671891338 ], [ -86.365885818050586, 39.575524959096711 ], [ -86.364551922233957, 39.575302016953323 ], [ -86.362499298556202, 39.574754879005596 ], [ -86.36167110728725, 39.574117713576236 ], [ -86.36157318673537, 39.573685741606596 ], [ -86.361696013298271, 39.572953525293755 ], [ -86.363421820586694, 39.571076617343699 ], [ -86.364715923735176, 39.569825225651918 ], [ -86.365904827100792, 39.567626608496596 ], [ -86.366684475954628, 39.56647232066971 ], [ -86.366930123190244, 39.565805821906231 ], [ -86.366999741598022, 39.565290934751324 ], [ -86.366353310155787, 39.564901266031654 ], [ -86.365851621910991, 39.564306224412299 ], [ -86.365751196087885, 39.56393800707361 ], [ -86.365891281378126, 39.563355042337633 ] ] ] } },
{ "type": "Feature", "properties": { "fid_1": 1524, "aq_system": "Dissected Till and Residuum / Till Veneer / Unglaciated Southern Hills and Lowlands (southern IN only)", "aq_type": "residual, intertill, or basal fine-grained sand and gravel and/or weathered bedrock", "aq_thk_ft": "individual units, if present, are generally less than 3 (almost all of the wells started in these systems are completed in bedrock)", "yield_gpm": "generally less than 5; dry holes common", "more_info": "http://www.in.gov/dnr/water/4302.htm", "shape_Leng": 8271.4023045800004, "Shape_Le_1": 8271.4023045800004, "Shape_Area": 2591863.1530800001 }, "geometry": { "type": "Polygon", "coordinates": [ [ [ -86.611239107238902, 39.565095771481367 ], [ -86.614219458259043, 39.563307922232561 ], [ -86.616749538662603, 39.562382916395961 ], [ -86.619608586048244, 39.561797737850576 ], [ -86.62250986429973, 39.561386245645181 ], [ -86.623483051325223, 39.561328649573468 ], [ -86.625234497165934, 39.561382556930695 ], [ -86.627130666490956, 39.561611389651254 ], [ -86.628623749403388, 39.56195994957303 ], [ -86.629467549701516, 39.562315314499564 ], [ -86.630188489945994, 39.562875336783492 ], [ -86.630670733466587, 39.563138463403114 ], [ -86.631580434796405, 39.564423886911804 ], [ -86.631494459653851, 39.564850268831314 ], [ -86.63130886274719, 39.565040122249407 ], [ -86.6300592056146, 39.565325166511499 ], [ -86.629443528599481, 39.56525195048691 ], [ -86.627262009581315, 39.564626142426597 ], [ -86.62655646423373, 39.564633785328809 ], [ -86.62611079582814, 39.564777012388959 ], [ -86.62511156412522, 39.565375454979311 ], [ -86.622335090311893, 39.566708511396861 ], [ -86.619644184763757, 39.568173751569539 ], [ -86.618810176908283, 39.568709465587752 ], [ -86.6157810829894, 39.570292057875186 ], [ -86.613808748358977, 39.571225186785007 ], [ -86.610677688478731, 39.573126526674429 ], [ -86.609584922711491, 39.573711450596477 ], [ -86.60590213974821, 39.576218605649657 ], [ -86.603322340693182, 39.578371655942661 ], [ -86.601254945856724, 39.579984043371596 ], [ -86.600542299975288, 39.580415847391578 ], [ -86.600057859574179, 39.580616535204754 ], [ -86.599254360565695, 39.580815878742783 ], [ -86.599005854349443, 39.580814774595979 ], [ -86.59828082754079, 39.580374539149389 ], [ -86.596221664647729, 39.579485468500124 ], [ -86.595154423346884, 39.578786747712606 ], [ -86.59435241734171, 39.577786604093639 ], [ -86.594006830604002, 39.576804462751298 ], [ -86.594097688992164, 39.575676453029779 ], [ -86.594482495527217, 39.574369320137194 ], [ -86.594546326072376, 39.573313727550961 ], [ -86.595096926582826, 39.572438841877791 ], [ -86.596503380688716, 39.571109704811342 ], [ -86.598178405649733, 39.569844126072631 ], [ -86.599788512752269, 39.568906129448692 ], [ -86.60171791662431, 39.567906229268274 ], [ -86.604129486850283, 39.566872209323016 ], [ -86.606530215276791, 39.566274747260898 ], [ -86.609778774807538, 39.565655718387944 ], [ -86.611239107238902, 39.565095771481367 ] ] ] } },
{ "type": "Feature", "properties": { "fid_1": 1529, "aq_system": "Dissected Till and Residuum / Till Veneer / Unglaciated Southern Hills and Lowlands (southern IN only)", "aq_type": "residual, intertill, or basal fine-grained sand and gravel and/or weathered bedrock", "aq_thk_ft": "individual units, if present, are generally less than 3 (almost all of the wells started in these systems are completed in bedrock)", "yield_gpm": "generally less than 5; dry holes common", "more_info": "http://www.in.gov/dnr/water/4302.htm", "shape_Leng": 3223.27224252, "Shape_Le_1": 3223.27224252, "Shape_Area": 418614.96408599999 }, "geometry": { "type": "Polygon", "coordinates": [ [ [ -86.378684204483491, 39.587235208169297 ], [ -86.37908299217986, 39.586269669216058 ], [ -86.37925560226968, 39.585464768150537 ], [ -86.379629784144356, 39.584458307485761 ], [ -86.380421019447354, 39.583650119801433 ], [ -86.381708463065976, 39.582770950598771 ], [ -86.382368426700197, 39.582526982833038 ], [ -86.383067291511452, 39.582382595732518 ], [ -86.384092128873434, 39.582336474976884 ], [ -86.385619248889199, 39.582601059639472 ], [ -86.386308952942471, 39.582952924649739 ], [ -86.386599100034971, 39.583027611696522 ], [ -86.386811945782441, 39.583325319874021 ], [ -86.387182247877249, 39.584507191671207 ], [ -86.387371551028082, 39.585830572403708 ], [ -86.386069668976489, 39.585828664200868 ], [ -86.385214067033459, 39.58568128235261 ], [ -86.384333806464255, 39.585616877727411 ], [ -86.382937320219668, 39.58587457453244 ], [ -86.382931097601386, 39.58643392551987 ], [ -86.382751629433642, 39.586974568972643 ], [ -86.381062134820198, 39.589548586443897 ], [ -86.380615085683417, 39.590068971718573 ], [ -86.380180659735586, 39.590372661685727 ], [ -86.378419393372269, 39.591315817338753 ], [ -86.37746451544028, 39.591639215953045 ], [ -86.376895686535192, 39.591668087874432 ], [ -86.376132921382293, 39.591265718226964 ], [ -86.37592726064662, 39.59079229369258 ], [ -86.375971817289923, 39.590341873678675 ], [ -86.376393533902899, 39.58989450826558 ], [ -86.377816150294493, 39.588687185469603 ], [ -86.378433187747405, 39.587644456294186 ], [ -86.378566475656186, 39.58752024528259 ], [ -86.378684204483491, 39.587235208169297 ] ] ] } },
{ "type": "Feature", "properties": { "fid_1": 1530, "aq_system": "Dissected Till and Residuum / Till Veneer / Unglaciated Southern Hills and Lowlands (southern IN only)", "aq_type": "residual, intertill, or basal fine-grained sand and gravel and/or weathered bedrock", "aq_thk_ft": "individual units, if present, are generally less than 3 (almost all of the wells started in these systems are completed in bedrock)", "yield_gpm": "generally less than 5; dry holes common", "more_info": "http://www.in.gov/dnr/water/4302.htm", "shape_Leng": 31544.686327799998, "Shape_Le_1": 31544.686327799998, "Shape_Area": 23772771.153700002 }, "geometry": { "type": "Polygon", "coordinates": [ [ [ -86.292861675998935, 39.580149488045095 ], [ -86.292486254607894, 39.579287559114583 ], [ -86.291546901526161, 39.577659075851543 ], [ -86.29037385892542, 39.576096144249696 ], [ -86.289000506307517, 39.574727737234625 ], [ -86.288507652370868, 39.574120720215014 ], [ -86.288294714413354, 39.57360484691069 ], [ -86.288084685802659, 39.572428887505033 ], [ -86.288103474553822, 39.572052361532698 ], [ -86.288351352847272, 39.570950645924313 ], [ -86.288804365395237, 39.570158943371617 ], [ -86.28979763854548, 39.568789236981928 ], [ -86.292633398861398, 39.566248998371023 ], [ -86.293249468620076, 39.565465303487066 ], [ -86.293910305386291, 39.564896355062515 ], [ -86.29441940007068, 39.564607515349572 ], [ -86.295401724746, 39.564332626232172 ], [ -86.29548914139032, 39.564481636876089 ], [ -86.295858323798853, 39.564631674731828 ], [ -86.296142979605463, 39.564831230379575 ], [ -86.297236041612933, 39.565301096407588 ], [ -86.299512819457163, 39.566650822131173 ], [ -86.300347034358182, 39.566865645356586 ], [ -86.302942964085801, 39.567777823493245 ], [ -86.303900372186334, 39.568010952809551 ], [ -86.304251813222365, 39.568155029847404 ], [ -86.30525958400078, 39.568858926622823 ], [ -86.306061435826521, 39.56985832474831 ], [ -86.30667197624399, 39.57040111833124 ], [ -86.307350596775606, 39.570799219987379 ], [ -86.307706614886158, 39.570893059546037 ], [ -86.308440844995872, 39.570942300967658 ], [ -86.309029686003868, 39.570799965791522 ], [ -86.309433266481548, 39.570501429970747 ], [ -86.309560170487316, 39.570205654391081 ], [ -86.309492449088339, 39.569561388773046 ], [ -86.309074616977114, 39.568484478854913 ], [ -86.308020936767903, 39.566976688622923 ], [ -86.30597716915517, 39.564566895812327 ], [ -86.305531164800144, 39.564215202740669 ], [ -86.305029962523719, 39.563967733139428 ], [ -86.303858997134142, 39.563599378926959 ], [ -86.301891641636132, 39.563093664159105 ], [ -86.300350650571289, 39.562596115201096 ], [ -86.299634997981315, 39.56212608991973 ], [ -86.299003489820763, 39.561578093895015 ], [ -86.298362128739939, 39.560882768745905 ], [ -86.298039283907656, 39.560289544173969 ], [ -86.298156774580519, 39.559731565559723 ], [ -86.299208910442744, 39.558444426938173 ], [ -86.300123433307661, 39.557755420899433 ], [ -86.300740284790109, 39.557129306826241 ], [ -86.301483829776558, 39.556679735031203 ], [ -86.303382678161938, 39.555925644725683 ], [ -86.30472225721094, 39.555509123914462 ], [ -86.305035374455443, 39.555334084396662 ], [ -86.305354948992914, 39.555015861001401 ], [ -86.305537054704203, 39.554550298639143 ], [ -86.306367936929803, 39.554101562161215 ], [ -86.307250177413437, 39.553279505319772 ], [ -86.307689926221229, 39.552624799071971 ], [ -86.309432459205979, 39.550414803686351 ], [ -86.310877890797755, 39.550666710885139 ], [ -86.311455627421054, 39.550861072986187 ], [ -86.311925390154556, 39.551101501936586 ], [ -86.312466350352636, 39.551626237433624 ], [ -86.313244857324577, 39.552156462278212 ], [ -86.315009114939855, 39.55292505633728 ], [ -86.315748754639884, 39.553088668924936 ], [ -86.316806286557309, 39.553031501314138 ], [ -86.317832835637702, 39.552646743866923 ], [ -86.318218527433515, 39.552290002033992 ], [ -86.318444498681515, 39.551606431384926 ], [ -86.318548271042701, 39.550519105864176 ], [ -86.318124409541355, 39.549545449456815 ], [ -86.317168284748433, 39.547860128604171 ], [ -86.316394117414774, 39.547045539717992 ], [ -86.315642033821518, 39.546380039855279 ], [ -86.315126689341199, 39.546050160690143 ], [ -86.313263202463901, 39.545362168037364 ], [ -86.31175117374066, 39.544978919444354 ], [ -86.31026577779518, 39.544240425159522 ], [ -86.30813398866465, 39.543292931005716 ], [ -86.305379158012158, 39.542383504939295 ], [ -86.304806333257716, 39.541336874477622 ], [ -86.304613589200343, 39.5407118015235 ], [ -86.304548369541706, 39.540144112575284 ], [ -86.304381940254672, 39.539896038207914 ], [ -86.304435252629219, 39.539618936285962 ], [ -86.305021179601439, 39.538846712933584 ], [ -86.305649673869667, 39.537622773930472 ], [ -86.306054763750154, 39.536624511038575 ], [ -86.306490638925055, 39.535025663608835 ], [ -86.306970016219424, 39.534019195626954 ], [ -86.307322456820401, 39.532236182302739 ], [ -86.308413012069437, 39.530283749490316 ], [ -86.310063129962003, 39.52867331061362 ], [ -86.311685609262753, 39.527294971576246 ], [ -86.314641021630592, 39.52516198813445 ], [ -86.316696254252378, 39.52355180524107 ], [ -86.317980012667078, 39.522843724720211 ], [ -86.319824735376812, 39.521979939851576 ], [ -86.32189185622326, 39.521224572272708 ], [ -86.32425161948602, 39.520521538444932 ], [ -86.325920230709883, 39.520224442542649 ], [ -86.329741868547444, 39.519095230098308 ], [ -86.331731184655595, 39.518671220269248 ], [ -86.332617197355802, 39.518572382022704 ], [ -86.333538929758078, 39.518784821665299 ], [ -86.335424605795254, 39.51939320792637 ], [ -86.335787948772889, 39.519730930409636 ], [ -86.336273972469883, 39.520609784541264 ], [ -86.336403891635882, 39.521384143957725 ], [ -86.336365082780517, 39.522787395220277 ], [ -86.336041840043123, 39.523852851838022 ], [ -86.335536501752827, 39.524742805837754 ], [ -86.335429281195999, 39.525482558875808 ], [ -86.335099044973674, 39.526248910057362 ], [ -86.334700856715827, 39.526707326635282 ], [ -86.334563371857257, 39.527122182377738 ], [ -86.335002654764523, 39.529381803942343 ], [ -86.335317304557449, 39.529915501205402 ], [ -86.336408905867998, 39.531014824228713 ], [ -86.337331874014779, 39.532554464351279 ], [ -86.338715450287154, 39.534474146359315 ], [ -86.339303369197779, 39.535618580758587 ], [ -86.339869202845804, 39.536474357951342 ], [ -86.34021405417252, 39.537685099248449 ], [ -86.340697815062953, 39.538333623742851 ], [ -86.340970462561316, 39.539255282923456 ], [ -86.34299943749464, 39.54366858998641 ], [ -86.343250596411849, 39.544567824517564 ], [ -86.343357006117643, 39.545920569254314 ], [ -86.343833351578709, 39.548664699036287 ], [ -86.343857288369335, 39.549687732594634 ], [ -86.344094594543861, 39.550561405780819 ], [ -86.344722593477528, 39.552102507897906 ], [ -86.346023515862257, 39.553734017853841 ], [ -86.346257273060317, 39.554188888712019 ], [ -86.346883678486108, 39.557926613866229 ], [ -86.34691736595326, 39.559087546268607 ], [ -86.347351195505681, 39.562241199028136 ], [ -86.34822396123819, 39.564026675354803 ], [ -86.348687128157351, 39.564764018158129 ], [ -86.349972205821118, 39.568187258739428 ], [ -86.350244080612754, 39.569278659253591 ], [ -86.351796962110043, 39.570832906687727 ], [ -86.352640221930486, 39.571364945799253 ], [ -86.354022714837186, 39.572429021669272 ], [ -86.354276877724118, 39.572819507845338 ], [ -86.354538100029117, 39.573691713792748 ], [ -86.351327371112816, 39.574190787958756 ], [ -86.350452882659326, 39.574528331008089 ], [ -86.349924805144539, 39.574843829257659 ], [ -86.34897819770157, 39.575817911246205 ], [ -86.348128484455543, 39.57693135134808 ], [ -86.347834868303224, 39.577446440270414 ], [ -86.347062607130908, 39.578278018924323 ], [ -86.345451741628352, 39.580372635363723 ], [ -86.345203097198834, 39.580538098899233 ], [ -86.344668968598796, 39.58070076828227 ], [ -86.343686577565933, 39.580793973638144 ], [ -86.341389570948579, 39.580514708264694 ], [ -86.340956846342706, 39.580402638647271 ], [ -86.340585681054804, 39.58013236265986 ], [ -86.340088470874548, 39.579524924415679 ], [ -86.339246750861932, 39.578013142200795 ], [ -86.338411345158605, 39.57700692320843 ], [ -86.338049685081344, 39.576763126810022 ], [ -86.337137894565032, 39.576348421650657 ], [ -86.336364117715789, 39.576094305126738 ], [ -86.335705628997118, 39.575979340616534 ], [ -86.33492345456456, 39.576105276129518 ], [ -86.333955194881469, 39.576470991923784 ], [ -86.332366836930944, 39.577370707505992 ], [ -86.331823095313553, 39.578171887904411 ], [ -86.331655917368465, 39.578602822871986 ], [ -86.331709620360968, 39.578877328158889 ], [ -86.332067912463387, 39.579317842197526 ], [ -86.332832497460259, 39.579724271411564 ], [ -86.334245338337325, 39.580231592447589 ], [ -86.336180696234564, 39.580570143528107 ], [ -86.336415928863431, 39.580732582967052 ], [ -86.33653191523814, 39.581025569542959 ], [ -86.336715266077647, 39.582295894675077 ], [ -86.336470437427494, 39.583348448726525 ], [ -86.336417573075181, 39.58419567078063 ], [ -86.336536593609125, 39.585189934444571 ], [ -86.336569405311366, 39.586734242349642 ], [ -86.336188962371722, 39.588568710957745 ], [ -86.335890488224393, 39.589004094664254 ], [ -86.335554043328642, 39.588959888487828 ], [ -86.332840880382733, 39.588208549735327 ], [ -86.332213819421227, 39.587687006084046 ], [ -86.332311346405291, 39.586828694726563 ], [ -86.331946406080291, 39.586366608080219 ], [ -86.331521874179373, 39.586154519590394 ], [ -86.331215665617606, 39.586182400682823 ], [ -86.329735426063706, 39.587342395134172 ], [ -86.323906786381642, 39.590030740075576 ], [ -86.321693697738397, 39.591484641870821 ], [ -86.321045212553884, 39.592032230926826 ], [ -86.32142735220161, 39.592693941928452 ], [ -86.321703455808418, 39.59427334510616 ], [ -86.321881239133262, 39.594807888050887 ], [ -86.321956279973037, 39.595336772774566 ], [ -86.322168345956356, 39.595883522393748 ], [ -86.322134470569253, 39.596364566443597 ], [ -86.321262083995137, 39.595872274300433 ], [ -86.320891438880381, 39.595446496820529 ], [ -86.320567419826418, 39.594840157408811 ], [ -86.319871640138331, 39.594237048632294 ], [ -86.318720239319944, 39.593633817695348 ], [ -86.31771054071605, 39.592975610229367 ], [ -86.317482926674643, 39.592614114009102 ], [ -86.317237832553545, 39.591448916874796 ], [ -86.317046012936956, 39.590968626271142 ], [ -86.317171305479206, 39.590445336911301 ], [ -86.317198980011867, 39.589611960260029 ], [ -86.316988581142681, 39.588896778305326 ], [ -86.315667118882658, 39.587457100729488 ], [ -86.314825530100734, 39.586754320492311 ], [ -86.314479901515725, 39.585902565080069 ], [ -86.314445925058024, 39.585302032762279 ], [ -86.314692562044797, 39.584744600489664 ], [ -86.31502650057034, 39.584263000520608 ], [ -86.315703669219957, 39.583697547475737 ], [ -86.31589959069413, 39.583415527159246 ], [ -86.315997431498715, 39.582693962119322 ], [ -86.315801067091058, 39.581731182972192 ], [ -86.315777770952977, 39.581071946283416 ], [ -86.316588296397796, 39.580144759140239 ], [ -86.316692437599087, 39.579632068993249 ], [ -86.316457327752545, 39.579008467578547 ], [ -86.316180904476653, 39.57864008450462 ], [ -86.315969379655328, 39.57852214398406 ], [ -86.315150199313933, 39.578394791947005 ], [ -86.313919502295647, 39.578407530734204 ], [ -86.31311344988984, 39.578717292711225 ], [ -86.311750948022535, 39.579395514746111 ], [ -86.310266527771461, 39.579961491484688 ], [ -86.309912308137072, 39.580226064540568 ], [ -86.309442227293161, 39.580774843891099 ], [ -86.30867414624602, 39.582242516085316 ], [ -86.308463670714602, 39.582877473048427 ], [ -86.307994883497443, 39.582947495593551 ], [ -86.307372790404912, 39.582583323833219 ], [ -86.307204503290166, 39.582299065642168 ], [ -86.3071465825291, 39.581422487457019 ], [ -86.307299144409086, 39.580458743851743 ], [ -86.307744242978373, 39.579307771968985 ], [ -86.307731090048065, 39.578446718402091 ], [ -86.307387425649281, 39.57771802040898 ], [ -86.306911328478648, 39.5771146852409 ], [ -86.306740117883706, 39.577024857178415 ], [ -86.306202391564398, 39.577033325336664 ], [ -86.304632792584599, 39.57751673491591 ], [ -86.302998173427284, 39.577854866876031 ], [ -86.30257291364363, 39.577857545852446 ], [ -86.301628172729437, 39.577668130505138 ], [ -86.300204598077627, 39.577741004379028 ], [ -86.29668466686104, 39.579165252942801 ], [ -86.2943250178635, 39.579667179587119 ], [ -86.292861675998935, 39.580149488045095 ] ] ] } },
{ "type": "Feature", "properties": { "fid_1": 1531, "aq_system": "Dissected Till and Residuum / Till Veneer / Unglaciated Southern Hills and Lowlands (southern IN only)", "aq_type": "residual, intertill, or basal fine-grained sand and gravel and/or weathered bedrock", "aq_thk_ft": "individual units, if present, are generally less than 3 (almost all of the wells started in these systems are completed in bedrock)", "yield_gpm": "generally less than 5; dry holes common", "more_info": "http://www.in.gov/dnr/water/4302.htm", "shape_Leng": 10297.9683172, "Shape_Le_1": 10121.361203599999, "Shape_Area": 7375329.4645100003 }, "geometry": { "type": "Polygon", "coordinates": [ [ [ -86.555137660323879, 39.600742454190836 ], [ -86.554956251681091, 39.60054497923484 ], [ -86.553769265614662, 39.599106932863364 ], [ -86.553420668431244, 39.598499565591482 ], [ -86.552603596499409, 39.597389807474173 ], [ -86.55146830869775, 39.59645753186539 ], [ -86.550310727186272, 39.595801163849167 ], [ -86.550016758861318, 39.595502761624104 ], [ -86.549656135469021, 39.594805721652349 ], [ -86.549244998512322, 39.593162357403493 ], [ -86.548850149081034, 39.592115421296519 ], [ -86.548488561108087, 39.589685300366931 ], [ -86.54843943184558, 39.588128274454085 ], [ -86.548591707324888, 39.58631008682385 ], [ -86.548915044123049, 39.584172619595826 ], [ -86.549150779987144, 39.583266956850025 ], [ -86.549463735571848, 39.582684791434929 ], [ -86.550861017060072, 39.581378554567515 ], [ -86.551396752319818, 39.580708860610692 ], [ -86.552728274526302, 39.579825006025764 ], [ -86.55445429330247, 39.578950553117977 ], [ -86.556324334419713, 39.578539547561171 ], [ -86.557583921770927, 39.578399429107549 ], [ -86.558539109965238, 39.578373069665339 ], [ -86.563168709437889, 39.577836621098449 ], [ -86.564251905590311, 39.577647535274686 ], [ -86.565958799601447, 39.577534518964612 ], [ -86.567499127484012, 39.57728510779679 ], [ -86.568313438901171, 39.577063302407993 ], [ -86.572172369045958, 39.576622976346584 ], [ -86.572977621356486, 39.576465129260342 ], [ -86.573661333408083, 39.576236803603372 ], [ -86.578048697842533, 39.576014042581669 ], [ -86.578976641863605, 39.576052638938378 ], [ -86.580828446036321, 39.576311188805278 ], [ -86.583989427306705, 39.576994887826665 ], [ -86.584967054912099, 39.577337796863858 ], [ -86.585541779373415, 39.577460220900505 ], [ -86.586177756074676, 39.578115623581724 ], [ -86.587019046410106, 39.579525436729455 ], [ -86.587266512287911, 39.58046928172206 ], [ -86.587373918408716, 39.581640634526188 ], [ -86.587314479195172, 39.582222674312725 ], [ -86.587401835641444, 39.583846986183936 ], [ -86.587293835384855, 39.584682729585339 ], [ -86.586519237269854, 39.587084501153697 ], [ -86.585781807959989, 39.588718259840462 ], [ -86.582672683674502, 39.592212969996424 ], [ -86.578403580328427, 39.596612750028349 ], [ -86.576364495262823, 39.598987969709995 ], [ -86.575488514134804, 39.599721038655346 ], [ -86.573775752712947, 39.600798325795765 ], [ -86.57377466812359, 39.600799119235532 ], [ -86.559662603206206, 39.600754449603542 ], [ -86.559274604696441, 39.600752978518479 ], [ -86.555137979101559, 39.600743239313822 ], [ -86.555137660323879, 39.600742454190836 ] ] ] } },
{ "type": "Feature", "properties": { "fid_1": 1533, "aq_system": "Dissected Till and Residuum / Till Veneer / Unglaciated Southern Hills and Lowlands (southern IN only)", "aq_type": "residual, intertill, or basal fine-grained sand and gravel and/or weathered bedrock", "aq_thk_ft": "individual units, if present, are generally less than 3 (almost all of the wells started in these systems are completed in bedrock)", "yield_gpm": "generally less than 5; dry holes common", "more_info": "http://www.in.gov/dnr/water/4302.htm", "shape_Leng": 458531.91294499999, "Shape_Le_1": 167018.767483, "Shape_Area": 276800041.542 }, "geometry": { "type": "Polygon", "coordinates": [ [ [ -86.397653461882541, 39.586328876972267 ], [ -86.397955278115617, 39.58630424892511 ], [ -86.398104545614217, 39.586211486635605 ], [ -86.399159564504458, 39.585014358168863 ], [ -86.399728608570911, 39.584019815812447 ], [ -86.400324694314193, 39.58133420064258 ], [ -86.400267704139424, 39.580744641502889 ], [ -86.399983361919837, 39.580100413147285 ], [ -86.398543559505995, 39.578027416884723 ], [ -86.397828348462014, 39.577313421246942 ], [ -86.397150028837814, 39.576452137158554 ], [ -86.395908792635808, 39.575246241933598 ], [ -86.394998493600312, 39.574573730703484 ], [ -86.393676248561405, 39.574002198188992 ], [ -86.391787166969166, 39.573396841904803 ], [ -86.389968399054013, 39.573115569373527 ], [ -86.389228060228021, 39.573094004112249 ], [ -86.387604026544523, 39.573181945606024 ], [ -86.386535238457697, 39.572840624394352 ], [ -86.386220109818254, 39.572632872533141 ], [ -86.386101258908468, 39.572383855869461 ], [ -86.386117519683367, 39.571808776469339 ], [ -86.386464728102382, 39.570490168867465 ], [ -86.386840715305794, 39.567050330197553 ], [ -86.387181426873639, 39.565086930959083 ], [ -86.386968794334464, 39.564263891454054 ], [ -86.386699478038125, 39.563676555018482 ], [ -86.386310749271857, 39.563053130643141 ], [ -86.38572095328793, 39.562323445176943 ], [ -86.384185983963391, 39.560807645393609 ], [ -86.381893433341418, 39.559198671263651 ], [ -86.38121488178335, 39.558871339691443 ], [ -86.379333161035703, 39.557738940000462 ], [ -86.377598182047123, 39.556302211050763 ], [ -86.376886750056684, 39.55558074911167 ], [ -86.37647227793974, 39.553670762623682 ], [ -86.376356633387459, 39.552268366764373 ], [ -86.376206123862758, 39.551657421730546 ], [ -86.375947184330315, 39.551069871875164 ], [ -86.375548951999932, 39.55048387345218 ], [ -86.3749585982155, 39.549982256494069 ], [ -86.373561763726684, 39.549174353997948 ], [ -86.372210710198758, 39.548546431393255 ], [ -86.37190657916338, 39.547836582322113 ], [ -86.37211807344336, 39.547226308765154 ], [ -86.372087420401471, 39.547024829108054 ], [ -86.372434507076306, 39.546665155776893 ], [ -86.372777527122878, 39.546037388135119 ], [ -86.373183666897361, 39.544831870060626 ], [ -86.37238190729957, 39.538546422484423 ], [ -86.372262545993578, 39.534381636220118 ], [ -86.37235662147981, 39.533421790617901 ], [ -86.373420053492268, 39.529836419665841 ], [ -86.374234933280974, 39.527440428846901 ], [ -86.374934862076344, 39.526268613754603 ], [ -86.37581520414993, 39.525281211069107 ], [ -86.37772554228647, 39.524184867255997 ], [ -86.378473303644569, 39.52388217023622 ], [ -86.379116983076642, 39.523794629721088 ], [ -86.381132400482585, 39.523732564256989 ], [ -86.382587840656626, 39.524126663235627 ], [ -86.384063472836189, 39.524419513243096 ], [ -86.386122137867972, 39.524647065368825 ], [ -86.387478424132325, 39.524679322885696 ], [ -86.388939981668898, 39.524940306596321 ], [ -86.390699955812195, 39.525488945100868 ], [ -86.391502726274865, 39.525878803340269 ], [ -86.392448473901041, 39.526510091239821 ], [ -86.394075631356799, 39.527118067841208 ], [ -86.394456231592727, 39.527150264012342 ], [ -86.395485403532092, 39.527070562067912 ], [ -86.397632955411098, 39.527144337385721 ], [ -86.399680191881856, 39.527519085016792 ], [ -86.401616664051232, 39.52769565449627 ], [ -86.403365850614605, 39.527710334720993 ], [ -86.404395490780786, 39.527521032529009 ], [ -86.405138545855465, 39.5271216415547 ], [ -86.405812626299223, 39.52627493361603 ], [ -86.406405604269295, 39.525741192701346 ], [ -86.406638901260067, 39.525404825328906 ], [ -86.406733208359228, 39.52493042625067 ], [ -86.406688988539031, 39.523238839789222 ], [ -86.4068854214173, 39.522244711521537 ], [ -86.406879045304464, 39.521659658118971 ], [ -86.406102446970181, 39.520394530360583 ], [ -86.405148879403029, 39.518099873119667 ], [ -86.405089677975056, 39.517169960068273 ], [ -86.405222966643649, 39.516816904882049 ], [ -86.405636668983632, 39.516386494235469 ], [ -86.406865137916697, 39.515822206144477 ], [ -86.408093403829056, 39.515550625103472 ], [ -86.408903106579771, 39.515149767736943 ], [ -86.409708238731568, 39.514931848900666 ], [ -86.410414939653947, 39.514611807072527 ], [ -86.412734220697772, 39.513913742972093 ], [ -86.41277980296509, 39.514078612503312 ], [ -86.412723441902671, 39.514461774575437 ], [ -86.412197994426705, 39.515757118170121 ], [ -86.412112970206621, 39.516241554885227 ], [ -86.412135739159908, 39.51694083519741 ], [ -86.412351940183342, 39.517255163528418 ], [ -86.412782894023309, 39.517429664482684 ], [ -86.413832418821855, 39.517601047408519 ], [ -86.414214645686855, 39.517571922190207 ], [ -86.415237276259305, 39.517358112772484 ], [ -86.415768040894577, 39.517317113957063 ], [ -86.416036371192632, 39.517139033171411 ], [ -86.41662738284316, 39.516210404825628 ], [ -86.416913647467965, 39.515563693776699 ], [ -86.41716804526979, 39.514767691718788 ], [ -86.417508514567203, 39.513281432568455 ], [ -86.417690862616823, 39.512802418626457 ], [ -86.417784672620229, 39.512006668159714 ], [ -86.417517078703497, 39.511420115505537 ], [ -86.417064108364769, 39.51098618752831 ], [ -86.416424311281247, 39.510758728620551 ], [ -86.415723371839604, 39.510656089188004 ], [ -86.415136969514919, 39.510685778359282 ], [ -86.415338965217188, 39.509643761595534 ], [ -86.415442551191333, 39.509449037177674 ], [ -86.416129553944359, 39.508896168196713 ], [ -86.417074764012597, 39.507879859254516 ], [ -86.41876378205167, 39.50696742028687 ], [ -86.42014137306775, 39.506003517150198 ], [ -86.420803205025138, 39.50542805390063 ], [ -86.421609598669576, 39.504593482413284 ], [ -86.422398859846652, 39.503500527224787 ], [ -86.423354869880427, 39.50238844525181 ], [ -86.425567140779023, 39.500718876864127 ], [ -86.42697106915837, 39.499308050359708 ], [ -86.427638246835542, 39.498403485933672 ], [ -86.429467490952803, 39.496265827861556 ], [ -86.429606026775176, 39.495993001924425 ], [ -86.429690441314818, 39.495440837984276 ], [ -86.429570911867771, 39.494851585575624 ], [ -86.429326069730323, 39.494278006289733 ], [ -86.429345467729277, 39.493530417045548 ], [ -86.429796060268771, 39.49185846475735 ], [ -86.43021901551063, 39.490544809255702 ], [ -86.430580085108659, 39.489623839597989 ], [ -86.43089992000958, 39.489304828573538 ], [ -86.431199080502907, 39.489266848902297 ], [ -86.431730369438753, 39.488547062165679 ], [ -86.432713017763206, 39.48760271183874 ], [ -86.434148019599917, 39.486599239556512 ], [ -86.435196196227267, 39.485721497768573 ], [ -86.436285349549109, 39.485877951692999 ], [ -86.437068266293068, 39.486221537637654 ], [ -86.437805850653803, 39.48670661656579 ], [ -86.438986217128459, 39.4876891550552 ], [ -86.439235763621113, 39.488224883382557 ], [ -86.439443267944228, 39.489278612186233 ], [ -86.439657594341682, 39.489739929355281 ], [ -86.439826911959869, 39.490543435071501 ], [ -86.440110206560178, 39.490933138235917 ], [ -86.442502923230222, 39.492317367829003 ], [ -86.444104983337624, 39.493113093953404 ], [ -86.444888975609985, 39.493679363915007 ], [ -86.445654012319196, 39.494341719965078 ], [ -86.446249321718696, 39.494930648834341 ], [ -86.446750960275779, 39.495863289756016 ], [ -86.448223659662673, 39.497548646106381 ], [ -86.449191440625839, 39.498891605564999 ], [ -86.449246926558772, 39.499163726986893 ], [ -86.450322220208548, 39.500455807221456 ], [ -86.450632646749909, 39.501023057258067 ], [ -86.451506776199338, 39.503932378778231 ], [ -86.452164968465553, 39.505375451916564 ], [ -86.452818197948744, 39.507336947820036 ], [ -86.453611942849335, 39.507887013954104 ], [ -86.454484630367432, 39.508347719533113 ], [ -86.454999044237582, 39.508400141252672 ], [ -86.455633068290695, 39.508308204203075 ], [ -86.456196297265365, 39.507904669676996 ], [ -86.456299697336121, 39.507656456520778 ], [ -86.456303375906117, 39.507282656362818 ], [ -86.455967514304007, 39.506546520143786 ], [ -86.455178084878497, 39.505505347084913 ], [ -86.454678137100728, 39.504681506460642 ], [ -86.453739994615361, 39.501742371681132 ], [ -86.45345298243771, 39.500307355762835 ], [ -86.453223829059439, 39.49970955782139 ], [ -86.452331492833622, 39.498073139444223 ], [ -86.451363814554327, 39.49676986785741 ], [ -86.450483509828473, 39.495797374869838 ], [ -86.449862911462219, 39.495246927410982 ], [ -86.449379828756193, 39.49470484362179 ], [ -86.44778538743391, 39.493283163485643 ], [ -86.44649226342851, 39.492271153384024 ], [ -86.445049507590014, 39.491334533752472 ], [ -86.443303464028176, 39.490493175035418 ], [ -86.442075712625609, 39.489466814412552 ], [ -86.441939666716564, 39.489150082572181 ], [ -86.441914094653555, 39.488456406898244 ], [ -86.44178493776802, 39.487850136899588 ], [ -86.441867710535021, 39.487056502157799 ], [ -86.441712109464206, 39.486504112256299 ], [ -86.440582758055228, 39.484467978751333 ], [ -86.439809596639961, 39.483458629863129 ], [ -86.439273215030227, 39.482977795656716 ], [ -86.439180306480509, 39.482601111338759 ], [ -86.438979561917563, 39.482369387930454 ], [ -86.439194055554637, 39.481036729576154 ], [ -86.439266875596203, 39.479700133710814 ], [ -86.438762343866216, 39.475215133602205 ], [ -86.438415566050139, 39.473106530807826 ], [ -86.43874914955552, 39.470133777747776 ], [ -86.438608086800571, 39.469148957057214 ], [ -86.438770462780482, 39.467583441106171 ], [ -86.439265327901467, 39.465970513460775 ], [ -86.439698422322394, 39.465232051667542 ], [ -86.440402400560515, 39.464396371450867 ], [ -86.44128278340601, 39.463111609506257 ], [ -86.441977351471891, 39.461721383372073 ], [ -86.442163873977805, 39.460234139345431 ], [ -86.441823364155795, 39.458164324848347 ], [ -86.441966918470044, 39.456123127853715 ], [ -86.441916721918716, 39.455448435244222 ], [ -86.442037787036568, 39.454544556921363 ], [ -86.442444583506457, 39.453706364128116 ], [ -86.44276001391799, 39.453593042468924 ], [ -86.444857186590241, 39.452015224197112 ], [ -86.445234614477243, 39.451897514288795 ], [ -86.44583641651765, 39.451968375302378 ], [ -86.446023505468204, 39.4522411029903 ], [ -86.445983919286405, 39.452774800797449 ], [ -86.445764315633113, 39.453363555916496 ], [ -86.445217513126011, 39.454247121391852 ], [ -86.445359855538854, 39.454754223168507 ], [ -86.446306770363037, 39.45583334911128 ], [ -86.448161794828323, 39.45689427581604 ], [ -86.448841961042916, 39.456678709297748 ], [ -86.449211380947347, 39.456420520768226 ], [ -86.44945762834675, 39.455998630615078 ], [ -86.4498957750437, 39.454358654517264 ], [ -86.450268792306517, 39.453858839387195 ], [ -86.450628781638443, 39.453573488794632 ], [ -86.451445854491581, 39.453121243774675 ], [ -86.452630299572021, 39.452723906555391 ], [ -86.454299031992278, 39.452539906862825 ], [ -86.454826499499163, 39.452566188315835 ], [ -86.455525073208861, 39.452732542304744 ], [ -86.457356137632814, 39.453736421721047 ], [ -86.457855280805575, 39.454072164237552 ], [ -86.458375646474892, 39.454704165676759 ], [ -86.458854101648768, 39.455089460292143 ], [ -86.461490938469964, 39.456687147581313 ], [ -86.461969848964117, 39.456694016272635 ], [ -86.462655767633365, 39.456432022555227 ], [ -86.463173356963097, 39.456066910327905 ], [ -86.463394224034332, 39.4556974463827 ], [ -86.463304253161922, 39.454419863419005 ], [ -86.462960913232507, 39.45340594030155 ], [ -86.462057891334638, 39.449451991187452 ], [ -86.461692431157999, 39.448445438228482 ], [ -86.461535448639395, 39.447409219657892 ], [ -86.461301718220597, 39.447010903851719 ], [ -86.460262733720754, 39.445839413334404 ], [ -86.459010535992732, 39.444570335549663 ], [ -86.457764713454878, 39.44375969392614 ], [ -86.455784187715821, 39.442867681780896 ], [ -86.455090972121297, 39.442701532801763 ], [ -86.452921025446898, 39.442720878711945 ], [ -86.450714528410913, 39.442915204417687 ], [ -86.449699502871979, 39.442835502333175 ], [ -86.449046834654837, 39.442869447858605 ], [ -86.447900012144785, 39.443030812022975 ], [ -86.44673392419682, 39.443363919543984 ], [ -86.44670670405516, 39.442725024975793 ], [ -86.446856404739833, 39.441991674055522 ], [ -86.447840879461992, 39.440840266841747 ], [ -86.448559381872656, 39.43950551415616 ], [ -86.450125965211271, 39.437889409752941 ], [ -86.451614881126673, 39.436102962257522 ], [ -86.454189077719022, 39.433522320514157 ], [ -86.454978840414057, 39.432872339424186 ], [ -86.455952262582571, 39.432408665636345 ], [ -86.458116111640564, 39.43104159745193 ], [ -86.459610549087941, 39.430269294131023 ], [ -86.461919646625446, 39.429639395357988 ], [ -86.464045477701546, 39.42922918256086 ], [ -86.465901474125062, 39.428779743070542 ], [ -86.466756247726892, 39.428608766811188 ], [ -86.471442655747012, 39.42689135962592 ], [ -86.472097185082831, 39.426993810918496 ], [ -86.473558174649455, 39.42850269150442 ], [ -86.474727201857803, 39.429222367835578 ], [ -86.475233668349048, 39.429820449289743 ], [ -86.476417651957348, 39.433772374918526 ], [ -86.476700308309091, 39.435381472143078 ], [ -86.476981181947622, 39.438175695400773 ], [ -86.477424424630939, 39.43962846953076 ], [ -86.477938026566179, 39.44060209802592 ], [ -86.479809541515152, 39.442983956099418 ], [ -86.480566082333539, 39.444221116769604 ], [ -86.480786427204578, 39.444865087686139 ], [ -86.480842560323438, 39.446178999950533 ], [ -86.480514630734774, 39.447114849061002 ], [ -86.479124903052494, 39.448248404749194 ], [ -86.478535133387538, 39.448625482625673 ], [ -86.4780503542258, 39.449124922116326 ], [ -86.477501871833709, 39.449473740732415 ], [ -86.476915065410523, 39.450210537886989 ], [ -86.476863894714171, 39.451302004051669 ], [ -86.476994596852819, 39.451684661345737 ], [ -86.477275404279638, 39.451999944388938 ], [ -86.477413038286826, 39.452304241163468 ], [ -86.477913303623268, 39.452595936669354 ], [ -86.478179566482964, 39.452633074832093 ], [ -86.478972224698126, 39.452557671531338 ], [ -86.479605312958071, 39.452255222021364 ], [ -86.480259313256795, 39.451546157160465 ], [ -86.480643291038831, 39.450991112904049 ], [ -86.480933499542772, 39.450459781014821 ], [ -86.481309623942963, 39.449206165273289 ], [ -86.481576783564577, 39.448810412050456 ], [ -86.48186742950017, 39.448554066527429 ], [ -86.482141405618222, 39.448512738731786 ], [ -86.483035694936177, 39.448576825883229 ], [ -86.485124168541475, 39.448866608651763 ], [ -86.485677058668998, 39.449051541893759 ], [ -86.486272417176266, 39.449430500406969 ], [ -86.489152331577941, 39.452190587607923 ], [ -86.489455494212606, 39.452597688009988 ], [ -86.490096090859439, 39.45284419319448 ], [ -86.490689293436191, 39.45288229684251 ], [ -86.491524509703254, 39.452469772249515 ], [ -86.492403300691251, 39.452325885107619 ], [ -86.493242813481331, 39.452075431275112 ], [ -86.494645458672835, 39.452042239215039 ], [ -86.495489251395782, 39.452415444747416 ], [ -86.496161871906381, 39.452840662433388 ], [ -86.49715844941781, 39.453656945511831 ], [ -86.497645507941897, 39.454176036266155 ], [ -86.497895049097693, 39.454300712057716 ], [ -86.498486748776514, 39.454364481173769 ], [ -86.499796878058604, 39.454123797286051 ], [ -86.500452656681432, 39.454130846331658 ], [ -86.502108032954737, 39.454376292816264 ], [ -86.503159424684256, 39.454723990594864 ], [ -86.503814748574072, 39.455289750742594 ], [ -86.504141012430807, 39.455899355812392 ], [ -86.504164144578326, 39.456427493571219 ], [ -86.504444333975698, 39.45725055657087 ], [ -86.504971395820007, 39.458233302947505 ], [ -86.505416867885742, 39.458614453588325 ], [ -86.505840520501394, 39.458520768453361 ], [ -86.507283081084324, 39.457349325782104 ], [ -86.508113976112639, 39.456808631674186 ], [ -86.508977958676425, 39.457004919900974 ], [ -86.50944561646601, 39.456994313742811 ], [ -86.509763803369069, 39.456891834566648 ], [ -86.510184535210641, 39.456614692763253 ], [ -86.510357546637664, 39.456390378331157 ], [ -86.510456164452975, 39.456053145222938 ], [ -86.510399048372463, 39.455661407446442 ], [ -86.510111257188427, 39.455330727070276 ], [ -86.509038314390054, 39.454709457708617 ], [ -86.507785190398607, 39.454210721389657 ], [ -86.505919913544702, 39.45332970426459 ], [ -86.505260498272833, 39.452660998711188 ], [ -86.5049641023883, 39.451815115426832 ], [ -86.505020978250357, 39.449808901326044 ], [ -86.504952130402145, 39.449024499162363 ], [ -86.504856428194756, 39.448679159880051 ], [ -86.504608507950422, 39.448381903357181 ], [ -86.50402403892376, 39.448789958594354 ], [ -86.503603684696685, 39.449665500730895 ], [ -86.502658468557556, 39.450942738306395 ], [ -86.501642443621563, 39.45176283747665 ], [ -86.500764448741634, 39.452078624452604 ], [ -86.500154198243081, 39.45198359885854 ], [ -86.498068414670882, 39.451316843880612 ], [ -86.495977337009464, 39.450854381531315 ], [ -86.49093445561202, 39.449412635850024 ], [ -86.489322011618725, 39.448744343810731 ], [ -86.4882608357631, 39.448073108446373 ], [ -86.487277338380864, 39.44721003871021 ], [ -86.486297825663158, 39.446116853908677 ], [ -86.485594229780546, 39.44526519304133 ], [ -86.484631242722912, 39.443847486404124 ], [ -86.481906217698977, 39.43851649972931 ], [ -86.480876899765747, 39.436058104098116 ], [ -86.480541412079859, 39.435513077389075 ], [ -86.479620766341498, 39.433464324947437 ], [ -86.479160961905961, 39.431754326855859 ], [ -86.478655676864875, 39.430320010633729 ], [ -86.478378663507272, 39.427512080823043 ], [ -86.47817063796424, 39.427163677522174 ], [ -86.477905430168875, 39.426244397008709 ], [ -86.47787978614133, 39.425097710681243 ], [ -86.478793086468741, 39.424082170321533 ], [ -86.48073877136197, 39.422443219005324 ], [ -86.481682749891377, 39.421413006721934 ], [ -86.483018121422219, 39.419354757100805 ], [ -86.483315046026249, 39.418646092276305 ], [ -86.483845511448195, 39.417852233042723 ], [ -86.48406216119831, 39.416951329245506 ], [ -86.484564125019702, 39.415976612735129 ], [ -86.484988132313774, 39.415537761249269 ], [ -86.486059942099601, 39.414737688740679 ], [ -86.486187152150734, 39.414943675294573 ], [ -86.486402147613688, 39.415927810945092 ], [ -86.486374514692642, 39.416542853487059 ], [ -86.485970902643288, 39.417822791819482 ], [ -86.484857974283059, 39.420737199378159 ], [ -86.484724618854571, 39.422067202503634 ], [ -86.484723738491581, 39.42319807144861 ], [ -86.48482693325262, 39.423678397670642 ], [ -86.485341632452162, 39.424892062086471 ], [ -86.48656585509795, 39.426855653060912 ], [ -86.486793340460267, 39.427365984242023 ], [ -86.487456090472591, 39.428447117473759 ], [ -86.488491125168892, 39.429746320446029 ], [ -86.489852510512392, 39.43128413224823 ], [ -86.490965707564115, 39.432841106861083 ], [ -86.491570750279777, 39.433366079555775 ], [ -86.492737019503636, 39.434037540722535 ], [ -86.493104227417263, 39.434062652932035 ], [ -86.4939674089498, 39.433793560889427 ], [ -86.49479088962913, 39.433344196600245 ], [ -86.495729909323813, 39.432640872032074 ], [ -86.496778075288987, 39.432264726228418 ], [ -86.497367885519935, 39.431920012514041 ], [ -86.498339208720367, 39.432925744060235 ], [ -86.499153000111107, 39.433863380757167 ], [ -86.499698785968789, 39.43483075392647 ], [ -86.500465557867557, 39.437271844861954 ], [ -86.500698607003031, 39.438680448895909 ], [ -86.501032256171484, 39.439686940234552 ], [ -86.501247484958867, 39.440155910360133 ], [ -86.501346703826272, 39.440923957504374 ], [ -86.501557871543127, 39.441143099513809 ], [ -86.5019108786923, 39.441328906572444 ], [ -86.502414300306015, 39.441378912125778 ], [ -86.502664955497949, 39.441337021589128 ], [ -86.503316947609207, 39.441022974825586 ], [ -86.504024010265965, 39.440403399559678 ], [ -86.504776308457053, 39.439412020306968 ], [ -86.505352300298625, 39.438462334428543 ], [ -86.507029374664342, 39.434375712991709 ], [ -86.507439468761604, 39.433281749097702 ], [ -86.507587621156773, 39.432636429307095 ], [ -86.507558296000141, 39.430521234496993 ], [ -86.507331120530495, 39.428395366919624 ], [ -86.506451862389468, 39.426594544523297 ], [ -86.506133071983086, 39.426206575992666 ], [ -86.505558601515759, 39.425283013925892 ], [ -86.505466995108449, 39.42471033042753 ], [ -86.505607590145445, 39.424538268106517 ], [ -86.506448752521479, 39.424011224570883 ], [ -86.507791722652598, 39.422948540000803 ], [ -86.508662115904315, 39.422050338630477 ], [ -86.508894611638169, 39.421733482759748 ], [ -86.509251533069587, 39.421031304999929 ], [ -86.509390376531371, 39.420684958493439 ], [ -86.509480585914545, 39.420176663933802 ], [ -86.509722030940779, 39.419626818922474 ], [ -86.509921214045363, 39.419919958023335 ], [ -86.510139230415831, 39.420788357696473 ], [ -86.510706958185949, 39.422023743054261 ], [ -86.511460184790948, 39.422749865618364 ], [ -86.512429146069451, 39.423409679139603 ], [ -86.513590679253653, 39.423738422802565 ], [ -86.517106030948312, 39.425100467095127 ], [ -86.519128037574077, 39.425444510228637 ], [ -86.520275979212855, 39.42549918873371 ], [ -86.521634010320369, 39.425416040065549 ], [ -86.523099467854607, 39.425200225297026 ], [ -86.525884574033, 39.424527301695598 ], [ -86.528763012786669, 39.423353498606936 ], [ -86.529388931592806, 39.422993849773917 ], [ -86.530645776341203, 39.42203819941605 ], [ -86.532333599983076, 39.419920391450212 ], [ -86.533095192847895, 39.419371872911277 ], [ -86.533927288064845, 39.419167637645586 ], [ -86.535183501048195, 39.4190891855703 ], [ -86.535801572272689, 39.419185064224571 ], [ -86.53700235225331, 39.419048799550971 ], [ -86.537980600996093, 39.41883273441583 ], [ -86.538431070933598, 39.418651802861348 ], [ -86.538808475762252, 39.418385438269453 ], [ -86.538980225919175, 39.418147430494642 ], [ -86.539126321408787, 39.417722191204284 ], [ -86.539083826704356, 39.41724464298116 ], [ -86.539178300811344, 39.416797963608929 ], [ -86.539313140943335, 39.41654963241978 ], [ -86.539545838872414, 39.416382818561779 ], [ -86.540985523690537, 39.416039088362879 ], [ -86.543574383457326, 39.415836061567909 ], [ -86.545007899571317, 39.417360041845782 ], [ -86.545429253172571, 39.418223841009599 ], [ -86.545446357871214, 39.419259504795363 ], [ -86.545222891229841, 39.419694228791101 ], [ -86.54346614466148, 39.421368442889822 ], [ -86.542014298626583, 39.422975985874253 ], [ -86.541270542068844, 39.424048824337866 ], [ -86.541145561815412, 39.424766579625548 ], [ -86.54128084993593, 39.424997417088022 ], [ -86.541888328916855, 39.425549884544004 ], [ -86.542688833885776, 39.425961878631249 ], [ -86.545317483451996, 39.426560456167977 ], [ -86.545901463875424, 39.426849617180274 ], [ -86.546956139930643, 39.427224364203894 ], [ -86.547475407520352, 39.427682404855467 ], [ -86.547885865874633, 39.428295925071161 ], [ -86.547966258091989, 39.428682217179123 ], [ -86.547890026095374, 39.429514801098023 ], [ -86.546879584495912, 39.430253132220912 ], [ -86.545802821302445, 39.431286554126324 ], [ -86.545367720614237, 39.433310294687331 ], [ -86.545452868417485, 39.43579379876202 ], [ -86.545673400292358, 39.437240150174311 ], [ -86.546005673167983, 39.437935530438089 ], [ -86.546324830311818, 39.438229181220294 ], [ -86.547032396099098, 39.438513741549606 ], [ -86.547656090278835, 39.438564846818103 ], [ -86.548079678782912, 39.438447085495227 ], [ -86.548264997945921, 39.438152760641223 ], [ -86.548391512309976, 39.437405974784717 ], [ -86.548197646348399, 39.436745709986987 ], [ -86.548208767642137, 39.436509750494288 ], [ -86.548347871146134, 39.436147829281097 ], [ -86.549137349425536, 39.434840664012142 ], [ -86.549147513127835, 39.433501805006628 ], [ -86.54967678959504, 39.433053694977104 ], [ -86.551384965316245, 39.432002967202934 ], [ -86.551523015108103, 39.43184726146724 ], [ -86.551499195445743, 39.430803930120192 ], [ -86.551186863961604, 39.430176075401029 ], [ -86.551083620345835, 39.429589442303964 ], [ -86.551352687328389, 39.428125555203877 ], [ -86.5512261386109, 39.427727059902651 ], [ -86.550840918515902, 39.42730957708438 ], [ -86.549640367929371, 39.42647191413409 ], [ -86.549177442621058, 39.425961634247628 ], [ -86.548836408351477, 39.425293977762081 ], [ -86.54805772414052, 39.422895184188782 ], [ -86.547879089202411, 39.422065362748441 ], [ -86.547877419119899, 39.421511092377088 ], [ -86.547947914727828, 39.420841548039782 ], [ -86.548279492370028, 39.419708209560646 ], [ -86.548420346785079, 39.418603808081166 ], [ -86.548032271511858, 39.41713161536277 ], [ -86.54766808558152, 39.416537342890265 ], [ -86.547313969612048, 39.41616323154927 ], [ -86.546662112091084, 39.415751223680246 ], [ -86.545393917250408, 39.414732875836314 ], [ -86.54499646017085, 39.414526109650559 ], [ -86.544702217244037, 39.414460981865844 ], [ -86.544485181519974, 39.414211766058244 ], [ -86.543758812356685, 39.412908246237059 ], [ -86.54346155010181, 39.411355903640114 ], [ -86.54363234160796, 39.410161520022122 ], [ -86.544039998987472, 39.409560178792191 ], [ -86.545131077424742, 39.40864843631968 ], [ -86.545796731708549, 39.408475303779333 ], [ -86.547119710737078, 39.408490437060344 ], [ -86.549593158097167, 39.409104732663245 ], [ -86.551285000302286, 39.40885755696776 ], [ -86.552097326605207, 39.40896401349206 ], [ -86.553375372569576, 39.409438688241252 ], [ -86.554205620729689, 39.409898022377043 ], [ -86.556021300407494, 39.411874739806841 ], [ -86.556521528836996, 39.41263170363645 ], [ -86.557162835170899, 39.413260455283925 ], [ -86.557963814694062, 39.414397525842496 ], [ -86.558422784469514, 39.416003799038691 ], [ -86.558819103811359, 39.416873628371242 ], [ -86.559291738805911, 39.417311441073402 ], [ -86.560109922727932, 39.417769386752845 ], [ -86.561620734023805, 39.418052695570452 ], [ -86.563021276187087, 39.417857880534036 ], [ -86.564048621855818, 39.418079719062831 ], [ -86.565708011740782, 39.418072883748536 ], [ -86.567260681110781, 39.417905817488553 ], [ -86.568524287242099, 39.417684384987275 ], [ -86.569612479441588, 39.417628887987284 ], [ -86.570725989300826, 39.417477147572328 ], [ -86.571420501379734, 39.417485981521416 ], [ -86.574849602485799, 39.416433305684045 ], [ -86.575914330327848, 39.415945423304933 ], [ -86.577392163045943, 39.414720439120337 ], [ -86.577670692924968, 39.414302668175267 ], [ -86.57782553710706, 39.413873444817668 ], [ -86.578144205301101, 39.412256438818822 ], [ -86.578028938423699, 39.407337137313831 ], [ -86.57816570981376, 39.4055817367503 ], [ -86.579196610785871, 39.402433884619747 ], [ -86.579545476054236, 39.401691959848506 ], [ -86.580719033858045, 39.40001830578754 ], [ -86.584059570775935, 39.396399100575124 ], [ -86.584297683499685, 39.395323927527862 ], [ -86.584211919175885, 39.393425446178419 ], [ -86.5844235518571, 39.392494034430072 ], [ -86.584760959325209, 39.391852717417756 ], [ -86.585077645682333, 39.391532411066926 ], [ -86.585462720499848, 39.391306089460116 ], [ -86.586035170320883, 39.391449748784531 ], [ -86.586648974040358, 39.391828396375828 ], [ -86.587752292424128, 39.392280117484738 ], [ -86.588747512010841, 39.392492829169065 ], [ -86.589455069430684, 39.392728407764842 ], [ -86.590563514484586, 39.392892075169343 ], [ -86.592278092353823, 39.392988328335598 ], [ -86.593592009166272, 39.392926336976345 ], [ -86.596476858943305, 39.392421134001133 ], [ -86.598464951126289, 39.392157059150186 ], [ -86.601706129422382, 39.391258345078498 ], [ -86.602815979794642, 39.39071471501844 ], [ -86.603325588986834, 39.390395721823232 ], [ -86.604259455087288, 39.389712341591469 ], [ -86.605070969550368, 39.38897902467432 ], [ -86.606468143792256, 39.387344344856118 ], [ -86.608489516898601, 39.384328145673059 ], [ -86.609086354767143, 39.383891011265426 ], [ -86.60987533036095, 39.383521689423524 ], [ -86.610629597480326, 39.383410834847055 ], [ -86.611889256138056, 39.383037202889 ], [ -86.61321511557297, 39.382353454311939 ], [ -86.615361081526842, 39.381786040370613 ], [ -86.616488128519563, 39.381636115866172 ], [ -86.617618504784673, 39.381335857321091 ], [ -86.61915608181657, 39.380846909314037 ], [ -86.621133801815716, 39.380318088563399 ], [ -86.622476138187238, 39.379778728654038 ], [ -86.623735827469929, 39.379097601269962 ], [ -86.626890472727439, 39.377069623254435 ], [ -86.628984053696684, 39.375751291199649 ], [ -86.630040366455745, 39.375312909205043 ], [ -86.630788845292088, 39.375247517556787 ], [ -86.630789111939066, 39.375247369725649 ], [ -86.630834767329574, 39.38458233011422 ], [ -86.63096413197411, 39.399013396902518 ], [ -86.631163284591381, 39.413570798666683 ], [ -86.630791223684867, 39.426572013774198 ], [ -86.631618813257631, 39.426615185505433 ], [ -86.631736776197386, 39.441037100913249 ], [ -86.631933581959544, 39.455666474229268 ], [ -86.632132587426412, 39.470165163961994 ], [ -86.651090688423935, 39.470277652842547 ], [ -86.669881557110884, 39.470120763851952 ], [ -86.687177285569064, 39.470060447993177 ], [ -86.687165943313303, 39.470483915753825 ], [ -86.687204376024681, 39.484779320371224 ], [ -86.687254292792574, 39.496186836536808 ], [ -86.687269348828636, 39.497708363286364 ], [ -86.686254291777558, 39.497207825909889 ], [ -86.685214969803638, 39.496519647428443 ], [ -86.678412457068475, 39.493977509627626 ], [ -86.676770856765287, 39.49365979288379 ], [ -86.675543315197046, 39.493698140619088 ], [ -86.674206892986831, 39.493502543581947 ], [ -86.67269818335258, 39.493436946326497 ], [ -86.669658731915831, 39.492798893545284 ], [ -86.668706554965453, 39.492482677211086 ], [ -86.666717592455555, 39.49147457598874 ], [ -86.665611524864531, 39.491013878109186 ], [ -86.663115801178819, 39.489434064385314 ], [ -86.66049594104328, 39.488005677851646 ], [ -86.65664915809343, 39.485195864972482 ], [ -86.654913202522692, 39.484291072590906 ], [ -86.654144365727959, 39.484024722675315 ], [ -86.652141713673572, 39.482679074625246 ], [ -86.650585113545745, 39.482132161050508 ], [ -86.649091017717808, 39.481885590919461 ], [ -86.644487137138285, 39.481823698173095 ], [ -86.64076094124583, 39.481472433150138 ], [ -86.639165881405191, 39.481202634025472 ], [ -86.637047802967501, 39.480564934225917 ], [ -86.635225257917384, 39.480153737313323 ], [ -86.632013477086332, 39.479781187175874 ], [ -86.630305269944785, 39.479728473301314 ], [ -86.628119482222687, 39.479771085204455 ], [ -86.623868062234081, 39.480472773407882 ], [ -86.622026083605647, 39.48110644149412 ], [ -86.618565561493696, 39.482513446990865 ], [ -86.617371652232606, 39.483102082080748 ], [ -86.616328068526073, 39.483873867650814 ], [ -86.61649038748611, 39.484549603633589 ], [ -86.616718628217072, 39.484990113253517 ], [ -86.618343491757798, 39.486618061357341 ], [ -86.618698721549137, 39.487220627796077 ], [ -86.618966652936138, 39.488826698869772 ], [ -86.618617397455409, 39.489647016826048 ], [ -86.617711800511387, 39.491283003888555 ], [ -86.617496525875282, 39.492192374619719 ], [ -86.617643518929157, 39.492913174400506 ], [ -86.618082644078143, 39.494011719087581 ], [ -86.618954110960019, 39.495028670808288 ], [ -86.619731757933792, 39.49540058169984 ], [ -86.620876845579303, 39.495516810601202 ], [ -86.625117764720542, 39.494937186042257 ], [ -86.626854063965297, 39.494502897667829 ], [ -86.629386913667375, 39.493555268937811 ], [ -86.631771939134424, 39.492793188322402 ], [ -86.63343105496871, 39.492085571306859 ], [ -86.635388114727675, 39.491380888017325 ], [ -86.637420572493994, 39.490851438725294 ], [ -86.640144516970892, 39.490491714890048 ], [ -86.640870531290687, 39.490460210468363 ], [ -86.642992969190516, 39.490593571934092 ], [ -86.644495388867028, 39.490924550364028 ], [ -86.648266319184259, 39.493006686075859 ], [ -86.654148661194967, 39.496605472391217 ], [ -86.655840579422218, 39.497527279720948 ], [ -86.657341357055842, 39.498235055414852 ], [ -86.659246087153477, 39.499309020039249 ], [ -86.659975777456907, 39.499797907171406 ], [ -86.660997259368671, 39.500736274328538 ], [ -86.662478652662685, 39.502254253689038 ], [ -86.663244591456433, 39.503227282738372 ], [ -86.664320984974395, 39.50530337222466 ], [ -86.665020940795671, 39.507159244273566 ], [ -86.665087520601119, 39.507959816219305 ], [ -86.665465818049299, 39.509116787142574 ], [ -86.665693299576233, 39.510746113955797 ], [ -86.666105105131976, 39.512689053871007 ], [ -86.665982237543858, 39.51529737735742 ], [ -86.665693523303659, 39.516797986008257 ], [ -86.665383174332561, 39.519836893214688 ], [ -86.665065807996086, 39.52114506276564 ], [ -86.664910632898625, 39.521444549621876 ], [ -86.6646714009037, 39.521608036851752 ], [ -86.663138054365348, 39.521895170628881 ], [ -86.662703661558794, 39.52187609368017 ], [ -86.662326297966231, 39.521727342822473 ], [ -86.660244466120872, 39.520245256014725 ], [ -86.656811350257286, 39.518377162007823 ], [ -86.654407224095465, 39.517504013541121 ], [ -86.650947449250438, 39.516874461402303 ], [ -86.650190076101012, 39.516668456121693 ], [ -86.644849674220666, 39.514154904744125 ], [ -86.641375849012107, 39.511962702063499 ], [ -86.638971455805049, 39.511481952611724 ], [ -86.637468035611064, 39.51144616626113 ], [ -86.635992455661381, 39.511705613628969 ], [ -86.633430694208286, 39.512310876870949 ], [ -86.629118913875615, 39.513511507752753 ], [ -86.627982688425064, 39.513999456471304 ], [ -86.626766707879355, 39.514706539702182 ], [ -86.625420116157485, 39.516205014884136 ], [ -86.625193428707121, 39.516804888495123 ], [ -86.626787835737943, 39.518224902529852 ], [ -86.627733298226389, 39.518738080504221 ], [ -86.629353912884724, 39.519451671760898 ], [ -86.630256091377674, 39.520031588815101 ], [ -86.630794155339117, 39.520619356226526 ], [ -86.631458452057359, 39.521167863384626 ], [ -86.631893923073164, 39.521744488619476 ], [ -86.632654741520085, 39.522434191819045 ], [ -86.63383455258203, 39.523117950711168 ], [ -86.634256460594727, 39.523212755706012 ], [ -86.635441575253694, 39.523204110416728 ], [ -86.639622791929995, 39.522541165341195 ], [ -86.640190795115259, 39.522388840496774 ], [ -86.640487064265201, 39.522038288539207 ], [ -86.640171498091803, 39.521345465156841 ], [ -86.63966066052609, 39.520684995301629 ], [ -86.639497611526323, 39.519670034576819 ], [ -86.639694999933667, 39.519191235654731 ], [ -86.639892814816619, 39.518983255997284 ], [ -86.640192462079341, 39.518891565588042 ], [ -86.640971539966273, 39.518832666676396 ], [ -86.641238361239274, 39.518909047197681 ], [ -86.641859454424093, 39.519277594812436 ], [ -86.642644232515082, 39.520256399348987 ], [ -86.642798746314227, 39.521642413919714 ], [ -86.643258042414757, 39.522692057836508 ], [ -86.643695022575557, 39.52423401342832 ], [ -86.643939101939381, 39.52544583950597 ], [ -86.644095628646042, 39.526989644814854 ], [ -86.644365366004308, 39.527763849226517 ], [ -86.644302679012583, 39.528312842270324 ], [ -86.6440180539458, 39.528847948198738 ], [ -86.643775170144863, 39.52905550175619 ], [ -86.643471643674602, 39.529163418101994 ], [ -86.639796503359662, 39.529818325633961 ], [ -86.637792830316812, 39.530318270826093 ], [ -86.6354002466271, 39.530492412175974 ], [ -86.634673131192272, 39.530762578858841 ], [ -86.634234007416239, 39.531069988643964 ], [ -86.633821599611551, 39.531752568976351 ], [ -86.634193884153319, 39.532351188376317 ], [ -86.634462498712978, 39.532464804230408 ], [ -86.635402763098142, 39.53244034094282 ], [ -86.635859677480667, 39.532529809309182 ], [ -86.636432451777878, 39.53298044918558 ], [ -86.636627893217764, 39.533434927037085 ], [ -86.636610958848934, 39.53446562773869 ], [ -86.636167407974142, 39.536084113141953 ], [ -86.635697148367314, 39.537013531981266 ], [ -86.635122408487817, 39.537484148293927 ], [ -86.634451824452142, 39.537781422944732 ], [ -86.633442233002938, 39.538070145535826 ], [ -86.630913345905967, 39.538614422920581 ], [ -86.629900403641585, 39.538649072322578 ], [ -86.626674650967701, 39.53828083876607 ], [ -86.625525899145174, 39.538079110280137 ], [ -86.624527188845832, 39.537731813253608 ], [ -86.622585029854065, 39.537221440894982 ], [ -86.620645554383771, 39.53628209791637 ], [ -86.619590476044962, 39.535418442013771 ], [ -86.618937380635273, 39.534210248901367 ], [ -86.618644633042848, 39.533406369444897 ], [ -86.61862278178512, 39.531851260679439 ], [ -86.618462765998842, 39.530431147472811 ], [ -86.617172995530098, 39.528360257630879 ], [ -86.615763546809063, 39.524591634500581 ], [ -86.614637160584167, 39.522731295875651 ], [ -86.614286104840318, 39.521975660210494 ], [ -86.613747981021191, 39.521288191835687 ], [ -86.61278231402045, 39.520590365492701 ], [ -86.61109495480504, 39.519791835959829 ], [ -86.610056268657601, 39.51946285095687 ], [ -86.608170475538714, 39.519120031594433 ], [ -86.607255673057608, 39.51905540648098 ], [ -86.60615842629511, 39.519292004733963 ], [ -86.605486016266468, 39.519619240954867 ], [ -86.603835530241369, 39.521702897322307 ], [ -86.603482532902859, 39.52248886150543 ], [ -86.602521974419574, 39.525317200983928 ], [ -86.602250275212086, 39.526593998314127 ], [ -86.601323607202488, 39.528068076009056 ], [ -86.600622700922415, 39.528655370948506 ], [ -86.599373124323918, 39.529263240511163 ], [ -86.598688725692696, 39.529481956746814 ], [ -86.597660447163321, 39.529520520033287 ], [ -86.596666353353712, 39.529108344714899 ], [ -86.596218530421311, 39.528772654825502 ], [ -86.594090014663465, 39.526594433460595 ], [ -86.593063235801679, 39.525009115660922 ], [ -86.592880610682855, 39.523410044156606 ], [ -86.592595148432679, 39.522255631338609 ], [ -86.592029676365797, 39.521439469960903 ], [ -86.591128829927371, 39.519820124978679 ], [ -86.590772710858857, 39.518999014006397 ], [ -86.590226231349874, 39.518201331418183 ], [ -86.589985417012514, 39.517678507153256 ], [ -86.589337876909767, 39.516836933091795 ], [ -86.588127667591181, 39.514779186762524 ], [ -86.586913205438321, 39.512998566587363 ], [ -86.58621772675184, 39.511405539725764 ], [ -86.585918123366866, 39.510282142562168 ], [ -86.585706264283971, 39.508620890184069 ], [ -86.584874689870588, 39.50755782594544 ], [ -86.582222468937459, 39.50578457669468 ], [ -86.579870847808024, 39.504515393012078 ], [ -86.577414035101697, 39.503507671265318 ], [ -86.574355755380083, 39.502073352562249 ], [ -86.568583264276882, 39.499535764071553 ], [ -86.566909502631887, 39.498715345194661 ], [ -86.56415090728774, 39.497653667119394 ], [ -86.562898613663378, 39.497082835906582 ], [ -86.561758445311668, 39.496729823668545 ], [ -86.560724829207118, 39.496222721723534 ], [ -86.558015301313233, 39.494246606550909 ], [ -86.556969317311413, 39.493156810730099 ], [ -86.556077156635382, 39.492805471337412 ], [ -86.555469790672063, 39.492727887627019 ], [ -86.554971959405421, 39.492767744424327 ], [ -86.554582282505947, 39.492852129059187 ], [ -86.554358387166189, 39.493020955827681 ], [ -86.552830643096172, 39.495645130105061 ], [ -86.551865707672476, 39.497835573569944 ], [ -86.551551141170663, 39.499076471351252 ], [ -86.551501743272652, 39.500698211037864 ], [ -86.551320061556197, 39.501593510484554 ], [ -86.55106110162437, 39.505281725185036 ], [ -86.551143491241589, 39.508185844776726 ], [ -86.552170974331233, 39.510230420916685 ], [ -86.552259816154319, 39.51069770946124 ], [ -86.552929226032987, 39.512314824019874 ], [ -86.554208384413769, 39.514289449301863 ], [ -86.554332376581428, 39.514886954524684 ], [ -86.554273848874843, 39.515628383021131 ], [ -86.554010761394764, 39.516356913997122 ], [ -86.553466869706185, 39.516800218951644 ], [ -86.552323421031872, 39.51707477116922 ], [ -86.550537013069928, 39.51683345204507 ], [ -86.550050679570035, 39.516711620259926 ], [ -86.549687445922629, 39.516532126673589 ], [ -86.548721685270067, 39.515573981237473 ], [ -86.547558262090163, 39.514681728204494 ], [ -86.546750522606914, 39.514285303971718 ], [ -86.544858873286927, 39.513103241040106 ], [ -86.543823131774246, 39.512602099844024 ], [ -86.542513869566264, 39.511788771208998 ], [ -86.54018334457173, 39.509914363002288 ], [ -86.536883207069536, 39.508202355494433 ], [ -86.535990357960443, 39.50792139784722 ], [ -86.53510597448431, 39.507782923392632 ], [ -86.533804390757552, 39.50766684882371 ], [ -86.532621440463885, 39.507703267423324 ], [ -86.530947014524941, 39.508015929543475 ], [ -86.529880632721245, 39.508355657146168 ], [ -86.529323750748603, 39.508655884970707 ], [ -86.528868641969865, 39.509046872744321 ], [ -86.528478842721967, 39.509681085630746 ], [ -86.528200725094777, 39.510663861399422 ], [ -86.528214058828581, 39.511030626870244 ], [ -86.529897683635696, 39.513844447692989 ], [ -86.530468726326973, 39.514605716202986 ], [ -86.531389558760509, 39.516341092772635 ], [ -86.532447213043923, 39.517453120727829 ], [ -86.532935087929829, 39.518542975776349 ], [ -86.533016473951434, 39.518991245052312 ], [ -86.532946914967297, 39.51921710018231 ], [ -86.532401789856451, 39.519891857265605 ], [ -86.531403198450747, 39.52075831744105 ], [ -86.530225063175024, 39.521422006649573 ], [ -86.52939218697604, 39.52172410797435 ], [ -86.528700541972796, 39.522132267159712 ], [ -86.527550597869137, 39.522635782776852 ], [ -86.525952130591719, 39.523178855669656 ], [ -86.523846914886121, 39.524207755985557 ], [ -86.522281057951048, 39.524836575251634 ], [ -86.519531439427382, 39.526236035815195 ], [ -86.518076663259578, 39.527064203078723 ], [ -86.516976315331789, 39.527812118210903 ], [ -86.516418443192222, 39.528338807454425 ], [ -86.515529975363933, 39.528998427645227 ], [ -86.514536892651279, 39.529981299919989 ], [ -86.514107625581005, 39.530481004952755 ], [ -86.513667958540495, 39.531298676781361 ], [ -86.512241049977547, 39.532726386326878 ], [ -86.511704343666693, 39.533441521190632 ], [ -86.509849310032266, 39.53674730468672 ], [ -86.508673598965416, 39.539625751729751 ], [ -86.507253117987446, 39.541559348066784 ], [ -86.506469272668852, 39.542790097593446 ], [ -86.505539006828101, 39.544830675192138 ], [ -86.504031950467052, 39.547009679236822 ], [ -86.502009920421685, 39.550513537383367 ], [ -86.500405388171401, 39.552627490030126 ], [ -86.499375240304374, 39.554302732672056 ], [ -86.498145293042469, 39.555660891059041 ], [ -86.497494965360687, 39.556569479597819 ], [ -86.496901566704537, 39.557149255420192 ], [ -86.496064150909817, 39.557621721209991 ], [ -86.494381350274139, 39.558083558229868 ], [ -86.493171801745518, 39.558219748991441 ], [ -86.491397210111401, 39.558601319026295 ], [ -86.488618048707323, 39.559003590538509 ], [ -86.484509158237287, 39.559464116115244 ], [ -86.479804537022062, 39.560336327636321 ], [ -86.476658128272589, 39.560736409763678 ], [ -86.473318464316023, 39.561359763215165 ], [ -86.470543400217139, 39.562057514216043 ], [ -86.468754746425276, 39.562631029751266 ], [ -86.465832348663838, 39.563826382500316 ], [ -86.464172177421275, 39.564750031275864 ], [ -86.462142595609819, 39.565851523450462 ], [ -86.46121488946298, 39.566553571500073 ], [ -86.459599606760918, 39.567418828984486 ], [ -86.456885449591141, 39.569367227290783 ], [ -86.45533634482392, 39.570222696519437 ], [ -86.454741792339348, 39.570484275215165 ], [ -86.45396084840921, 39.570669196897562 ], [ -86.452860185171289, 39.570732669332628 ], [ -86.452319751617026, 39.569848430501644 ], [ -86.452084373563821, 39.569106492633203 ], [ -86.452163140528796, 39.567468058439189 ], [ -86.451521629777318, 39.566585582546196 ], [ -86.45047149961718, 39.565792611807858 ], [ -86.448548393546858, 39.564765157807201 ], [ -86.446814833701694, 39.564401307367184 ], [ -86.445167299306831, 39.564278497007336 ], [ -86.443974798390485, 39.564639947217188 ], [ -86.443149154888999, 39.565133869093501 ], [ -86.442394287740029, 39.565813957790816 ], [ -86.441074157491954, 39.568210112044028 ], [ -86.440651684556627, 39.568792712444363 ], [ -86.440254212987938, 39.569188275011108 ], [ -86.439622060788849, 39.569510904583005 ], [ -86.438557478714941, 39.56972916900483 ], [ -86.437676116276805, 39.569800639972115 ], [ -86.435729890517408, 39.569738616304043 ], [ -86.434556572945297, 39.569625724830175 ], [ -86.433127830040235, 39.56906302064575 ], [ -86.432469687687714, 39.568957373824887 ], [ -86.431906871547085, 39.569267473657447 ], [ -86.431493623193617, 39.570276758962272 ], [ -86.430901860839072, 39.57074915957611 ], [ -86.430506908828974, 39.570942758281944 ], [ -86.429317794951544, 39.57113770968067 ], [ -86.426095084158845, 39.57058793505162 ], [ -86.424807468675752, 39.570657960936607 ], [ -86.423453570033885, 39.570948968494058 ], [ -86.422870540331147, 39.571255774909602 ], [ -86.422430404476913, 39.57169569802128 ], [ -86.422113766246113, 39.572511848485313 ], [ -86.421989251458342, 39.573402132413797 ], [ -86.422436457202977, 39.574298510802286 ], [ -86.423058838065813, 39.574703723883474 ], [ -86.424363664505222, 39.575186869786464 ], [ -86.426390299821918, 39.575608846443892 ], [ -86.428989544717822, 39.575975806666086 ], [ -86.432338071184262, 39.576220027848464 ], [ -86.436609259118313, 39.57625525825398 ], [ -86.441314688158812, 39.57688500226746 ], [ -86.442556585195575, 39.577192128324803 ], [ -86.443866221393904, 39.577657509169946 ], [ -86.445263450405022, 39.578329177899228 ], [ -86.447562239363634, 39.579625674872112 ], [ -86.450523471160309, 39.58066497239124 ], [ -86.452820636477455, 39.579071505850898 ], [ -86.454056977747129, 39.578398786912047 ], [ -86.455745571558467, 39.577630233537306 ], [ -86.457335036008885, 39.577062535922295 ], [ -86.458178574848617, 39.576612398174895 ], [ -86.458855791358431, 39.576513682329789 ], [ -86.4603428589933, 39.576843722715353 ], [ -86.461761522884586, 39.577441791694497 ], [ -86.463231087982663, 39.578244884515719 ], [ -86.465393422272257, 39.579717003492675 ], [ -86.466159723397354, 39.580115513613315 ], [ -86.466636206968971, 39.580529687793778 ], [ -86.466906358006653, 39.580914079501746 ], [ -86.467066364023964, 39.581845996625553 ], [ -86.466679572391172, 39.582800016058073 ], [ -86.466013843167843, 39.583670807677883 ], [ -86.464981617534278, 39.584527987733601 ], [ -86.464389939040487, 39.58516641142225 ], [ -86.463200564672235, 39.586997901945992 ], [ -86.462290176702538, 39.588018817816646 ], [ -86.461517622090312, 39.58871261212375 ], [ -86.458885686553089, 39.590403485161126 ], [ -86.456226896292279, 39.592536629508544 ], [ -86.454525582134011, 39.593625998901892 ], [ -86.4527380880902, 39.594395488526388 ], [ -86.450996938469558, 39.595320420560661 ], [ -86.449596330182644, 39.59578119023876 ], [ -86.449568670967366, 39.596026289495555 ], [ -86.449709854353557, 39.596186436973461 ], [ -86.451147040355522, 39.596951706313241 ], [ -86.451522365099819, 39.597308988368091 ], [ -86.451253183767662, 39.597745635787014 ], [ -86.450965665761217, 39.597961848679809 ], [ -86.449837723005487, 39.598398883700774 ], [ -86.448564515285554, 39.599013226817618 ], [ -86.447476540082477, 39.599364720218098 ], [ -86.446608441563029, 39.599769853232061 ], [ -86.446242572296057, 39.600023945346528 ], [ -86.445600794558629, 39.600704293429025 ], [ -86.445158541924016, 39.601454035207595 ], [ -86.44485133843753, 39.602708809560539 ], [ -86.444832320669519, 39.603871447280405 ], [ -86.445069583414465, 39.605857234780871 ], [ -86.445216205111592, 39.606117988623566 ], [ -86.444895410479333, 39.607084803445268 ], [ -86.444928286719431, 39.609316556912468 ], [ -86.444799707275521, 39.610246872776685 ], [ -86.444346321902799, 39.612301960528228 ], [ -86.443915410138857, 39.613369217221994 ], [ -86.443356861761401, 39.614243313618886 ], [ -86.442950530856365, 39.614684109001075 ], [ -86.442504324831248, 39.614957962958158 ], [ -86.441220813247199, 39.615426010868688 ], [ -86.440961255833372, 39.615101944008074 ], [ -86.439299987998169, 39.613954104611395 ], [ -86.438426297916166, 39.613601854716777 ], [ -86.438034812202829, 39.613549700351129 ], [ -86.437174576377117, 39.613559061544102 ], [ -86.435849554171256, 39.613692146277764 ], [ -86.433827512855459, 39.613616829179726 ], [ -86.433429362958648, 39.613546448501481 ], [ -86.432754783550394, 39.613316679682612 ], [ -86.431123940175496, 39.612394467915387 ], [ -86.430668234019265, 39.611601122978435 ], [ -86.429783229903762, 39.610499878462115 ], [ -86.42902501989893, 39.609984839460552 ], [ -86.428508924746637, 39.609784288341032 ], [ -86.42573305764472, 39.609205712908079 ], [ -86.424796813686768, 39.608949340156848 ], [ -86.423677223017521, 39.608554621420033 ], [ -86.418323634204597, 39.60570703174119 ], [ -86.417594419338556, 39.605247233439862 ], [ -86.416752109961976, 39.604555093752325 ], [ -86.415005775384074, 39.602854173893299 ], [ -86.414610869707616, 39.602438510610881 ], [ -86.414230504507373, 39.601897790070595 ], [ -86.413736177213579, 39.60140348757146 ], [ -86.413002634532845, 39.600991737418688 ], [ -86.411991308457957, 39.600706926663861 ], [ -86.411649658609846, 39.600472470994404 ], [ -86.411638718553874, 39.599982121797872 ], [ -86.411865987966053, 39.599300253790872 ], [ -86.412301619014485, 39.597216497098209 ], [ -86.412488916411519, 39.595804061427181 ], [ -86.412491855806323, 39.594551593496931 ], [ -86.412569962321527, 39.593823449747539 ], [ -86.412450801467742, 39.59342386103183 ], [ -86.411944337592274, 39.592698850243146 ], [ -86.411533126324088, 39.592250645370534 ], [ -86.411038212312931, 39.591880321917849 ], [ -86.410487246094775, 39.591642439818685 ], [ -86.410076512605528, 39.591687194642986 ], [ -86.409496150902143, 39.591947146114698 ], [ -86.409008788870764, 39.592307428492305 ], [ -86.408586178219991, 39.592945259697842 ], [ -86.408455972430872, 39.593260269840286 ], [ -86.408184267499891, 39.594690370433362 ], [ -86.407718873888768, 39.595247693602097 ], [ -86.407015252472448, 39.59571433020583 ], [ -86.406583062951114, 39.595884924942915 ], [ -86.405704638128796, 39.595978265989402 ], [ -86.405280728142728, 39.595895401306421 ], [ -86.404865101037501, 39.595635210756946 ], [ -86.404303414783243, 39.595085864296522 ], [ -86.40356132816278, 39.59414504133597 ], [ -86.402807399588085, 39.592924568912579 ], [ -86.402370442686959, 39.592415813011812 ], [ -86.401026472900824, 39.590415021255552 ], [ -86.400233266590718, 39.589566107775696 ], [ -86.398132998429929, 39.586827082525488 ], [ -86.397653461882541, 39.586328876972267 ] ] ] } },
{ "type": "Feature", "properties": { "fid_1": 1536, "aq_system": "Dissected Till and Residuum / Till Veneer / Unglaciated Southern Hills and Lowlands (southern IN only)", "aq_type": "residual, intertill, or basal fine-grained sand and gravel and/or weathered bedrock", "aq_thk_ft": "individual units, if present, are generally less than 3 (almost all of the wells started in these systems are completed in bedrock)", "yield_gpm": "generally less than 5; dry holes common", "more_info": "http://www.in.gov/dnr/water/4302.htm", "shape_Leng": 15191.8861562, "Shape_Le_1": 15191.8861562, "Shape_Area": 8715724.7107599992 }, "geometry": { "type": "Polygon", "coordinates": [ [ [ -86.355273387612613, 39.585056971151992 ], [ -86.355935283949904, 39.585897134718834 ], [ -86.357257535310822, 39.587114080652455 ], [ -86.359475282104526, 39.588468339167989 ], [ -86.360556485280711, 39.589563224851389 ], [ -86.361208082168687, 39.59006444066371 ], [ -86.362035259823713, 39.590504551967285 ], [ -86.362861977620298, 39.590738302881249 ], [ -86.363364038628177, 39.590758617712744 ], [ -86.366287717239771, 39.590168466413928 ], [ -86.367181808134589, 39.59016639132853 ], [ -86.367922045162331, 39.591310968573829 ], [ -86.368037465852055, 39.591641437717378 ], [ -86.36782252320107, 39.59178658189942 ], [ -86.367467196287947, 39.592359242534883 ], [ -86.367011783543845, 39.59269491667947 ], [ -86.3656560519116, 39.593345540486183 ], [ -86.365387630450087, 39.593555856285242 ], [ -86.364997738096164, 39.593748546623125 ], [ -86.362785655078923, 39.594735664754282 ], [ -86.362099020389905, 39.595370450928279 ], [ -86.361607123515029, 39.595730323078065 ], [ -86.36138287231438, 39.596004838267376 ], [ -86.361382345176992, 39.59712719569135 ], [ -86.360927383747295, 39.59920900071252 ], [ -86.360778099407341, 39.600827047393764 ], [ -86.360843324827826, 39.601560711830295 ], [ -86.361056032803077, 39.60215959914747 ], [ -86.361188808759067, 39.602826352870508 ], [ -86.361446163491081, 39.603417303464362 ], [ -86.361690651500595, 39.604529040129158 ], [ -86.361808445478715, 39.606551171296402 ], [ -86.36207998122606, 39.608153014976381 ], [ -86.362137652003412, 39.609017828202646 ], [ -86.362077202896288, 39.609427794096788 ], [ -86.361673589049403, 39.61047244308272 ], [ -86.36077048861344, 39.61220867261553 ], [ -86.360102940581911, 39.613293526673445 ], [ -86.35849728696617, 39.615686222166886 ], [ -86.356970164214275, 39.61760399461491 ], [ -86.356501532080287, 39.61844063084326 ], [ -86.356067732989473, 39.619644612934295 ], [ -86.355909766904787, 39.62029555583635 ], [ -86.355720187798795, 39.620697732942638 ], [ -86.355650631579479, 39.621075999021883 ], [ -86.355367519960893, 39.621732460310177 ], [ -86.354984718049465, 39.622349335708691 ], [ -86.354970819041242, 39.622785230987098 ], [ -86.354565556692222, 39.623130732834227 ], [ -86.352694107429187, 39.624188053684165 ], [ -86.351355402521406, 39.625289341007871 ], [ -86.350049241504237, 39.62595573891376 ], [ -86.348682602826344, 39.626841692189487 ], [ -86.347723191131024, 39.627100839913346 ], [ -86.347187488423017, 39.627111565080938 ], [ -86.346512023287573, 39.626941022264987 ], [ -86.34632445729217, 39.626775670051003 ], [ -86.346176098968598, 39.626365722759815 ], [ -86.345923367938482, 39.62603324454912 ], [ -86.345213832434411, 39.625715039295883 ], [ -86.344042620716266, 39.625469379329409 ], [ -86.342387342822107, 39.625237603120645 ], [ -86.340027926396502, 39.625291785512353 ], [ -86.338555613494307, 39.625214220052328 ], [ -86.337083229533604, 39.624985110671851 ], [ -86.335345042229591, 39.624312009997084 ], [ -86.333495524959986, 39.623740895086769 ], [ -86.331214873399958, 39.622575467506842 ], [ -86.329850718834166, 39.6219995191477 ], [ -86.328497997612374, 39.62102239417343 ], [ -86.326820502063654, 39.619547895819096 ], [ -86.326139900948149, 39.619098836844444 ], [ -86.323780829062557, 39.616551735870658 ], [ -86.322985622705218, 39.615474207867109 ], [ -86.322871271386603, 39.614110748611317 ], [ -86.323156710511512, 39.61385821285662 ], [ -86.323733933310663, 39.613706971315558 ], [ -86.324030525141595, 39.613708280219029 ], [ -86.324860382139846, 39.613992464236972 ], [ -86.325109807260901, 39.614005260107561 ], [ -86.325801091866438, 39.613608095336289 ], [ -86.326270830105827, 39.612632616692501 ], [ -86.326496095274237, 39.611921143178982 ], [ -86.326424084991586, 39.611455847906853 ], [ -86.326461160867566, 39.610494037695815 ], [ -86.3266597056585, 39.609952856378676 ], [ -86.326955262558911, 39.609680565042417 ], [ -86.32779379506583, 39.609310780724265 ], [ -86.328771337676798, 39.608644733093044 ], [ -86.330752024983695, 39.607086718902131 ], [ -86.331916111083174, 39.606069439484763 ], [ -86.333603684301281, 39.604154764895391 ], [ -86.334634713044949, 39.602859767890621 ], [ -86.33536503003873, 39.601781823540833 ], [ -86.33645021040698, 39.599974536400779 ], [ -86.337467952469282, 39.598043282833657 ], [ -86.338172166594219, 39.596927654600677 ], [ -86.338605022814733, 39.596404057417175 ], [ -86.339151153357477, 39.595202933100133 ], [ -86.339584902718698, 39.594509403397169 ], [ -86.339932408400088, 39.594095789588046 ], [ -86.341141265736525, 39.593231938075633 ], [ -86.341530127817336, 39.593140682841778 ], [ -86.342047802173227, 39.593218828142064 ], [ -86.342350908048104, 39.593375833431018 ], [ -86.342692703835553, 39.593687141441997 ], [ -86.342956917845456, 39.594308801008069 ], [ -86.343650785711588, 39.596707592859687 ], [ -86.344036084496182, 39.597217692109389 ], [ -86.34421908123754, 39.597673874092941 ], [ -86.344762185053554, 39.598351864950573 ], [ -86.346508332223706, 39.599927592876696 ], [ -86.348084668900469, 39.601004703869336 ], [ -86.349072079881239, 39.60150752365999 ], [ -86.349563250593192, 39.601675615420483 ], [ -86.350294130010525, 39.601739808930077 ], [ -86.351156661884914, 39.601168654518453 ], [ -86.351334275796106, 39.600876893025571 ], [ -86.351336605075218, 39.600154154378927 ], [ -86.351566446502702, 39.599614616501782 ], [ -86.351522889478119, 39.598988273475094 ], [ -86.351605491976827, 39.598342773023425 ], [ -86.351831267581446, 39.597135079367298 ], [ -86.352265582202591, 39.595721038197397 ], [ -86.352335384377596, 39.595008144842495 ], [ -86.353109805767772, 39.592655995501765 ], [ -86.353332222524628, 39.591634652212718 ], [ -86.353894950800495, 39.590417539658688 ], [ -86.35414629847989, 39.588962559920489 ], [ -86.354655463906383, 39.587747087935931 ], [ -86.355273387612613, 39.585056971151992 ] ] ] } },
{ "type": "Feature", "properties": { "fid_1": 1561, "aq_system": "Dissected Till and Residuum / Till Veneer / Unglaciated Southern Hills and Lowlands (southern IN only)", "aq_type": "residual, intertill, or basal fine-grained sand and gravel and/or weathered bedrock", "aq_thk_ft": "individual units, if present, are generally less than 3 (almost all of the wells started in these systems are completed in bedrock)", "yield_gpm": "generally less than 5; dry holes common", "more_info": "http://www.in.gov/dnr/water/4302.htm", "shape_Leng": 94150.629401400001, "Shape_Le_1": 43348.298484400002, "Shape_Area": 15534545.7941 }, "geometry": { "type": "MultiPolygon", "coordinates": [ [ [ [ -86.370112256394449, 39.612222097405038 ], [ -86.371522474730384, 39.61197880846094 ], [ -86.374959545553125, 39.612226048408111 ], [ -86.375432216886026, 39.612158978587601 ], [ -86.376025022204232, 39.61250040991029 ], [ -86.377676053538963, 39.612526415775157 ], [ -86.379752370032406, 39.61295402873241 ], [ -86.381414099175515, 39.613149346769283 ], [ -86.383155724568155, 39.613583424825428 ], [ -86.384029031425513, 39.613881897932885 ], [ -86.384816698069557, 39.614270816901815 ], [ -86.385457230103583, 39.615180874218112 ], [ -86.385520837795923, 39.615570411647568 ], [ -86.385419436223074, 39.616078959207186 ], [ -86.383607637591339, 39.619862210916253 ], [ -86.383499618840986, 39.621840861642383 ], [ -86.383794214102323, 39.623965162881817 ], [ -86.384228404102089, 39.625799408269529 ], [ -86.384534378236481, 39.62654042109358 ], [ -86.384581095387333, 39.628093229952171 ], [ -86.384913833621539, 39.629943701320883 ], [ -86.385204349990559, 39.630663138749433 ], [ -86.385212635516979, 39.63068479015292 ], [ -86.385212385650817, 39.630685373597728 ], [ -86.379710529083468, 39.630680765031308 ], [ -86.360847189629595, 39.631096599078688 ], [ -86.360852695075295, 39.631448029959024 ], [ -86.347878390636595, 39.631745340412621 ], [ -86.346659615478444, 39.631777123564937 ], [ -86.346660407206585, 39.63177644954483 ], [ -86.346866988429355, 39.631709189076041 ], [ -86.347125947341468, 39.631627469217065 ], [ -86.348558335659078, 39.630907621764706 ], [ -86.351191846591547, 39.630070502531034 ], [ -86.353151900454321, 39.629162628012111 ], [ -86.356323507670893, 39.627854266227459 ], [ -86.358962356941817, 39.626476476455466 ], [ -86.360124235530208, 39.625503898142028 ], [ -86.361391745767335, 39.624159571209404 ], [ -86.363965869141921, 39.622309876979536 ], [ -86.365840073262873, 39.620746823148501 ], [ -86.367790189643657, 39.618719788125723 ], [ -86.369719120379528, 39.616388160919314 ], [ -86.370210033478642, 39.615626213813414 ], [ -86.370428850510478, 39.615005378311693 ], [ -86.370356404150172, 39.614306344141575 ], [ -86.370065588343635, 39.613522633860448 ], [ -86.369469545700753, 39.612630685550123 ], [ -86.369572677303779, 39.61244057549672 ], [ -86.370112256394449, 39.612222097405038 ] ] ], [ [ [ -86.331549527967098, 39.630485116415159 ], [ -86.334485437743695, 39.630385036530136 ], [ -86.337693356390787, 39.630605216746368 ], [ -86.338462927399988, 39.630735658177514 ], [ -86.339050146580334, 39.6308846310151 ], [ -86.341384909807815, 39.631877014790327 ], [ -86.341385905824495, 39.631877659265172 ], [ -86.326356653311834, 39.632127102215648 ], [ -86.322852693495378, 39.632217024077306 ], [ -86.322852681616013, 39.632216330218249 ], [ -86.32332606754801, 39.631951810276895 ], [ -86.324149000171957, 39.631652574268955 ], [ -86.326955578848597, 39.631057543003493 ], [ -86.328787536842924, 39.630791717860824 ], [ -86.330061021265905, 39.630723527204061 ], [ -86.331549527967098, 39.630485116415159 ] ] ], [ [ [ -86.285961139534606, 39.632721179500763 ], [ -86.287178114294889, 39.632252129000356 ], [ -86.287995674351194, 39.632280970606431 ], [ -86.288599772300913, 39.632405874890082 ], [ -86.290281586134014, 39.632909959907941 ], [ -86.290283646159494, 39.632910662678817 ], [ -86.288085934366421, 39.632948554876016 ], [ -86.285534416067307, 39.632988868370504 ], [ -86.285535216277509, 39.632988108322685 ], [ -86.285961139534606, 39.632721179500763 ] ] ], [ [ [ -86.28204093830503, 39.619879095552434 ], [ -86.28189516191874, 39.618195487472335 ], [ -86.28170528370876, 39.617693160023144 ], [ -86.281295358382181, 39.617272649385903 ], [ -86.280626211659921, 39.616849762045106 ], [ -86.277597573457271, 39.615533132701756 ], [ -86.277157569483165, 39.615142881385751 ], [ -86.277020664389724, 39.614693607415433 ], [ -86.277243156508248, 39.613973827077956 ], [ -86.278082924732516, 39.612912597411601 ], [ -86.278471269521191, 39.612085017066711 ], [ -86.279784501007654, 39.609798415430362 ], [ -86.280339625466368, 39.607972697907883 ], [ -86.280096974394681, 39.606224096778377 ], [ -86.279491910006143, 39.604642276145768 ], [ -86.279409806198842, 39.604019378875201 ], [ -86.2794412708149, 39.603239316661359 ], [ -86.278731818027197, 39.600569480494009 ], [ -86.27844662393376, 39.600029167375915 ], [ -86.277761164185009, 39.599184102361455 ], [ -86.277262190713472, 39.598965091388834 ], [ -86.27680347562972, 39.598909965670082 ], [ -86.276469456457193, 39.598999428882138 ], [ -86.275981750751896, 39.59926211597358 ], [ -86.274446222759067, 39.600585805901154 ], [ -86.27366375488819, 39.601030751943789 ], [ -86.272940746995801, 39.601628286325692 ], [ -86.271767401101059, 39.602909112125268 ], [ -86.269939875291485, 39.604406785872641 ], [ -86.26895095766659, 39.605347897563661 ], [ -86.268413222544666, 39.605676163076126 ], [ -86.268032313743078, 39.605770548710836 ], [ -86.267692073697305, 39.605757574289299 ], [ -86.26788538437809, 39.604886435468018 ], [ -86.26864374288391, 39.60393851877663 ], [ -86.270868036775397, 39.601947709270398 ], [ -86.27222055768982, 39.6004835237853 ], [ -86.27307526481566, 39.599689882629924 ], [ -86.27458085155763, 39.598480893207025 ], [ -86.275022567682299, 39.598026066160401 ], [ -86.276082310387963, 39.597285786263711 ], [ -86.27655162885803, 39.59679898010684 ], [ -86.277660578468371, 39.595943871881126 ], [ -86.278830970175363, 39.594410793013608 ], [ -86.279064086636311, 39.593727734418209 ], [ -86.279331465545866, 39.593322997929008 ], [ -86.280195593367608, 39.592312364440744 ], [ -86.283026266614314, 39.590114791168581 ], [ -86.283431103556936, 39.589904410069941 ], [ -86.283676327579556, 39.59043584440743 ], [ -86.283844979375118, 39.591764816595663 ], [ -86.283720502220447, 39.592158004162364 ], [ -86.282940218158501, 39.593182959160629 ], [ -86.282037857526916, 39.594937704128178 ], [ -86.281881705004679, 39.595768552792265 ], [ -86.281987043615217, 39.596407568968537 ], [ -86.282235537029791, 39.596923818419711 ], [ -86.282603893389563, 39.597480332912831 ], [ -86.283544697138481, 39.59828375999605 ], [ -86.285134797530532, 39.599269471842462 ], [ -86.286538338315907, 39.599809809881798 ], [ -86.286970109730746, 39.600085159666733 ], [ -86.287712718023769, 39.600801916124361 ], [ -86.289117124534485, 39.60251874531528 ], [ -86.29043320145324, 39.604337775637489 ], [ -86.291107411781212, 39.604873281119637 ], [ -86.291971372864367, 39.605159849647748 ], [ -86.295110631052182, 39.605346052831727 ], [ -86.297471133844169, 39.605331095556529 ], [ -86.298868774507412, 39.605238134716224 ], [ -86.299906794280076, 39.604763278041361 ], [ -86.300833203506642, 39.604071051903432 ], [ -86.30112275861633, 39.603464992987455 ], [ -86.30112575192183, 39.60322272239533 ], [ -86.300930189763605, 39.602982328889105 ], [ -86.300294926365908, 39.602581300450694 ], [ -86.298879153738511, 39.602130863805201 ], [ -86.297651130005619, 39.601613009117877 ], [ -86.296706362867255, 39.60144051175854 ], [ -86.294820763461004, 39.601323575660849 ], [ -86.293290049678646, 39.600923365258659 ], [ -86.292842931186129, 39.600698450012302 ], [ -86.29248343632095, 39.600403488119127 ], [ -86.292242266919374, 39.6001469927823 ], [ -86.291860317346888, 39.599429744482386 ], [ -86.291202685085665, 39.598498452411718 ], [ -86.290595438102443, 39.597075809091706 ], [ -86.289417093535278, 39.595013547388007 ], [ -86.288836882672555, 39.593744898789637 ], [ -86.288351458812031, 39.593032010230019 ], [ -86.287398425354496, 39.592127259748906 ], [ -86.287059497402353, 39.59164066224475 ], [ -86.286980744069226, 39.591354989284 ], [ -86.287020437146069, 39.590754958975261 ], [ -86.287345467563981, 39.5902375348048 ], [ -86.288083899025466, 39.589978495519432 ], [ -86.288621914317034, 39.589957885403606 ], [ -86.289467177509962, 39.590162882524439 ], [ -86.29075514995391, 39.590247170519071 ], [ -86.291749017221477, 39.590630020518574 ], [ -86.292362492875441, 39.590685163003194 ], [ -86.293582036007862, 39.590435374558282 ], [ -86.29442592272126, 39.590065504568571 ], [ -86.295126374099567, 39.590002203731132 ], [ -86.295360238068582, 39.590109315849695 ], [ -86.297298684362318, 39.592095596182979 ], [ -86.297919073261099, 39.592365999353923 ], [ -86.300172257201183, 39.592554756110566 ], [ -86.302193276497462, 39.592470013322043 ], [ -86.303163841320128, 39.592389118340641 ], [ -86.30459546032057, 39.592114937265798 ], [ -86.306597671839327, 39.591964581355079 ], [ -86.307024722906888, 39.592042306612448 ], [ -86.307764103690161, 39.592406585819383 ], [ -86.308306930673425, 39.592961872257369 ], [ -86.308693547133728, 39.593569339014849 ], [ -86.308769735471444, 39.594005363335889 ], [ -86.308677475042742, 39.594826045630981 ], [ -86.308879875035927, 39.595812317927731 ], [ -86.309647889669364, 39.597807580285135 ], [ -86.309791757399069, 39.598708262584175 ], [ -86.310037583746237, 39.599306939068342 ], [ -86.310557730769347, 39.599999488765384 ], [ -86.311133528936296, 39.600483830729161 ], [ -86.31402300555537, 39.603754270014562 ], [ -86.314850419270911, 39.605065615605952 ], [ -86.315827376062529, 39.607373188524498 ], [ -86.316148912707675, 39.608650928964465 ], [ -86.316257570765458, 39.6099846318657 ], [ -86.31581769389409, 39.611585231007837 ], [ -86.31517686462476, 39.611566556853461 ], [ -86.314445996855952, 39.611375412717031 ], [ -86.314014595682778, 39.611348361906558 ], [ -86.313203402749721, 39.611462710535598 ], [ -86.311839088981799, 39.611897526140275 ], [ -86.309701233347909, 39.611930771392949 ], [ -86.30939650480029, 39.612083118219914 ], [ -86.308807400678347, 39.612790326143333 ], [ -86.308872240731773, 39.6133835154263 ], [ -86.309342888156024, 39.614561007081512 ], [ -86.309847266437671, 39.615356987407033 ], [ -86.310275016512165, 39.615818567142917 ], [ -86.311470491121597, 39.616821736506466 ], [ -86.313023855786582, 39.617850145153447 ], [ -86.314171242303999, 39.618960201947466 ], [ -86.315645008108874, 39.619811117565519 ], [ -86.316620695083557, 39.620484527767786 ], [ -86.318043635031728, 39.621893990425015 ], [ -86.319205276462313, 39.623223750288432 ], [ -86.319372599014741, 39.623613024689639 ], [ -86.319427350713383, 39.62456855104287 ], [ -86.319338808177861, 39.625034827199968 ], [ -86.318875766244375, 39.6260701228614 ], [ -86.318614907448577, 39.627240436498845 ], [ -86.318807442473712, 39.628432349333004 ], [ -86.319210438527037, 39.62993648614075 ], [ -86.319529109383055, 39.630810230078943 ], [ -86.320278513177954, 39.631795625564273 ], [ -86.320932090315722, 39.6322655729914 ], [ -86.320932772370938, 39.632266250044722 ], [ -86.307177994766505, 39.632617986604195 ], [ -86.299804750037453, 39.632746022956248 ], [ -86.299804706026009, 39.632745302772136 ], [ -86.2997861047008, 39.632433122498455 ], [ -86.298573390330475, 39.630400431692628 ], [ -86.296839789384137, 39.62916469450343 ], [ -86.295152265673423, 39.627749611350815 ], [ -86.294254861752322, 39.626796986837832 ], [ -86.293090755545549, 39.625965068511043 ], [ -86.292250745873901, 39.624890483192765 ], [ -86.291925429076784, 39.624132450925856 ], [ -86.291970939792691, 39.623521553444114 ], [ -86.292065904580625, 39.6232977596149 ], [ -86.29262969603306, 39.622553861350816 ], [ -86.293092332572314, 39.622194235194598 ], [ -86.293539384987795, 39.621972191002207 ], [ -86.295276219444204, 39.621427379037193 ], [ -86.296495325443658, 39.621189765463726 ], [ -86.297259792913465, 39.620700890246802 ], [ -86.298779823753549, 39.618357964593741 ], [ -86.299888541621229, 39.617206921785375 ], [ -86.300653679333777, 39.615596569426295 ], [ -86.300653837928991, 39.615062413342265 ], [ -86.300488552001624, 39.61467441068752 ], [ -86.299704973076516, 39.614220463774799 ], [ -86.298487395870396, 39.613694664900684 ], [ -86.295898845985974, 39.612918823854137 ], [ -86.295289963215865, 39.612841474867182 ], [ -86.29446804612418, 39.612858028133026 ], [ -86.293750751578386, 39.613061974839141 ], [ -86.293317580237797, 39.613272741923701 ], [ -86.293044488247531, 39.613509987884974 ], [ -86.292472913919511, 39.614259815038544 ], [ -86.292324196524092, 39.615128596105244 ], [ -86.292372289317825, 39.615944107801567 ], [ -86.29292473102926, 39.618353357552969 ], [ -86.292951287895264, 39.618909591430523 ], [ -86.292863014771115, 39.619465159678761 ], [ -86.292176693281363, 39.619503411176666 ], [ -86.29055161352467, 39.619321748325689 ], [ -86.289325762668213, 39.619319960154911 ], [ -86.288631323759475, 39.619486812127249 ], [ -86.288314102768368, 39.619868417236113 ], [ -86.287672506617156, 39.622098782965359 ], [ -86.287648387756406, 39.62296059792255 ], [ -86.287468118536594, 39.623923780976497 ], [ -86.287097191297761, 39.624645242400341 ], [ -86.28650752741369, 39.626964934223238 ], [ -86.286699217418402, 39.627360006294168 ], [ -86.286917529775209, 39.627586164089628 ], [ -86.288292737745351, 39.62813001830304 ], [ -86.288689788530604, 39.62842032773456 ], [ -86.288331682785326, 39.628873066447014 ], [ -86.287261722039318, 39.629464906028979 ], [ -86.283512953792325, 39.630629780731233 ], [ -86.281973882145692, 39.631178891205394 ], [ -86.280186160802401, 39.632026034806188 ], [ -86.279037184819614, 39.632458244226314 ], [ -86.277923878687886, 39.633108017951812 ], [ -86.27792275773686, 39.633108797577727 ], [ -86.269688046184669, 39.633237981813281 ], [ -86.269688801439102, 39.63323719185874 ], [ -86.269732306759778, 39.633104705845362 ], [ -86.270408058064021, 39.632455087294339 ], [ -86.272143917526293, 39.631399024058481 ], [ -86.273264658792641, 39.630476928387758 ], [ -86.274251239952505, 39.62985941099565 ], [ -86.275660917962199, 39.628694330590633 ], [ -86.277600053028692, 39.626506580787684 ], [ -86.278436729978552, 39.625423923664307 ], [ -86.279025434419481, 39.624838231778774 ], [ -86.280495712000047, 39.622698845926713 ], [ -86.281360329045057, 39.621780775236275 ], [ -86.281962081495607, 39.621370027877155 ], [ -86.282033342024576, 39.621224660692029 ], [ -86.28204093830503, 39.619879095552434 ] ] ] ] } },
{ "type": "Feature", "properties": { "fid_1": 1574, "aq_system": "Dissected Till and Residuum / Till Veneer / Unglaciated Southern Hills and Lowlands (southern IN only)", "aq_type": "residual, intertill, or basal fine-grained sand and gravel and/or weathered bedrock", "aq_thk_ft": "individual units, if present, are generally less than 3 (almost all of the wells started in these systems are completed in bedrock)", "yield_gpm": "generally less than 5; dry holes common", "more_info": "http://www.in.gov/dnr/water/4302.htm", "shape_Leng": 104693.285218, "Shape_Le_1": 26106.650779899999, "Shape_Area": 11498900.270500001 }, "geometry": { "type": "MultiPolygon", "coordinates": [ [ [ [ -86.613287236021691, 39.600855197577879 ], [ -86.61310748048686, 39.60084558877945 ], [ -86.599520845613014, 39.600802821540917 ], [ -86.599521001714066, 39.600802008441356 ], [ -86.599506985334315, 39.600801962832747 ], [ -86.600036660290471, 39.600337272942838 ], [ -86.600841806042965, 39.599486472656899 ], [ -86.601712990086568, 39.598803035693656 ], [ -86.606440309026297, 39.595497703403204 ], [ -86.608321374682333, 39.594017146235167 ], [ -86.610224744411909, 39.592848030472034 ], [ -86.612403306932933, 39.591849880873269 ], [ -86.614280972725723, 39.590807064261291 ], [ -86.617273756331471, 39.588315987474573 ], [ -86.62024971237102, 39.586293587944674 ], [ -86.623339867752023, 39.584476167401661 ], [ -86.626372846798233, 39.582315644502231 ], [ -86.62828187259845, 39.581147930071914 ], [ -86.629636297539733, 39.580190490569642 ], [ -86.631738013456143, 39.578948367807456 ], [ -86.633356414109926, 39.577892702419184 ], [ -86.634711980623479, 39.577173947791451 ], [ -86.637890720915237, 39.575293322763173 ], [ -86.639604536235481, 39.574397994689342 ], [ -86.640603232776556, 39.574035997474333 ], [ -86.641759171891096, 39.573734579664709 ], [ -86.643440086548893, 39.573360956872179 ], [ -86.644563937578667, 39.573357084055637 ], [ -86.64551456363796, 39.573457659883793 ], [ -86.648575032299163, 39.574269515337583 ], [ -86.650084000973635, 39.575111049640803 ], [ -86.651230103671693, 39.57600722064641 ], [ -86.651833810070301, 39.576878159066069 ], [ -86.653075204506123, 39.579821795980173 ], [ -86.653377642811009, 39.581269029346515 ], [ -86.653515234805241, 39.583494034468963 ], [ -86.653205434258481, 39.58462624533999 ], [ -86.652482724081835, 39.586444166133916 ], [ -86.651536616067318, 39.587612080290313 ], [ -86.6504292746434, 39.589420164276156 ], [ -86.649667604316633, 39.590434112143662 ], [ -86.647820854140747, 39.592238916830084 ], [ -86.645958330648909, 39.593862054061923 ], [ -86.644646874325119, 39.595291281238673 ], [ -86.643491577743688, 39.596328768709768 ], [ -86.64084124786315, 39.598203946288571 ], [ -86.639223418185225, 39.599187833075526 ], [ -86.637386929663549, 39.600181753496138 ], [ -86.636131965676711, 39.601026014291101 ], [ -86.636131030693463, 39.60102684392308 ], [ -86.632081212551086, 39.60100633276511 ], [ -86.631829504911423, 39.600973999095771 ], [ -86.613287236021691, 39.600855197577879 ] ] ], [ [ [ -86.515690565850036, 39.592135710332357 ], [ -86.518434685362692, 39.591862259618942 ], [ -86.52254428864255, 39.591975926310617 ], [ -86.526863442045098, 39.592557084730061 ], [ -86.528175293169951, 39.592804563961799 ], [ -86.530791735656663, 39.593551514942966 ], [ -86.532644333283955, 39.5939524301482 ], [ -86.533984015284062, 39.594392817500797 ], [ -86.537034703315697, 39.595592768804508 ], [ -86.539560893245152, 39.597039051740985 ], [ -86.540743014051557, 39.598097687190169 ], [ -86.541776501214059, 39.598800267008357 ], [ -86.542636659552031, 39.599704982519754 ], [ -86.543126898491948, 39.600418970242288 ], [ -86.543547435642239, 39.600714389101171 ], [ -86.543547260482711, 39.600715166909076 ], [ -86.540716775036458, 39.600708135102202 ], [ -86.521990889575292, 39.600758750267048 ], [ -86.503193391996803, 39.600742968511852 ], [ -86.502862015437401, 39.600764077030092 ], [ -86.491523028771567, 39.600783942422403 ], [ -86.491523983533796, 39.600783191532756 ], [ -86.492071142543637, 39.600153329741239 ], [ -86.494640231735303, 39.598278680867359 ], [ -86.497247693135037, 39.596991265647482 ], [ -86.498820656538797, 39.596511513030606 ], [ -86.50157406533539, 39.595833002309782 ], [ -86.506382315235413, 39.594389973136757 ], [ -86.508178076396305, 39.593945786351654 ], [ -86.509256320898018, 39.593568279337859 ], [ -86.510733334771729, 39.593262279670263 ], [ -86.512059754442532, 39.592877516149898 ], [ -86.51407860272333, 39.592404055513526 ], [ -86.515690565850036, 39.592135710332357 ] ] ], [ [ [ -86.46549940811731, 39.615323599633868 ], [ -86.46571363594613, 39.61504921408924 ], [ -86.465715961756587, 39.615259024871619 ], [ -86.465709064081963, 39.615493261674821 ], [ -86.465902215762625, 39.629676388458932 ], [ -86.465926459018206, 39.630027901837629 ], [ -86.456073768806107, 39.630103825626833 ], [ -86.455750339487849, 39.630106581669203 ], [ -86.45575047128122, 39.630106120058166 ], [ -86.456112270624473, 39.629423015305271 ], [ -86.456421690541262, 39.628961373599886 ], [ -86.456693958271941, 39.62836161580779 ], [ -86.457042207549975, 39.627821329980307 ], [ -86.457323541764922, 39.627168677393975 ], [ -86.457649965536262, 39.626681223213083 ], [ -86.457972255007107, 39.626199930747482 ], [ -86.458193537007602, 39.625599932104642 ], [ -86.458312581514093, 39.625038865593837 ], [ -86.458467463280414, 39.624783411021937 ], [ -86.45879208249616, 39.624328729900867 ], [ -86.459141826667889, 39.623591384235688 ], [ -86.45960507947413, 39.62300236165801 ], [ -86.459900620863294, 39.622352453357728 ], [ -86.460055109052334, 39.622146257697359 ], [ -86.460262776862635, 39.621654572849629 ], [ -86.460516237398792, 39.6208946540456 ], [ -86.460847182210514, 39.62055473628552 ], [ -86.461219616333167, 39.620172197446337 ], [ -86.461452062819788, 39.619769302956016 ], [ -86.461823269581529, 39.619544403694483 ], [ -86.462321528200576, 39.619093523195197 ], [ -86.462671334517168, 39.618611309885594 ], [ -86.463006137099725, 39.618149766984537 ], [ -86.46328861225858, 39.61786533514325 ], [ -86.463392351895209, 39.617629342016613 ], [ -86.463777745023364, 39.617216759191415 ], [ -86.464110995777304, 39.616952802233683 ], [ -86.464415974725611, 39.616711238883582 ], [ -86.464759485899648, 39.616451318006405 ], [ -86.465184197897244, 39.615891653065503 ], [ -86.465334780122149, 39.615534457767289 ], [ -86.46549940811731, 39.615323599633868 ] ] ] ] } }
]
}
